[33mThe CJS build of Vite's Node API is deprecated. See https://vitejs.dev/guide/troubleshooting.html#vite-cjs-node-api-deprecated for more details.[39m

 RUN  v1.6.1 /Users/start/.codex/worktrees/091b/aheart-ui/packages/components

 ❯ src/select/__tests__/select-virtual.test.ts  (5 tests | 4 failed) 1868ms
   ❯ src/select/__tests__/select-virtual.test.ts > Select virtual integration > keeps the default full DOM path and explicitly windows the same options
     → expected 1000 to be less than 30
   ❯ src/select/__tests__/select-virtual.test.ts > Select virtual integration > renders an initially selected tail active item and handles Home/End
     → Unable to get .is-active[role="option"] within: <span class="aheart-select aheart-select--middle aheart-select--outlined is-open" virtual="true"><span class="aheart-select__selector" role="combobox" tabindex="0" aria-controls="aheart-select-v-0-listbox" aria-expanded="true" aria-haspopup="listbox"><!--v-if--><span class="aheart-select__selection"><!--v-if--><span class="aheart-select__value">Item 999</span></span>
<!--v-if-->
<!--v-if--><span class="aheart-select__suffix" aria-hidden="true"><span class="aheart-icon" style="--aheart-icon-size: 16px;" aria-hidden="true"><svg xmlns="http://www.w3.org/2000/svg" width="24" height="24" viewBox="0 0 24 24" fill="none" stroke="currentColor" stroke-width="2" stroke-linecap="round" stroke-linejoin="round" class="lucide lucide-chevron-down-icon lucide-chevron-down aheart-icon__svg" aria-hidden="true" focusable="false"><path d="m6 9 6 6 6-6"></path></svg></span></span></span>
<!--v-if-->
<teleport-stub to="body" disabled="true">
  <div id="aheart-select-v-0-listbox" class="aheart-select__popup aheart-floating--bottomLeft is-entered" style="position: fixed; left: 0px; top: 0px;" role="listbox">
    <div class="aheart-select__list">
      <div id="aheart-select-v-0-listbox-option-6e-75-6d-62-65-72-3a-30" class="aheart-select__option" role="option" aria-selected="false"><span class="aheart-select__option-content">Item 0</span>
        <!--v-if-->
      </div>
      <div id="aheart-select-v-0-listbox-option-6e-75-6d-62-65-72-3a-31" class="aheart-select__option" role="option" aria-selected="false"><span class="aheart-select__option-content">Item 1</span>
        <!--v-if-->
      </div>
      <div id="aheart-select-v-0-listbox-option-6e-75-6d-62-65-72-3a-32" class="aheart-select__option" role="option" aria-selected="false"><span class="aheart-select__option-content">Item 2</span>
        <!--v-if-->
      </div>
      <div id="aheart-select-v-0-listbox-option-6e-75-6d-62-65-72-3a-33" class="aheart-select__option" role="option" aria-selected="false"><span class="aheart-select__option-content">Item 3</span>
        <!--v-if-->
      </div>
      <div id="aheart-select-v-0-listbox-option-6e-75-6d-62-65-72-3a-34" class="aheart-select__option" role="option" aria-selected="false"><span class="aheart-select__option-content">Item 4</span>
        <!--v-if-->
      </div>
      <div id="aheart-select-v-0-listbox-option-6e-75-6d-62-65-72-3a-35" class="aheart-select__option" role="option" aria-selected="false"><span class="aheart-select__option-content">Item 5</span>
        <!--v-if-->
      </div>
      <div id="aheart-select-v-0-listbox-option-6e-75-6d-62-65-72-3a-36" class="aheart-select__option" role="option" aria-selected="false"><span class="aheart-select__option-content">Item 6</span>
        <!--v-if-->
      </div>
      <div id="aheart-select-v-0-listbox-option-6e-75-6d-62-65-72-3a-37" class="aheart-select__option" role="option" aria-selected="false"><span class="aheart-select__option-content">Item 7</span>
        <!--v-if-->
      </div>
      <div id="aheart-select-v-0-listbox-option-6e-75-6d-62-65-72-3a-38" class="aheart-select__option" role="option" aria-selected="false"><span class="aheart-select__option-content">Item 8</span>
        <!--v-if-->
      </div>
      <div id="aheart-select-v-0-listbox-option-6e-75-6d-62-65-72-3a-39" class="aheart-select__option" role="option" aria-selected="false"><span class="aheart-select__option-content">Item 9</span>
        <!--v-if-->
      </div>
      <div id="aheart-select-v-0-listbox-option-6e-75-6d-62-65-72-3a-31-30" class="aheart-select__option" role="option" aria-selected="false"><span class="aheart-select__option-content">Item 10</span>
        <!--v-if-->
      </div>
      <div id="aheart-select-v-0-listbox-option-6e-75-6d-62-65-72-3a-31-31" class="aheart-select__option" role="option" aria-selected="false"><span class="aheart-select__option-content">Item 11</span>
        <!--v-if-->
      </div>
      <div id="aheart-select-v-0-listbox-option-6e-75-6d-62-65-72-3a-31-32" class="aheart-select__option" role="option" aria-selected="false"><span class="aheart-select__option-content">Item 12</span>
        <!--v-if-->
      </div>
      <div id="aheart-select-v-0-listbox-option-6e-75-6d-62-65-72-3a-31-33" class="aheart-select__option" role="option" aria-selected="false"><span class="aheart-select__option-content">Item 13</span>
        <!--v-if-->
      </div>
      <div id="aheart-select-v-0-listbox-option-6e-75-6d-62-65-72-3a-31-34" class="aheart-select__option" role="option" aria-selected="false"><span class="aheart-select__option-content">Item 14</span>
        <!--v-if-->
      </div>
      <div id="aheart-select-v-0-listbox-option-6e-75-6d-62-65-72-3a-31-35" class="aheart-select__option" role="option" aria-selected="false"><span class="aheart-select__option-content">Item 15</span>
        <!--v-if-->
      </div>
      <div id="aheart-select-v-0-listbox-option-6e-75-6d-62-65-72-3a-31-36" class="aheart-select__option" role="option" aria-selected="false"><span class="aheart-select__option-content">Item 16</span>
        <!--v-if-->
      </div>
      <div id="aheart-select-v-0-listbox-option-6e-75-6d-62-65-72-3a-31-37" class="aheart-select__option is-disabled" role="option" aria-selected="false" aria-disabled="true"><span class="aheart-select__option-content">Item 17</span>
        <!--v-if-->
      </div>
      <div id="aheart-select-v-0-listbox-option-6e-75-6d-62-65-72-3a-31-38" class="aheart-select__option" role="option" aria-selected="false"><span class="aheart-select__option-content">Item 18</span>
        <!--v-if-->
      </div>
      <div id="aheart-select-v-0-listbox-option-6e-75-6d-62-65-72-3a-31-39" class="aheart-select__option" role="option" aria-selected="false"><span class="aheart-select__option-content">Item 19</span>
        <!--v-if-->
      </div>
      <div id="aheart-select-v-0-listbox-option-6e-75-6d-62-65-72-3a-32-30" class="aheart-select__option" role="option" aria-selected="false"><span class="aheart-select__option-content">Item 20</span>
        <!--v-if-->
      </div>
      <div id="aheart-select-v-0-listbox-option-6e-75-6d-62-65-72-3a-32-31" class="aheart-select__option" role="option" aria-selected="false"><span class="aheart-select__option-content">Item 21</span>
        <!--v-if-->
      </div>
      <div id="aheart-select-v-0-listbox-option-6e-75-6d-62-65-72-3a-32-32" class="aheart-select__option" role="option" aria-selected="false"><span class="aheart-select__option-content">Item 22</span>
        <!--v-if-->
      </div>
      <div id="aheart-select-v-0-listbox-option-6e-75-6d-62-65-72-3a-32-33" class="aheart-select__option" role="option" aria-selected="false"><span class="aheart-select__option-content">Item 23</span>
        <!--v-if-->
      </div>
      <div id="aheart-select-v-0-listbox-option-6e-75-6d-62-65-72-3a-32-34" class="aheart-select__option" role="option" aria-selected="false"><span class="aheart-select__option-content">Item 24</span>
        <!--v-if-->
      </div>
      <div id="aheart-select-v-0-listbox-option-6e-75-6d-62-65-72-3a-32-35" class="aheart-select__option" role="option" aria-selected="false"><span class="aheart-select__option-content">Item 25</span>
        <!--v-if-->
      </div>
      <div id="aheart-select-v-0-listbox-option-6e-75-6d-62-65-72-3a-32-36" class="aheart-select__option" role="option" aria-selected="false"><span class="aheart-select__option-content">Item 26</span>
        <!--v-if-->
      </div>
      <div id="aheart-select-v-0-listbox-option-6e-75-6d-62-65-72-3a-32-37" class="aheart-select__option" role="option" aria-selected="false"><span class="aheart-select__option-content">Item 27</span>
        <!--v-if-->
      </div>
      <div id="aheart-select-v-0-listbox-option-6e-75-6d-62-65-72-3a-32-38" class="aheart-select__option" role="option" aria-selected="false"><span class="aheart-select__option-content">Item 28</span>
        <!--v-if-->
      </div>
      <div id="aheart-select-v-0-listbox-option-6e-75-6d-62-65-72-3a-32-39" class="aheart-select__option" role="option" aria-selected="false"><span class="aheart-select__option-content">Item 29</span>
        <!--v-if-->
      </div>
      <div id="aheart-select-v-0-listbox-option-6e-75-6d-62-65-72-3a-33-30" class="aheart-select__option" role="option" aria-selected="false"><span class="aheart-select__option-content">Item 30</span>
        <!--v-if-->
      </div>
      <div id="aheart-select-v-0-listbox-option-6e-75-6d-62-65-72-3a-33-31" class="aheart-select__option" role="option" aria-selected="false"><span class="aheart-select__option-content">Item 31</span>
        <!--v-if-->
      </div>
      <div id="aheart-select-v-0-listbox-option-6e-75-6d-62-65-72-3a-33-32" class="aheart-select__option" role="option" aria-selected="false"><span class="aheart-select__option-content">Item 32</span>
        <!--v-if-->
      </div>
      <div id="aheart-select-v-0-listbox-option-6e-75-6d-62-65-72-3a-33-33" class="aheart-select__option" role="option" aria-selected="false"><span class="aheart-select__option-content">Item 33</span>
        <!--v-if-->
      </div>
      <div id="aheart-select-v-0-listbox-option-6e-75-6d-62-65-72-3a-33-34" class="aheart-select__option" role="option" aria-selected="false"><span class="aheart-select__option-content">Item 34</span>
        <!--v-if-->
      </div>
      <div id="aheart-select-v-0-listbox-option-6e-75-6d-62-65-72-3a-33-35" class="aheart-select__option" role="option" aria-selected="false"><span class="aheart-select__option-content">Item 35</span>
        <!--v-if-->
      </div>
      <div id="aheart-select-v-0-listbox-option-6e-75-6d-62-65-72-3a-33-36" class="aheart-select__option" role="option" aria-selected="false"><span class="aheart-select__option-content">Item 36</span>
        <!--v-if-->
      </div>
      <div id="aheart-select-v-0-listbox-option-6e-75-6d-62-65-72-3a-33-37" class="aheart-select__option" role="option" aria-selected="false"><span class="aheart-select__option-content">Item 37</span>
        <!--v-if-->
      </div>
      <div id="aheart-select-v-0-listbox-option-6e-75-6d-62-65-72-3a-33-38" class="aheart-select__option" role="option" aria-selected="false"><span class="aheart-select__option-content">Item 38</span>
        <!--v-if-->
      </div>
      <div id="aheart-select-v-0-listbox-option-6e-75-6d-62-65-72-3a-33-39" class="aheart-select__option" role="option" aria-selected="false"><span class="aheart-select__option-content">Item 39</span>
        <!--v-if-->
      </div>
      <div id="aheart-select-v-0-listbox-option-6e-75-6d-62-65-72-3a-34-30" class="aheart-select__option" role="option" aria-selected="false"><span class="aheart-select__option-content">Item 40</span>
        <!--v-if-->
      </div>
      <div id="aheart-select-v-0-listbox-option-6e-75-6d-62-65-72-3a-34-31" class="aheart-select__option" role="option" aria-selected="false"><span class="aheart-select__option-content">Item 41</span>
        <!--v-if-->
      </div>
      <div id="aheart-select-v-0-listbox-option-6e-75-6d-62-65-72-3a-34-32" class="aheart-select__option" role="option" aria-selected="false"><span class="aheart-select__option-content">Item 42</span>
        <!--v-if-->
      </div>
      <div id="aheart-select-v-0-listbox-option-6e-75-6d-62-65-72-3a-34-33" class="aheart-select__option" role="option" aria-selected="false"><span class="aheart-select__option-content">Item 43</span>
        <!--v-if-->
      </div>
      <div id="aheart-select-v-0-listbox-option-6e-75-6d-62-65-72-3a-34-34" class="aheart-select__option" role="option" aria-selected="false"><span class="aheart-select__option-content">Item 44</span>
        <!--v-if-->
      </div>
      <div id="aheart-select-v-0-listbox-option-6e-75-6d-62-65-72-3a-34-35" class="aheart-select__option" role="option" aria-selected="false"><span class="aheart-select__option-content">Item 45</span>
        <!--v-if-->
      </div>
      <div id="aheart-select-v-0-listbox-option-6e-75-6d-62-65-72-3a-34-36" class="aheart-select__option" role="option" aria-selected="false"><span class="aheart-select__option-content">Item 46</span>
        <!--v-if-->
      </div>
      <div id="aheart-select-v-0-listbox-option-6e-75-6d-62-65-72-3a-34-37" class="aheart-select__option" role="option" aria-selected="false"><span class="aheart-select__option-content">Item 47</span>
        <!--v-if-->
      </div>
      <div id="aheart-select-v-0-listbox-option-6e-75-6d-62-65-72-3a-34-38" class="aheart-select__option" role="option" aria-selected="false"><span class="aheart-select__option-content">Item 48</span>
        <!--v-if-->
      </div>
      <div id="aheart-select-v-0-listbox-option-6e-75-6d-62-65-72-3a-34-39" class="aheart-select__option" role="option" aria-selected="false"><span class="aheart-select__option-content">Item 49</span>
        <!--v-if-->
      </div>
      <div id="aheart-select-v-0-listbox-option-6e-75-6d-62-65-72-3a-35-30" class="aheart-select__option" role="option" aria-selected="false"><span class="aheart-select__option-content">Item 50</span>
        <!--v-if-->
      </div>
      <div id="aheart-select-v-0-listbox-option-6e-75-6d-62-65-72-3a-35-31" class="aheart-select__option" role="option" aria-selected="false"><span class="aheart-select__option-content">Item 51</span>
        <!--v-if-->
      </div>
      <div id="aheart-select-v-0-listbox-option-6e-75-6d-62-65-72-3a-35-32" class="aheart-select__option" role="option" aria-selected="false"><span class="aheart-select__option-content">Item 52</span>
        <!--v-if-->
      </div>
      <div id="aheart-select-v-0-listbox-option-6e-75-6d-62-65-72-3a-35-33" class="aheart-select__option" role="option" aria-selected="false"><span class="aheart-select__option-content">Item 53</span>
        <!--v-if-->
      </div>
      <div id="aheart-select-v-0-listbox-option-6e-75-6d-62-65-72-3a-35-34" class="aheart-select__option" role="option" aria-selected="false"><span class="aheart-select__option-content">Item 54</span>
        <!--v-if-->
      </div>
      <div id="aheart-select-v-0-listbox-option-6e-75-6d-62-65-72-3a-35-35" class="aheart-select__option" role="option" aria-selected="false"><span class="aheart-select__option-content">Item 55</span>
        <!--v-if-->
      </div>
      <div id="aheart-select-v-0-listbox-option-6e-75-6d-62-65-72-3a-35-36" class="aheart-select__option" role="option" aria-selected="false"><span class="aheart-select__option-content">Item 56</span>
        <!--v-if-->
      </div>
      <div id="aheart-select-v-0-listbox-option-6e-75-6d-62-65-72-3a-35-37" class="aheart-select__option" role="option" aria-selected="false"><span class="aheart-select__option-content">Item 57</span>
        <!--v-if-->
      </div>
      <div id="aheart-select-v-0-listbox-option-6e-75-6d-62-65-72-3a-35-38" class="aheart-select__option" role="option" aria-selected="false"><span class="aheart-select__option-content">Item 58</span>
        <!--v-if-->
      </div>
      <div id="aheart-select-v-0-listbox-option-6e-75-6d-62-65-72-3a-35-39" class="aheart-select__option" role="option" aria-selected="false"><span class="aheart-select__option-content">Item 59</span>
        <!--v-if-->
      </div>
      <div id="aheart-select-v-0-listbox-option-6e-75-6d-62-65-72-3a-36-30" class="aheart-select__option" role="option" aria-selected="false"><span class="aheart-select__option-content">Item 60</span>
        <!--v-if-->
      </div>
      <div id="aheart-select-v-0-listbox-option-6e-75-6d-62-65-72-3a-36-31" class="aheart-select__option" role="option" aria-selected="false"><span class="aheart-select__option-content">Item 61</span>
        <!--v-if-->
      </div>
      <div id="aheart-select-v-0-listbox-option-6e-75-6d-62-65-72-3a-36-32" class="aheart-select__option" role="option" aria-selected="false"><span class="aheart-select__option-content">Item 62</span>
        <!--v-if-->
      </div>
      <div id="aheart-select-v-0-listbox-option-6e-75-6d-62-65-72-3a-36-33" class="aheart-select__option" role="option" aria-selected="false"><span class="aheart-select__option-content">Item 63</span>
        <!--v-if-->
      </div>
      <div id="aheart-select-v-0-listbox-option-6e-75-6d-62-65-72-3a-36-34" class="aheart-select__option" role="option" aria-selected="false"><span class="aheart-select__option-content">Item 64</span>
        <!--v-if-->
      </div>
      <div id="aheart-select-v-0-listbox-option-6e-75-6d-62-65-72-3a-36-35" class="aheart-select__option" role="option" aria-selected="false"><span class="aheart-select__option-content">Item 65</span>
        <!--v-if-->
      </div>
      <div id="aheart-select-v-0-listbox-option-6e-75-6d-62-65-72-3a-36-36" class="aheart-select__option" role="option" aria-selected="false"><span class="aheart-select__option-content">Item 66</span>
        <!--v-if-->
      </div>
      <div id="aheart-select-v-0-listbox-option-6e-75-6d-62-65-72-3a-36-37" class="aheart-select__option" role="option" aria-selected="false"><span class="aheart-select__option-content">Item 67</span>
        <!--v-if-->
      </div>
      <div id="aheart-select-v-0-listbox-option-6e-75-6d-62-65-72-3a-36-38" class="aheart-select__option" role="option" aria-selected="false"><span class="aheart-select__option-content">Item 68</span>
        <!--v-if-->
      </div>
      <div id="aheart-select-v-0-listbox-option-6e-75-6d-62-65-72-3a-36-39" class="aheart-select__option" role="option" aria-selected="false"><span class="aheart-select__option-content">Item 69</span>
        <!--v-if-->
      </div>
      <div id="aheart-select-v-0-listbox-option-6e-75-6d-62-65-72-3a-37-30" class="aheart-select__option" role="option" aria-selected="false"><span class="aheart-select__option-content">Item 70</span>
        <!--v-if-->
      </div>
      <div id="aheart-select-v-0-listbox-option-6e-75-6d-62-65-72-3a-37-31" class="aheart-select__option" role="option" aria-selected="false"><span class="aheart-select__option-content">Item 71</span>
        <!--v-if-->
      </div>
      <div id="aheart-select-v-0-listbox-option-6e-75-6d-62-65-72-3a-37-32" class="aheart-select__option" role="option" aria-selected="false"><span class="aheart-select__option-content">Item 72</span>
        <!--v-if-->
      </div>
      <div id="aheart-select-v-0-listbox-option-6e-75-6d-62-65-72-3a-37-33" class="aheart-select__option" role="option" aria-selected="false"><span class="aheart-select__option-content">Item 73</span>
        <!--v-if-->
      </div>
      <div id="aheart-select-v-0-listbox-option-6e-75-6d-62-65-72-3a-37-34" class="aheart-select__option" role="option" aria-selected="false"><span class="aheart-select__option-content">Item 74</span>
        <!--v-if-->
      </div>
      <div id="aheart-select-v-0-listbox-option-6e-75-6d-62-65-72-3a-37-35" class="aheart-select__option" role="option" aria-selected="false"><span class="aheart-select__option-content">Item 75</span>
        <!--v-if-->
      </div>
      <div id="aheart-select-v-0-listbox-option-6e-75-6d-62-65-72-3a-37-36" class="aheart-select__option" role="option" aria-selected="false"><span class="aheart-select__option-content">Item 76</span>
        <!--v-if-->
      </div>
      <div id="aheart-select-v-0-listbox-option-6e-75-6d-62-65-72-3a-37-37" class="aheart-select__option" role="option" aria-selected="false"><span class="aheart-select__option-content">Item 77</span>
        <!--v-if-->
      </div>
      <div id="aheart-select-v-0-listbox-option-6e-75-6d-62-65-72-3a-37-38" class="aheart-select__option" role="option" aria-selected="false"><span class="aheart-select__option-content">Item 78</span>
        <!--v-if-->
      </div>
      <div id="aheart-select-v-0-listbox-option-6e-75-6d-62-65-72-3a-37-39" class="aheart-select__option" role="option" aria-selected="false"><span class="aheart-select__option-content">Item 79</span>
        <!--v-if-->
      </div>
      <div id="aheart-select-v-0-listbox-option-6e-75-6d-62-65-72-3a-38-30" class="aheart-select__option" role="option" aria-selected="false"><span class="aheart-select__option-content">Item 80</span>
        <!--v-if-->
      </div>
      <div id="aheart-select-v-0-listbox-option-6e-75-6d-62-65-72-3a-38-31" class="aheart-select__option" role="option" aria-selected="false"><span class="aheart-select__option-content">Item 81</span>
        <!--v-if-->
      </div>
      <div id="aheart-select-v-0-listbox-option-6e-75-6d-62-65-72-3a-38-32" class="aheart-select__option" role="option" aria-selected="false"><span class="aheart-select__option-content">Item 82</span>
        <!--v-if-->
      </div>
      <div id="aheart-select-v-0-listbox-option-6e-75-6d-62-65-72-3a-38-33" class="aheart-select__option" role="option" aria-selected="false"><span class="aheart-select__option-content">Item 83</span>
        <!--v-if-->
      </div>
      <div id="aheart-select-v-0-listbox-option-6e-75-6d-62-65-72-3a-38-34" class="aheart-select__option" role="option" aria-selected="false"><span class="aheart-select__option-content">Item 84</span>
        <!--v-if-->
      </div>
      <div id="aheart-select-v-0-listbox-option-6e-75-6d-62-65-72-3a-38-35" class="aheart-select__option" role="option" aria-selected="false"><span class="aheart-select__option-content">Item 85</span>
        <!--v-if-->
      </div>
      <div id="aheart-select-v-0-listbox-option-6e-75-6d-62-65-72-3a-38-36" class="aheart-select__option" role="option" aria-selected="false"><span class="aheart-select__option-content">Item 86</span>
        <!--v-if-->
      </div>
      <div id="aheart-select-v-0-listbox-option-6e-75-6d-62-65-72-3a-38-37" class="aheart-select__option" role="option" aria-selected="false"><span class="aheart-select__option-content">Item 87</span>
        <!--v-if-->
      </div>
      <div id="aheart-select-v-0-listbox-option-6e-75-6d-62-65-72-3a-38-38" class="aheart-select__option" role="option" aria-selected="false"><span class="aheart-select__option-content">Item 88</span>
        <!--v-if-->
      </div>
      <div id="aheart-select-v-0-listbox-option-6e-75-6d-62-65-72-3a-38-39" class="aheart-select__option" role="option" aria-selected="false"><span class="aheart-select__option-content">Item 89</span>
        <!--v-if-->
      </div>
      <div id="aheart-select-v-0-listbox-option-6e-75-6d-62-65-72-3a-39-30" class="aheart-select__option" role="option" aria-selected="false"><span class="aheart-select__option-content">Item 90</span>
        <!--v-if-->
      </div>
      <div id="aheart-select-v-0-listbox-option-6e-75-6d-62-65-72-3a-39-31" class="aheart-select__option" role="option" aria-selected="false"><span class="aheart-select__option-content">Item 91</span>
        <!--v-if-->
      </div>
      <div id="aheart-select-v-0-listbox-option-6e-75-6d-62-65-72-3a-39-32" class="aheart-select__option" role="option" aria-selected="false"><span class="aheart-select__option-content">Item 92</span>
        <!--v-if-->
      </div>
      <div id="aheart-select-v-0-listbox-option-6e-75-6d-62-65-72-3a-39-33" class="aheart-select__option" role="option" aria-selected="false"><span class="aheart-select__option-content">Item 93</span>
        <!--v-if-->
      </div>
      <div id="aheart-select-v-0-listbox-option-6e-75-6d-62-65-72-3a-39-34" class="aheart-select__option" role="option" aria-selected="false"><span class="aheart-select__option-content">Item 94</span>
        <!--v-if-->
      </div>
      <div id="aheart-select-v-0-listbox-option-6e-75-6d-62-65-72-3a-39-35" class="aheart-select__option" role="option" aria-selected="false"><span class="aheart-select__option-content">Item 95</span>
        <!--v-if-->
      </div>
      <div id="aheart-select-v-0-listbox-option-6e-75-6d-62-65-72-3a-39-36" class="aheart-select__option" role="option" aria-selected="false"><span class="aheart-select__option-content">Item 96</span>
        <!--v-if-->
      </div>
      <div id="aheart-select-v-0-listbox-option-6e-75-6d-62-65-72-3a-39-37" class="aheart-select__option" role="option" aria-selected="false"><span class="aheart-select__option-content">Item 97</span>
        <!--v-if-->
      </div>
      <div id="aheart-select-v-0-listbox-option-6e-75-6d-62-65-72-3a-39-38" class="aheart-select__option" role="option" aria-selected="false"><span class="aheart-select__option-content">Item 98</span>
        <!--v-if-->
      </div>
      <div id="aheart-select-v-0-listbox-option-6e-75-6d-62-65-72-3a-39-39" class="aheart-select__option" role="option" aria-selected="false"><span class="aheart-select__option-content">Item 99</span>
        <!--v-if-->
      </div>
      <div id="aheart-select-v-0-listbox-option-6e-75-6d-62-65-72-3a-31-30-30" class="aheart-select__option" role="option" aria-selected="false"><span class="aheart-select__option-content">Item 100</span>
        <!--v-if-->
      </div>
      <div id="aheart-select-v-0-listbox-option-6e-75-6d-62-65-72-3a-31-30-31" class="aheart-select__option" role="option" aria-selected="false"><span class="aheart-select__option-content">Item 101</span>
        <!--v-if-->
      </div>
      <div id="aheart-select-v-0-listbox-option-6e-75-6d-62-65-72-3a-31-30-32" class="aheart-select__option" role="option" aria-selected="false"><span class="aheart-select__option-content">Item 102</span>
        <!--v-if-->
      </div>
      <div id="aheart-select-v-0-listbox-option-6e-75-6d-62-65-72-3a-31-30-33" class="aheart-select__option" role="option" aria-selected="false"><span class="aheart-select__option-content">Item 103</span>
        <!--v-if-->
      </div>
      <div id="aheart-select-v-0-listbox-option-6e-75-6d-62-65-72-3a-31-30-34" class="aheart-select__option" role="option" aria-selected="false"><span class="aheart-select__option-content">Item 104</span>
        <!--v-if-->
      </div>
      <div id="aheart-select-v-0-listbox-option-6e-75-6d-62-65-72-3a-31-30-35" class="aheart-select__option" role="option" aria-selected="false"><span class="aheart-select__option-content">Item 105</span>
        <!--v-if-->
      </div>
      <div id="aheart-select-v-0-listbox-option-6e-75-6d-62-65-72-3a-31-30-36" class="aheart-select__option" role="option" aria-selected="false"><span class="aheart-select__option-content">Item 106</span>
        <!--v-if-->
      </div>
      <div id="aheart-select-v-0-listbox-option-6e-75-6d-62-65-72-3a-31-30-37" class="aheart-select__option" role="option" aria-selected="false"><span class="aheart-select__option-content">Item 107</span>
        <!--v-if-->
      </div>
      <div id="aheart-select-v-0-listbox-option-6e-75-6d-62-65-72-3a-31-30-38" class="aheart-select__option" role="option" aria-selected="false"><span class="aheart-select__option-content">Item 108</span>
        <!--v-if-->
      </div>
      <div id="aheart-select-v-0-listbox-option-6e-75-6d-62-65-72-3a-31-30-39" class="aheart-select__option" role="option" aria-selected="false"><span class="aheart-select__option-content">Item 109</span>
        <!--v-if-->
      </div>
      <div id="aheart-select-v-0-listbox-option-6e-75-6d-62-65-72-3a-31-31-30" class="aheart-select__option" role="option" aria-selected="false"><span class="aheart-select__option-content">Item 110</span>
        <!--v-if-->
      </div>
      <div id="aheart-select-v-0-listbox-option-6e-75-6d-62-65-72-3a-31-31-31" class="aheart-select__option" role="option" aria-selected="false"><span class="aheart-select__option-content">Item 111</span>
        <!--v-if-->
      </div>
      <div id="aheart-select-v-0-listbox-option-6e-75-6d-62-65-72-3a-31-31-32" class="aheart-select__option" role="option" aria-selected="false"><span class="aheart-select__option-content">Item 112</span>
        <!--v-if-->
      </div>
      <div id="aheart-select-v-0-listbox-option-6e-75-6d-62-65-72-3a-31-31-33" class="aheart-select__option" role="option" aria-selected="false"><span class="aheart-select__option-content">Item 113</span>
        <!--v-if-->
      </div>
      <div id="aheart-select-v-0-listbox-option-6e-75-6d-62-65-72-3a-31-31-34" class="aheart-select__option" role="option" aria-selected="false"><span class="aheart-select__option-content">Item 114</span>
        <!--v-if-->
      </div>
      <div id="aheart-select-v-0-listbox-option-6e-75-6d-62-65-72-3a-31-31-35" class="aheart-select__option" role="option" aria-selected="false"><span class="aheart-select__option-content">Item 115</span>
        <!--v-if-->
      </div>
      <div id="aheart-select-v-0-listbox-option-6e-75-6d-62-65-72-3a-31-31-36" class="aheart-select__option" role="option" aria-selected="false"><span class="aheart-select__option-content">Item 116</span>
        <!--v-if-->
      </div>
      <div id="aheart-select-v-0-listbox-option-6e-75-6d-62-65-72-3a-31-31-37" class="aheart-select__option" role="option" aria-selected="false"><span class="aheart-select__option-content">Item 117</span>
        <!--v-if-->
      </div>
      <div id="aheart-select-v-0-listbox-option-6e-75-6d-62-65-72-3a-31-31-38" class="aheart-select__option" role="option" aria-selected="false"><span class="aheart-select__option-content">Item 118</span>
        <!--v-if-->
      </div>
      <div id="aheart-select-v-0-listbox-option-6e-75-6d-62-65-72-3a-31-31-39" class="aheart-select__option" role="option" aria-selected="false"><span class="aheart-select__option-content">Item 119</span>
        <!--v-if-->
      </div>
      <div id="aheart-select-v-0-listbox-option-6e-75-6d-62-65-72-3a-31-32-30" class="aheart-select__option" role="option" aria-selected="false"><span class="aheart-select__option-content">Item 120</span>
        <!--v-if-->
      </div>
      <div id="aheart-select-v-0-listbox-option-6e-75-6d-62-65-72-3a-31-32-31" class="aheart-select__option" role="option" aria-selected="false"><span class="aheart-select__option-content">Item 121</span>
        <!--v-if-->
      </div>
      <div id="aheart-select-v-0-listbox-option-6e-75-6d-62-65-72-3a-31-32-32" class="aheart-select__option" role="option" aria-selected="false"><span class="aheart-select__option-content">Item 122</span>
        <!--v-if-->
      </div>
      <div id="aheart-select-v-0-listbox-option-6e-75-6d-62-65-72-3a-31-32-33" class="aheart-select__option" role="option" aria-selected="false"><span class="aheart-select__option-content">Item 123</span>
        <!--v-if-->
      </div>
      <div id="aheart-select-v-0-listbox-option-6e-75-6d-62-65-72-3a-31-32-34" class="aheart-select__option" role="option" aria-selected="false"><span class="aheart-select__option-content">Item 124</span>
        <!--v-if-->
      </div>
      <div id="aheart-select-v-0-listbox-option-6e-75-6d-62-65-72-3a-31-32-35" class="aheart-select__option" role="option" aria-selected="false"><span class="aheart-select__option-content">Item 125</span>
        <!--v-if-->
      </div>
      <div id="aheart-select-v-0-listbox-option-6e-75-6d-62-65-72-3a-31-32-36" class="aheart-select__option" role="option" aria-selected="false"><span class="aheart-select__option-content">Item 126</span>
        <!--v-if-->
      </div>
      <div id="aheart-select-v-0-listbox-option-6e-75-6d-62-65-72-3a-31-32-37" class="aheart-select__option" role="option" aria-selected="false"><span class="aheart-select__option-content">Item 127</span>
        <!--v-if-->
      </div>
      <div id="aheart-select-v-0-listbox-option-6e-75-6d-62-65-72-3a-31-32-38" class="aheart-select__option" role="option" aria-selected="false"><span class="aheart-select__option-content">Item 128</span>
        <!--v-if-->
      </div>
      <div id="aheart-select-v-0-listbox-option-6e-75-6d-62-65-72-3a-31-32-39" class="aheart-select__option" role="option" aria-selected="false"><span class="aheart-select__option-content">Item 129</span>
        <!--v-if-->
      </div>
      <div id="aheart-select-v-0-listbox-option-6e-75-6d-62-65-72-3a-31-33-30" class="aheart-select__option" role="option" aria-selected="false"><span class="aheart-select__option-content">Item 130</span>
        <!--v-if-->
      </div>
      <div id="aheart-select-v-0-listbox-option-6e-75-6d-62-65-72-3a-31-33-31" class="aheart-select__option" role="option" aria-selected="false"><span class="aheart-select__option-content">Item 131</span>
        <!--v-if-->
      </div>
      <div id="aheart-select-v-0-listbox-option-6e-75-6d-62-65-72-3a-31-33-32" class="aheart-select__option" role="option" aria-selected="false"><span class="aheart-select__option-content">Item 132</span>
        <!--v-if-->
      </div>
      <div id="aheart-select-v-0-listbox-option-6e-75-6d-62-65-72-3a-31-33-33" class="aheart-select__option" role="option" aria-selected="false"><span class="aheart-select__option-content">Item 133</span>
        <!--v-if-->
      </div>
      <div id="aheart-select-v-0-listbox-option-6e-75-6d-62-65-72-3a-31-33-34" class="aheart-select__option" role="option" aria-selected="false"><span class="aheart-select__option-content">Item 134</span>
        <!--v-if-->
      </div>
      <div id="aheart-select-v-0-listbox-option-6e-75-6d-62-65-72-3a-31-33-35" class="aheart-select__option" role="option" aria-selected="false"><span class="aheart-select__option-content">Item 135</span>
        <!--v-if-->
      </div>
      <div id="aheart-select-v-0-listbox-option-6e-75-6d-62-65-72-3a-31-33-36" class="aheart-select__option" role="option" aria-selected="false"><span class="aheart-select__option-content">Item 136</span>
        <!--v-if-->
      </div>
      <div id="aheart-select-v-0-listbox-option-6e-75-6d-62-65-72-3a-31-33-37" class="aheart-select__option" role="option" aria-selected="false"><span class="aheart-select__option-content">Item 137</span>
        <!--v-if-->
      </div>
      <div id="aheart-select-v-0-listbox-option-6e-75-6d-62-65-72-3a-31-33-38" class="aheart-select__option" role="option" aria-selected="false"><span class="aheart-select__option-content">Item 138</span>
        <!--v-if-->
      </div>
      <div id="aheart-select-v-0-listbox-option-6e-75-6d-62-65-72-3a-31-33-39" class="aheart-select__option" role="option" aria-selected="false"><span class="aheart-select__option-content">Item 139</span>
        <!--v-if-->
      </div>
      <div id="aheart-select-v-0-listbox-option-6e-75-6d-62-65-72-3a-31-34-30" class="aheart-select__option" role="option" aria-selected="false"><span class="aheart-select__option-content">Item 140</span>
        <!--v-if-->
      </div>
      <div id="aheart-select-v-0-listbox-option-6e-75-6d-62-65-72-3a-31-34-31" class="aheart-select__option" role="option" aria-selected="false"><span class="aheart-select__option-content">Item 141</span>
        <!--v-if-->
      </div>
      <div id="aheart-select-v-0-listbox-option-6e-75-6d-62-65-72-3a-31-34-32" class="aheart-select__option" role="option" aria-selected="false"><span class="aheart-select__option-content">Item 142</span>
        <!--v-if-->
      </div>
      <div id="aheart-select-v-0-listbox-option-6e-75-6d-62-65-72-3a-31-34-33" class="aheart-select__option" role="option" aria-selected="false"><span class="aheart-select__option-content">Item 143</span>
        <!--v-if-->
      </div>
      <div id="aheart-select-v-0-listbox-option-6e-75-6d-62-65-72-3a-31-34-34" class="aheart-select__option" role="option" aria-selected="false"><span class="aheart-select__option-content">Item 144</span>
        <!--v-if-->
      </div>
      <div id="aheart-select-v-0-listbox-option-6e-75-6d-62-65-72-3a-31-34-35" class="aheart-select__option" role="option" aria-selected="false"><span class="aheart-select__option-content">Item 145</span>
        <!--v-if-->
      </div>
      <div id="aheart-select-v-0-listbox-option-6e-75-6d-62-65-72-3a-31-34-36" class="aheart-select__option" role="option" aria-selected="false"><span class="aheart-select__option-content">Item 146</span>
        <!--v-if-->
      </div>
      <div id="aheart-select-v-0-listbox-option-6e-75-6d-62-65-72-3a-31-34-37" class="aheart-select__option" role="option" aria-selected="false"><span class="aheart-select__option-content">Item 147</span>
        <!--v-if-->
      </div>
      <div id="aheart-select-v-0-listbox-option-6e-75-6d-62-65-72-3a-31-34-38" class="aheart-select__option" role="option" aria-selected="false"><span class="aheart-select__option-content">Item 148</span>
        <!--v-if-->
      </div>
      <div id="aheart-select-v-0-listbox-option-6e-75-6d-62-65-72-3a-31-34-39" class="aheart-select__option" role="option" aria-selected="false"><span class="aheart-select__option-content">Item 149</span>
        <!--v-if-->
      </div>
      <div id="aheart-select-v-0-listbox-option-6e-75-6d-62-65-72-3a-31-35-30" class="aheart-select__option" role="option" aria-selected="false"><span class="aheart-select__option-content">Item 150</span>
        <!--v-if-->
      </div>
      <div id="aheart-select-v-0-listbox-option-6e-75-6d-62-65-72-3a-31-35-31" class="aheart-select__option" role="option" aria-selected="false"><span class="aheart-select__option-content">Item 151</span>
        <!--v-if-->
      </div>
      <div id="aheart-select-v-0-listbox-option-6e-75-6d-62-65-72-3a-31-35-32" class="aheart-select__option" role="option" aria-selected="false"><span class="aheart-select__option-content">Item 152</span>
        <!--v-if-->
      </div>
      <div id="aheart-select-v-0-listbox-option-6e-75-6d-62-65-72-3a-31-35-33" class="aheart-select__option" role="option" aria-selected="false"><span class="aheart-select__option-content">Item 153</span>
        <!--v-if-->
      </div>
      <div id="aheart-select-v-0-listbox-option-6e-75-6d-62-65-72-3a-31-35-34" class="aheart-select__option" role="option" aria-selected="false"><span class="aheart-select__option-content">Item 154</span>
        <!--v-if-->
      </div>
      <div id="aheart-select-v-0-listbox-option-6e-75-6d-62-65-72-3a-31-35-35" class="aheart-select__option" role="option" aria-selected="false"><span class="aheart-select__option-content">Item 155</span>
        <!--v-if-->
      </div>
      <div id="aheart-select-v-0-listbox-option-6e-75-6d-62-65-72-3a-31-35-36" class="aheart-select__option" role="option" aria-selected="false"><span class="aheart-select__option-content">Item 156</span>
        <!--v-if-->
      </div>
      <div id="aheart-select-v-0-listbox-option-6e-75-6d-62-65-72-3a-31-35-37" class="aheart-select__option" role="option" aria-selected="false"><span class="aheart-select__option-content">Item 157</span>
        <!--v-if-->
      </div>
      <div id="aheart-select-v-0-listbox-option-6e-75-6d-62-65-72-3a-31-35-38" class="aheart-select__option" role="option" aria-selected="false"><span class="aheart-select__option-content">Item 158</span>
        <!--v-if-->
      </div>
      <div id="aheart-select-v-0-listbox-option-6e-75-6d-62-65-72-3a-31-35-39" class="aheart-select__option" role="option" aria-selected="false"><span class="aheart-select__option-content">Item 159</span>
        <!--v-if-->
      </div>
      <div id="aheart-select-v-0-listbox-option-6e-75-6d-62-65-72-3a-31-36-30" class="aheart-select__option" role="option" aria-selected="false"><span class="aheart-select__option-content">Item 160</span>
        <!--v-if-->
      </div>
      <div id="aheart-select-v-0-listbox-option-6e-75-6d-62-65-72-3a-31-36-31" class="aheart-select__option" role="option" aria-selected="false"><span class="aheart-select__option-content">Item 161</span>
        <!--v-if-->
      </div>
      <div id="aheart-select-v-0-listbox-option-6e-75-6d-62-65-72-3a-31-36-32" class="aheart-select__option" role="option" aria-selected="false"><span class="aheart-select__option-content">Item 162</span>
        <!--v-if-->
      </div>
      <div id="aheart-select-v-0-listbox-option-6e-75-6d-62-65-72-3a-31-36-33" class="aheart-select__option" role="option" aria-selected="false"><span class="aheart-select__option-content">Item 163</span>
        <!--v-if-->
      </div>
      <div id="aheart-select-v-0-listbox-option-6e-75-6d-62-65-72-3a-31-36-34" class="aheart-select__option" role="option" aria-selected="false"><span class="aheart-select__option-content">Item 164</span>
        <!--v-if-->
      </div>
      <div id="aheart-select-v-0-listbox-option-6e-75-6d-62-65-72-3a-31-36-35" class="aheart-select__option" role="option" aria-selected="false"><span class="aheart-select__option-content">Item 165</span>
        <!--v-if-->
      </div>
      <div id="aheart-select-v-0-listbox-option-6e-75-6d-62-65-72-3a-31-36-36" class="aheart-select__option" role="option" aria-selected="false"><span class="aheart-select__option-content">Item 166</span>
        <!--v-if-->
      </div>
      <div id="aheart-select-v-0-listbox-option-6e-75-6d-62-65-72-3a-31-36-37" class="aheart-select__option" role="option" aria-selected="false"><span class="aheart-select__option-content">Item 167</span>
        <!--v-if-->
      </div>
      <div id="aheart-select-v-0-listbox-option-6e-75-6d-62-65-72-3a-31-36-38" class="aheart-select__option" role="option" aria-selected="false"><span class="aheart-select__option-content">Item 168</span>
        <!--v-if-->
      </div>
      <div id="aheart-select-v-0-listbox-option-6e-75-6d-62-65-72-3a-31-36-39" class="aheart-select__option" role="option" aria-selected="false"><span class="aheart-select__option-content">Item 169</span>
        <!--v-if-->
      </div>
      <div id="aheart-select-v-0-listbox-option-6e-75-6d-62-65-72-3a-31-37-30" class="aheart-select__option" role="option" aria-selected="false"><span class="aheart-select__option-content">Item 170</span>
        <!--v-if-->
      </div>
      <div id="aheart-select-v-0-listbox-option-6e-75-6d-62-65-72-3a-31-37-31" class="aheart-select__option" role="option" aria-selected="false"><span class="aheart-select__option-content">Item 171</span>
        <!--v-if-->
      </div>
      <div id="aheart-select-v-0-listbox-option-6e-75-6d-62-65-72-3a-31-37-32" class="aheart-select__option" role="option" aria-selected="false"><span class="aheart-select__option-content">Item 172</span>
        <!--v-if-->
      </div>
      <div id="aheart-select-v-0-listbox-option-6e-75-6d-62-65-72-3a-31-37-33" class="aheart-select__option" role="option" aria-selected="false"><span class="aheart-select__option-content">Item 173</span>
        <!--v-if-->
      </div>
      <div id="aheart-select-v-0-listbox-option-6e-75-6d-62-65-72-3a-31-37-34" class="aheart-select__option" role="option" aria-selected="false"><span class="aheart-select__option-content">Item 174</span>
        <!--v-if-->
      </div>
      <div id="aheart-select-v-0-listbox-option-6e-75-6d-62-65-72-3a-31-37-35" class="aheart-select__option" role="option" aria-selected="false"><span class="aheart-select__option-content">Item 175</span>
        <!--v-if-->
      </div>
      <div id="aheart-select-v-0-listbox-option-6e-75-6d-62-65-72-3a-31-37-36" class="aheart-select__option" role="option" aria-selected="false"><span class="aheart-select__option-content">Item 176</span>
        <!--v-if-->
      </div>
      <div id="aheart-select-v-0-listbox-option-6e-75-6d-62-65-72-3a-31-37-37" class="aheart-select__option" role="option" aria-selected="false"><span class="aheart-select__option-content">Item 177</span>
        <!--v-if-->
      </div>
      <div id="aheart-select-v-0-listbox-option-6e-75-6d-62-65-72-3a-31-37-38" class="aheart-select__option" role="option" aria-selected="false"><span class="aheart-select__option-content">Item 178</span>
        <!--v-if-->
      </div>
      <div id="aheart-select-v-0-listbox-option-6e-75-6d-62-65-72-3a-31-37-39" class="aheart-select__option" role="option" aria-selected="false"><span class="aheart-select__option-content">Item 179</span>
        <!--v-if-->
      </div>
      <div id="aheart-select-v-0-listbox-option-6e-75-6d-62-65-72-3a-31-38-30" class="aheart-select__option" role="option" aria-selected="false"><span class="aheart-select__option-content">Item 180</span>
        <!--v-if-->
      </div>
      <div id="aheart-select-v-0-listbox-option-6e-75-6d-62-65-72-3a-31-38-31" class="aheart-select__option" role="option" aria-selected="false"><span class="aheart-select__option-content">Item 181</span>
        <!--v-if-->
      </div>
      <div id="aheart-select-v-0-listbox-option-6e-75-6d-62-65-72-3a-31-38-32" class="aheart-select__option" role="option" aria-selected="false"><span class="aheart-select__option-content">Item 182</span>
        <!--v-if-->
      </div>
      <div id="aheart-select-v-0-listbox-option-6e-75-6d-62-65-72-3a-31-38-33" class="aheart-select__option" role="option" aria-selected="false"><span class="aheart-select__option-content">Item 183</span>
        <!--v-if-->
      </div>
      <div id="aheart-select-v-0-listbox-option-6e-75-6d-62-65-72-3a-31-38-34" class="aheart-select__option" role="option" aria-selected="false"><span class="aheart-select__option-content">Item 184</span>
        <!--v-if-->
      </div>
      <div id="aheart-select-v-0-listbox-option-6e-75-6d-62-65-72-3a-31-38-35" class="aheart-select__option" role="option" aria-selected="false"><span class="aheart-select__option-content">Item 185</span>
        <!--v-if-->
      </div>
      <div id="aheart-select-v-0-listbox-option-6e-75-6d-62-65-72-3a-31-38-36" class="aheart-select__option" role="option" aria-selected="false"><span class="aheart-select__option-content">Item 186</span>
        <!--v-if-->
      </div>
      <div id="aheart-select-v-0-listbox-option-6e-75-6d-62-65-72-3a-31-38-37" class="aheart-select__option" role="option" aria-selected="false"><span class="aheart-select__option-content">Item 187</span>
        <!--v-if-->
      </div>
      <div id="aheart-select-v-0-listbox-option-6e-75-6d-62-65-72-3a-31-38-38" class="aheart-select__option" role="option" aria-selected="false"><span class="aheart-select__option-content">Item 188</span>
        <!--v-if-->
      </div>
      <div id="aheart-select-v-0-listbox-option-6e-75-6d-62-65-72-3a-31-38-39" class="aheart-select__option" role="option" aria-selected="false"><span class="aheart-select__option-content">Item 189</span>
        <!--v-if-->
      </div>
      <div id="aheart-select-v-0-listbox-option-6e-75-6d-62-65-72-3a-31-39-30" class="aheart-select__option" role="option" aria-selected="false"><span class="aheart-select__option-content">Item 190</span>
        <!--v-if-->
      </div>
      <div id="aheart-select-v-0-listbox-option-6e-75-6d-62-65-72-3a-31-39-31" class="aheart-select__option" role="option" aria-selected="false"><span class="aheart-select__option-content">Item 191</span>
        <!--v-if-->
      </div>
      <div id="aheart-select-v-0-listbox-option-6e-75-6d-62-65-72-3a-31-39-32" class="aheart-select__option" role="option" aria-selected="false"><span class="aheart-select__option-content">Item 192</span>
        <!--v-if-->
      </div>
      <div id="aheart-select-v-0-listbox-option-6e-75-6d-62-65-72-3a-31-39-33" class="aheart-select__option" role="option" aria-selected="false"><span class="aheart-select__option-content">Item 193</span>
        <!--v-if-->
      </div>
      <div id="aheart-select-v-0-listbox-option-6e-75-6d-62-65-72-3a-31-39-34" class="aheart-select__option" role="option" aria-selected="false"><span class="aheart-select__option-content">Item 194</span>
        <!--v-if-->
      </div>
      <div id="aheart-select-v-0-listbox-option-6e-75-6d-62-65-72-3a-31-39-35" class="aheart-select__option" role="option" aria-selected="false"><span class="aheart-select__option-content">Item 195</span>
        <!--v-if-->
      </div>
      <div id="aheart-select-v-0-listbox-option-6e-75-6d-62-65-72-3a-31-39-36" class="aheart-select__option" role="option" aria-selected="false"><span class="aheart-select__option-content">Item 196</span>
        <!--v-if-->
      </div>
      <div id="aheart-select-v-0-listbox-option-6e-75-6d-62-65-72-3a-31-39-37" class="aheart-select__option" role="option" aria-selected="false"><span class="aheart-select__option-content">Item 197</span>
        <!--v-if-->
      </div>
      <div id="aheart-select-v-0-listbox-option-6e-75-6d-62-65-72-3a-31-39-38" class="aheart-select__option" role="option" aria-selected="false"><span class="aheart-select__option-content">Item 198</span>
        <!--v-if-->
      </div>
      <div id="aheart-select-v-0-listbox-option-6e-75-6d-62-65-72-3a-31-39-39" class="aheart-select__option" role="option" aria-selected="false"><span class="aheart-select__option-content">Item 199</span>
        <!--v-if-->
      </div>
      <div id="aheart-select-v-0-listbox-option-6e-75-6d-62-65-72-3a-32-30-30" class="aheart-select__option" role="option" aria-selected="false"><span class="aheart-select__option-content">Item 200</span>
        <!--v-if-->
      </div>
      <div id="aheart-select-v-0-listbox-option-6e-75-6d-62-65-72-3a-32-30-31" class="aheart-select__option" role="option" aria-selected="false"><span class="aheart-select__option-content">Item 201</span>
        <!--v-if-->
      </div>
      <div id="aheart-select-v-0-listbox-option-6e-75-6d-62-65-72-3a-32-30-32" class="aheart-select__option" role="option" aria-selected="false"><span class="aheart-select__option-content">Item 202</span>
        <!--v-if-->
      </div>
      <div id="aheart-select-v-0-listbox-option-6e-75-6d-62-65-72-3a-32-30-33" class="aheart-select__option" role="option" aria-selected="false"><span class="aheart-select__option-content">Item 203</span>
        <!--v-if-->
      </div>
      <div id="aheart-select-v-0-listbox-option-6e-75-6d-62-65-72-3a-32-30-34" class="aheart-select__option" role="option" aria-selected="false"><span class="aheart-select__option-content">Item 204</span>
        <!--v-if-->
      </div>
      <div id="aheart-select-v-0-listbox-option-6e-75-6d-62-65-72-3a-32-30-35" class="aheart-select__option" role="option" aria-selected="false"><span class="aheart-select__option-content">Item 205</span>
        <!--v-if-->
      </div>
      <div id="aheart-select-v-0-listbox-option-6e-75-6d-62-65-72-3a-32-30-36" class="aheart-select__option" role="option" aria-selected="false"><span class="aheart-select__option-content">Item 206</span>
        <!--v-if-->
      </div>
      <div id="aheart-select-v-0-listbox-option-6e-75-6d-62-65-72-3a-32-30-37" class="aheart-select__option" role="option" aria-selected="false"><span class="aheart-select__option-content">Item 207</span>
        <!--v-if-->
      </div>
      <div id="aheart-select-v-0-listbox-option-6e-75-6d-62-65-72-3a-32-30-38" class="aheart-select__option" role="option" aria-selected="false"><span class="aheart-select__option-content">Item 208</span>
        <!--v-if-->
      </div>
      <div id="aheart-select-v-0-listbox-option-6e-75-6d-62-65-72-3a-32-30-39" class="aheart-select__option" role="option" aria-selected="false"><span class="aheart-select__option-content">Item 209</span>
        <!--v-if-->
      </div>
      <div id="aheart-select-v-0-listbox-option-6e-75-6d-62-65-72-3a-32-31-30" class="aheart-select__option" role="option" aria-selected="false"><span class="aheart-select__option-content">Item 210</span>
        <!--v-if-->
      </div>
      <div id="aheart-select-v-0-listbox-option-6e-75-6d-62-65-72-3a-32-31-31" class="aheart-select__option" role="option" aria-selected="false"><span class="aheart-select__option-content">Item 211</span>
        <!--v-if-->
      </div>
      <div id="aheart-select-v-0-listbox-option-6e-75-6d-62-65-72-3a-32-31-32" class="aheart-select__option" role="option" aria-selected="false"><span class="aheart-select__option-content">Item 212</span>
        <!--v-if-->
      </div>
      <div id="aheart-select-v-0-listbox-option-6e-75-6d-62-65-72-3a-32-31-33" class="aheart-select__option" role="option" aria-selected="false"><span class="aheart-select__option-content">Item 213</span>
        <!--v-if-->
      </div>
      <div id="aheart-select-v-0-listbox-option-6e-75-6d-62-65-72-3a-32-31-34" class="aheart-select__option" role="option" aria-selected="false"><span class="aheart-select__option-content">Item 214</span>
        <!--v-if-->
      </div>
      <div id="aheart-select-v-0-listbox-option-6e-75-6d-62-65-72-3a-32-31-35" class="aheart-select__option" role="option" aria-selected="false"><span class="aheart-select__option-content">Item 215</span>
        <!--v-if-->
      </div>
      <div id="aheart-select-v-0-listbox-option-6e-75-6d-62-65-72-3a-32-31-36" class="aheart-select__option" role="option" aria-selected="false"><span class="aheart-select__option-content">Item 216</span>
        <!--v-if-->
      </div>
      <div id="aheart-select-v-0-listbox-option-6e-75-6d-62-65-72-3a-32-31-37" class="aheart-select__option" role="option" aria-selected="false"><span class="aheart-select__option-content">Item 217</span>
        <!--v-if-->
      </div>
      <div id="aheart-select-v-0-listbox-option-6e-75-6d-62-65-72-3a-32-31-38" class="aheart-select__option" role="option" aria-selected="false"><span class="aheart-select__option-content">Item 218</span>
        <!--v-if-->
      </div>
      <div id="aheart-select-v-0-listbox-option-6e-75-6d-62-65-72-3a-32-31-39" class="aheart-select__option" role="option" aria-selected="false"><span class="aheart-select__option-content">Item 219</span>
        <!--v-if-->
      </div>
      <div id="aheart-select-v-0-listbox-option-6e-75-6d-62-65-72-3a-32-32-30" class="aheart-select__option" role="option" aria-selected="false"><span class="aheart-select__option-content">Item 220</span>
        <!--v-if-->
      </div>
      <div id="aheart-select-v-0-listbox-option-6e-75-6d-62-65-72-3a-32-32-31" class="aheart-select__option" role="option" aria-selected="false"><span class="aheart-select__option-content">Item 221</span>
        <!--v-if-->
      </div>
      <div id="aheart-select-v-0-listbox-option-6e-75-6d-62-65-72-3a-32-32-32" class="aheart-select__option" role="option" aria-selected="false"><span class="aheart-select__option-content">Item 222</span>
        <!--v-if-->
      </div>
      <div id="aheart-select-v-0-listbox-option-6e-75-6d-62-65-72-3a-32-32-33" class="aheart-select__option" role="option" aria-selected="false"><span class="aheart-select__option-content">Item 223</span>
        <!--v-if-->
      </div>
      <div id="aheart-select-v-0-listbox-option-6e-75-6d-62-65-72-3a-32-32-34" class="aheart-select__option" role="option" aria-selected="false"><span class="aheart-select__option-content">Item 224</span>
        <!--v-if-->
      </div>
      <div id="aheart-select-v-0-listbox-option-6e-75-6d-62-65-72-3a-32-32-35" class="aheart-select__option" role="option" aria-selected="false"><span class="aheart-select__option-content">Item 225</span>
        <!--v-if-->
      </div>
      <div id="aheart-select-v-0-listbox-option-6e-75-6d-62-65-72-3a-32-32-36" class="aheart-select__option" role="option" aria-selected="false"><span class="aheart-select__option-content">Item 226</span>
        <!--v-if-->
      </div>
      <div id="aheart-select-v-0-listbox-option-6e-75-6d-62-65-72-3a-32-32-37" class="aheart-select__option" role="option" aria-selected="false"><span class="aheart-select__option-content">Item 227</span>
        <!--v-if-->
      </div>
      <div id="aheart-select-v-0-listbox-option-6e-75-6d-62-65-72-3a-32-32-38" class="aheart-select__option" role="option" aria-selected="false"><span class="aheart-select__option-content">Item 228</span>
        <!--v-if-->
      </div>
      <div id="aheart-select-v-0-listbox-option-6e-75-6d-62-65-72-3a-32-32-39" class="aheart-select__option" role="option" aria-selected="false"><span class="aheart-select__option-content">Item 229</span>
        <!--v-if-->
      </div>
      <div id="aheart-select-v-0-listbox-option-6e-75-6d-62-65-72-3a-32-33-30" class="aheart-select__option" role="option" aria-selected="false"><span class="aheart-select__option-content">Item 230</span>
        <!--v-if-->
      </div>
      <div id="aheart-select-v-0-listbox-option-6e-75-6d-62-65-72-3a-32-33-31" class="aheart-select__option" role="option" aria-selected="false"><span class="aheart-select__option-content">Item 231</span>
        <!--v-if-->
      </div>
      <div id="aheart-select-v-0-listbox-option-6e-75-6d-62-65-72-3a-32-33-32" class="aheart-select__option" role="option" aria-selected="false"><span class="aheart-select__option-content">Item 232</span>
        <!--v-if-->
      </div>
      <div id="aheart-select-v-0-listbox-option-6e-75-6d-62-65-72-3a-32-33-33" class="aheart-select__option" role="option" aria-selected="false"><span class="aheart-select__option-content">Item 233</span>
        <!--v-if-->
      </div>
      <div id="aheart-select-v-0-listbox-option-6e-75-6d-62-65-72-3a-32-33-34" class="aheart-select__option" role="option" aria-selected="false"><span class="aheart-select__option-content">Item 234</span>
        <!--v-if-->
      </div>
      <div id="aheart-select-v-0-listbox-option-6e-75-6d-62-65-72-3a-32-33-35" class="aheart-select__option" role="option" aria-selected="false"><span class="aheart-select__option-content">Item 235</span>
        <!--v-if-->
      </div>
      <div id="aheart-select-v-0-listbox-option-6e-75-6d-62-65-72-3a-32-33-36" class="aheart-select__option" role="option" aria-selected="false"><span class="aheart-select__option-content">Item 236</span>
        <!--v-if-->
      </div>
      <div id="aheart-select-v-0-listbox-option-6e-75-6d-62-65-72-3a-32-33-37" class="aheart-select__option" role="option" aria-selected="false"><span class="aheart-select__option-content">Item 237</span>
        <!--v-if-->
      </div>
      <div id="aheart-select-v-0-listbox-option-6e-75-6d-62-65-72-3a-32-33-38" class="aheart-select__option" role="option" aria-selected="false"><span class="aheart-select__option-content">Item 238</span>
        <!--v-if-->
      </div>
      <div id="aheart-select-v-0-listbox-option-6e-75-6d-62-65-72-3a-32-33-39" class="aheart-select__option" role="option" aria-selected="false"><span class="aheart-select__option-content">Item 239</span>
        <!--v-if-->
      </div>
      <div id="aheart-select-v-0-listbox-option-6e-75-6d-62-65-72-3a-32-34-30" class="aheart-select__option" role="option" aria-selected="false"><span class="aheart-select__option-content">Item 240</span>
        <!--v-if-->
      </div>
      <div id="aheart-select-v-0-listbox-option-6e-75-6d-62-65-72-3a-32-34-31" class="aheart-select__option" role="option" aria-selected="false"><span class="aheart-select__option-content">Item 241</span>
        <!--v-if-->
      </div>
      <div id="aheart-select-v-0-listbox-option-6e-75-6d-62-65-72-3a-32-34-32" class="aheart-select__option" role="option" aria-selected="false"><span class="aheart-select__option-content">Item 242</span>
        <!--v-if-->
      </div>
      <div id="aheart-select-v-0-listbox-option-6e-75-6d-62-65-72-3a-32-34-33" class="aheart-select__option" role="option" aria-selected="false"><span class="aheart-select__option-content">Item 243</span>
        <!--v-if-->
      </div>
      <div id="aheart-select-v-0-listbox-option-6e-75-6d-62-65-72-3a-32-34-34" class="aheart-select__option" role="option" aria-selected="false"><span class="aheart-select__option-content">Item 244</span>
        <!--v-if-->
      </div>
      <div id="aheart-select-v-0-listbox-option-6e-75-6d-62-65-72-3a-32-34-35" class="aheart-select__option" role="option" aria-selected="false"><span class="aheart-select__option-content">Item 245</span>
        <!--v-if-->
      </div>
      <div id="aheart-select-v-0-listbox-option-6e-75-6d-62-65-72-3a-32-34-36" class="aheart-select__option" role="option" aria-selected="false"><span class="aheart-select__option-content">Item 246</span>
        <!--v-if-->
      </div>
      <div id="aheart-select-v-0-listbox-option-6e-75-6d-62-65-72-3a-32-34-37" class="aheart-select__option" role="option" aria-selected="false"><span class="aheart-select__option-content">Item 247</span>
        <!--v-if-->
      </div>
      <div id="aheart-select-v-0-listbox-option-6e-75-6d-62-65-72-3a-32-34-38" class="aheart-select__option" role="option" aria-selected="false"><span class="aheart-select__option-content">Item 248</span>
        <!--v-if-->
      </div>
      <div id="aheart-select-v-0-listbox-option-6e-75-6d-62-65-72-3a-32-34-39" class="aheart-select__option" role="option" aria-selected="false"><span class="aheart-select__option-content">Item 249</span>
        <!--v-if-->
      </div>
      <div id="aheart-select-v-0-listbox-option-6e-75-6d-62-65-72-3a-32-35-30" class="aheart-select__option" role="option" aria-selected="false"><span class="aheart-select__option-content">Item 250</span>
        <!--v-if-->
      </div>
      <div id="aheart-select-v-0-listbox-option-6e-75-6d-62-65-72-3a-32-35-31" class="aheart-select__option" role="option" aria-selected="false"><span class="aheart-select__option-content">Item 251</span>
        <!--v-if-->
      </div>
      <div id="aheart-select-v-0-listbox-option-6e-75-6d-62-65-72-3a-32-35-32" class="aheart-select__option" role="option" aria-selected="false"><span class="aheart-select__option-content">Item 252</span>
        <!--v-if-->
      </div>
      <div id="aheart-select-v-0-listbox-option-6e-75-6d-62-65-72-3a-32-35-33" class="aheart-select__option" role="option" aria-selected="false"><span class="aheart-select__option-content">Item 253</span>
        <!--v-if-->
      </div>
      <div id="aheart-select-v-0-listbox-option-6e-75-6d-62-65-72-3a-32-35-34" class="aheart-select__option" role="option" aria-selected="false"><span class="aheart-select__option-content">Item 254</span>
        <!--v-if-->
      </div>
      <div id="aheart-select-v-0-listbox-option-6e-75-6d-62-65-72-3a-32-35-35" class="aheart-select__option" role="option" aria-selected="false"><span class="aheart-select__option-content">Item 255</span>
        <!--v-if-->
      </div>
      <div id="aheart-select-v-0-listbox-option-6e-75-6d-62-65-72-3a-32-35-36" class="aheart-select__option" role="option" aria-selected="false"><span class="aheart-select__option-content">Item 256</span>
        <!--v-if-->
      </div>
      <div id="aheart-select-v-0-listbox-option-6e-75-6d-62-65-72-3a-32-35-37" class="aheart-select__option" role="option" aria-selected="false"><span class="aheart-select__option-content">Item 257</span>
        <!--v-if-->
      </div>
      <div id="aheart-select-v-0-listbox-option-6e-75-6d-62-65-72-3a-32-35-38" class="aheart-select__option" role="option" aria-selected="false"><span class="aheart-select__option-content">Item 258</span>
        <!--v-if-->
      </div>
      <div id="aheart-select-v-0-listbox-option-6e-75-6d-62-65-72-3a-32-35-39" class="aheart-select__option" role="option" aria-selected="false"><span class="aheart-select__option-content">Item 259</span>
        <!--v-if-->
      </div>
      <div id="aheart-select-v-0-listbox-option-6e-75-6d-62-65-72-3a-32-36-30" class="aheart-select__option" role="option" aria-selected="false"><span class="aheart-select__option-content">Item 260</span>
        <!--v-if-->
      </div>
      <div id="aheart-select-v-0-listbox-option-6e-75-6d-62-65-72-3a-32-36-31" class="aheart-select__option" role="option" aria-selected="false"><span class="aheart-select__option-content">Item 261</span>
        <!--v-if-->
      </div>
      <div id="aheart-select-v-0-listbox-option-6e-75-6d-62-65-72-3a-32-36-32" class="aheart-select__option" role="option" aria-selected="false"><span class="aheart-select__option-content">Item 262</span>
        <!--v-if-->
      </div>
      <div id="aheart-select-v-0-listbox-option-6e-75-6d-62-65-72-3a-32-36-33" class="aheart-select__option" role="option" aria-selected="false"><span class="aheart-select__option-content">Item 263</span>
        <!--v-if-->
      </div>
      <div id="aheart-select-v-0-listbox-option-6e-75-6d-62-65-72-3a-32-36-34" class="aheart-select__option" role="option" aria-selected="false"><span class="aheart-select__option-content">Item 264</span>
        <!--v-if-->
      </div>
      <div id="aheart-select-v-0-listbox-option-6e-75-6d-62-65-72-3a-32-36-35" class="aheart-select__option" role="option" aria-selected="false"><span class="aheart-select__option-content">Item 265</span>
        <!--v-if-->
      </div>
      <div id="aheart-select-v-0-listbox-option-6e-75-6d-62-65-72-3a-32-36-36" class="aheart-select__option" role="option" aria-selected="false"><span class="aheart-select__option-content">Item 266</span>
        <!--v-if-->
      </div>
      <div id="aheart-select-v-0-listbox-option-6e-75-6d-62-65-72-3a-32-36-37" class="aheart-select__option" role="option" aria-selected="false"><span class="aheart-select__option-content">Item 267</span>
        <!--v-if-->
      </div>
      <div id="aheart-select-v-0-listbox-option-6e-75-6d-62-65-72-3a-32-36-38" class="aheart-select__option" role="option" aria-selected="false"><span class="aheart-select__option-content">Item 268</span>
        <!--v-if-->
      </div>
      <div id="aheart-select-v-0-listbox-option-6e-75-6d-62-65-72-3a-32-36-39" class="aheart-select__option" role="option" aria-selected="false"><span class="aheart-select__option-content">Item 269</span>
        <!--v-if-->
      </div>
      <div id="aheart-select-v-0-listbox-option-6e-75-6d-62-65-72-3a-32-37-30" class="aheart-select__option" role="option" aria-selected="false"><span class="aheart-select__option-content">Item 270</span>
        <!--v-if-->
      </div>
      <div id="aheart-select-v-0-listbox-option-6e-75-6d-62-65-72-3a-32-37-31" class="aheart-select__option" role="option" aria-selected="false"><span class="aheart-select__option-content">Item 271</span>
        <!--v-if-->
      </div>
      <div id="aheart-select-v-0-listbox-option-6e-75-6d-62-65-72-3a-32-37-32" class="aheart-select__option" role="option" aria-selected="false"><span class="aheart-select__option-content">Item 272</span>
        <!--v-if-->
      </div>
      <div id="aheart-select-v-0-listbox-option-6e-75-6d-62-65-72-3a-32-37-33" class="aheart-select__option" role="option" aria-selected="false"><span class="aheart-select__option-content">Item 273</span>
        <!--v-if-->
      </div>
      <div id="aheart-select-v-0-listbox-option-6e-75-6d-62-65-72-3a-32-37-34" class="aheart-select__option" role="option" aria-selected="false"><span class="aheart-select__option-content">Item 274</span>
        <!--v-if-->
      </div>
      <div id="aheart-select-v-0-listbox-option-6e-75-6d-62-65-72-3a-32-37-35" class="aheart-select__option" role="option" aria-selected="false"><span class="aheart-select__option-content">Item 275</span>
        <!--v-if-->
      </div>
      <div id="aheart-select-v-0-listbox-option-6e-75-6d-62-65-72-3a-32-37-36" class="aheart-select__option" role="option" aria-selected="false"><span class="aheart-select__option-content">Item 276</span>
        <!--v-if-->
      </div>
      <div id="aheart-select-v-0-listbox-option-6e-75-6d-62-65-72-3a-32-37-37" class="aheart-select__option" role="option" aria-selected="false"><span class="aheart-select__option-content">Item 277</span>
        <!--v-if-->
      </div>
      <div id="aheart-select-v-0-listbox-option-6e-75-6d-62-65-72-3a-32-37-38" class="aheart-select__option" role="option" aria-selected="false"><span class="aheart-select__option-content">Item 278</span>
        <!--v-if-->
      </div>
      <div id="aheart-select-v-0-listbox-option-6e-75-6d-62-65-72-3a-32-37-39" class="aheart-select__option" role="option" aria-selected="false"><span class="aheart-select__option-content">Item 279</span>
        <!--v-if-->
      </div>
      <div id="aheart-select-v-0-listbox-option-6e-75-6d-62-65-72-3a-32-38-30" class="aheart-select__option" role="option" aria-selected="false"><span class="aheart-select__option-content">Item 280</span>
        <!--v-if-->
      </div>
      <div id="aheart-select-v-0-listbox-option-6e-75-6d-62-65-72-3a-32-38-31" class="aheart-select__option" role="option" aria-selected="false"><span class="aheart-select__option-content">Item 281</span>
        <!--v-if-->
      </div>
      <div id="aheart-select-v-0-listbox-option-6e-75-6d-62-65-72-3a-32-38-32" class="aheart-select__option" role="option" aria-selected="false"><span class="aheart-select__option-content">Item 282</span>
        <!--v-if-->
      </div>
      <div id="aheart-select-v-0-listbox-option-6e-75-6d-62-65-72-3a-32-38-33" class="aheart-select__option" role="option" aria-selected="false"><span class="aheart-select__option-content">Item 283</span>
        <!--v-if-->
      </div>
      <div id="aheart-select-v-0-listbox-option-6e-75-6d-62-65-72-3a-32-38-34" class="aheart-select__option" role="option" aria-selected="false"><span class="aheart-select__option-content">Item 284</span>
        <!--v-if-->
      </div>
      <div id="aheart-select-v-0-listbox-option-6e-75-6d-62-65-72-3a-32-38-35" class="aheart-select__option" role="option" aria-selected="false"><span class="aheart-select__option-content">Item 285</span>
        <!--v-if-->
      </div>
      <div id="aheart-select-v-0-listbox-option-6e-75-6d-62-65-72-3a-32-38-36" class="aheart-select__option" role="option" aria-selected="false"><span class="aheart-select__option-content">Item 286</span>
        <!--v-if-->
      </div>
      <div id="aheart-select-v-0-listbox-option-6e-75-6d-62-65-72-3a-32-38-37" class="aheart-select__option" role="option" aria-selected="false"><span class="aheart-select__option-content">Item 287</span>
        <!--v-if-->
      </div>
      <div id="aheart-select-v-0-listbox-option-6e-75-6d-62-65-72-3a-32-38-38" class="aheart-select__option" role="option" aria-selected="false"><span class="aheart-select__option-content">Item 288</span>
        <!--v-if-->
      </div>
      <div id="aheart-select-v-0-listbox-option-6e-75-6d-62-65-72-3a-32-38-39" class="aheart-select__option" role="option" aria-selected="false"><span class="aheart-select__option-content">Item 289</span>
        <!--v-if-->
      </div>
      <div id="aheart-select-v-0-listbox-option-6e-75-6d-62-65-72-3a-32-39-30" class="aheart-select__option" role="option" aria-selected="false"><span class="aheart-select__option-content">Item 290</span>
        <!--v-if-->
      </div>
      <div id="aheart-select-v-0-listbox-option-6e-75-6d-62-65-72-3a-32-39-31" class="aheart-select__option" role="option" aria-selected="false"><span class="aheart-select__option-content">Item 291</span>
        <!--v-if-->
      </div>
      <div id="aheart-select-v-0-listbox-option-6e-75-6d-62-65-72-3a-32-39-32" class="aheart-select__option" role="option" aria-selected="false"><span class="aheart-select__option-content">Item 292</span>
        <!--v-if-->
      </div>
      <div id="aheart-select-v-0-listbox-option-6e-75-6d-62-65-72-3a-32-39-33" class="aheart-select__option" role="option" aria-selected="false"><span class="aheart-select__option-content">Item 293</span>
        <!--v-if-->
      </div>
      <div id="aheart-select-v-0-listbox-option-6e-75-6d-62-65-72-3a-32-39-34" class="aheart-select__option" role="option" aria-selected="false"><span class="aheart-select__option-content">Item 294</span>
        <!--v-if-->
      </div>
      <div id="aheart-select-v-0-listbox-option-6e-75-6d-62-65-72-3a-32-39-35" class="aheart-select__option" role="option" aria-selected="false"><span class="aheart-select__option-content">Item 295</span>
        <!--v-if-->
      </div>
      <div id="aheart-select-v-0-listbox-option-6e-75-6d-62-65-72-3a-32-39-36" class="aheart-select__option" role="option" aria-selected="false"><span class="aheart-select__option-content">Item 296</span>
        <!--v-if-->
      </div>
      <div id="aheart-select-v-0-listbox-option-6e-75-6d-62-65-72-3a-32-39-37" class="aheart-select__option" role="option" aria-selected="false"><span class="aheart-select__option-content">Item 297</span>
        <!--v-if-->
      </div>
      <div id="aheart-select-v-0-listbox-option-6e-75-6d-62-65-72-3a-32-39-38" class="aheart-select__option" role="option" aria-selected="false"><span class="aheart-select__option-content">Item 298</span>
        <!--v-if-->
      </div>
      <div id="aheart-select-v-0-listbox-option-6e-75-6d-62-65-72-3a-32-39-39" class="aheart-select__option" role="option" aria-selected="false"><span class="aheart-select__option-content">Item 299</span>
        <!--v-if-->
      </div>
      <div id="aheart-select-v-0-listbox-option-6e-75-6d-62-65-72-3a-33-30-30" class="aheart-select__option" role="option" aria-selected="false"><span class="aheart-select__option-content">Item 300</span>
        <!--v-if-->
      </div>
      <div id="aheart-select-v-0-listbox-option-6e-75-6d-62-65-72-3a-33-30-31" class="aheart-select__option" role="option" aria-selected="false"><span class="aheart-select__option-content">Item 301</span>
        <!--v-if-->
      </div>
      <div id="aheart-select-v-0-listbox-option-6e-75-6d-62-65-72-3a-33-30-32" class="aheart-select__option" role="option" aria-selected="false"><span class="aheart-select__option-content">Item 302</span>
        <!--v-if-->
      </div>
      <div id="aheart-select-v-0-listbox-option-6e-75-6d-62-65-72-3a-33-30-33" class="aheart-select__option" role="option" aria-selected="false"><span class="aheart-select__option-content">Item 303</span>
        <!--v-if-->
      </div>
      <div id="aheart-select-v-0-listbox-option-6e-75-6d-62-65-72-3a-33-30-34" class="aheart-select__option" role="option" aria-selected="false"><span class="aheart-select__option-content">Item 304</span>
        <!--v-if-->
      </div>
      <div id="aheart-select-v-0-listbox-option-6e-75-6d-62-65-72-3a-33-30-35" class="aheart-select__option" role="option" aria-selected="false"><span class="aheart-select__option-content">Item 305</span>
        <!--v-if-->
      </div>
      <div id="aheart-select-v-0-listbox-option-6e-75-6d-62-65-72-3a-33-30-36" class="aheart-select__option" role="option" aria-selected="false"><span class="aheart-select__option-content">Item 306</span>
        <!--v-if-->
      </div>
      <div id="aheart-select-v-0-listbox-option-6e-75-6d-62-65-72-3a-33-30-37" class="aheart-select__option" role="option" aria-selected="false"><span class="aheart-select__option-content">Item 307</span>
        <!--v-if-->
      </div>
      <div id="aheart-select-v-0-listbox-option-6e-75-6d-62-65-72-3a-33-30-38" class="aheart-select__option" role="option" aria-selected="false"><span class="aheart-select__option-content">Item 308</span>
        <!--v-if-->
      </div>
      <div id="aheart-select-v-0-listbox-option-6e-75-6d-62-65-72-3a-33-30-39" class="aheart-select__option" role="option" aria-selected="false"><span class="aheart-select__option-content">Item 309</span>
        <!--v-if-->
      </div>
      <div id="aheart-select-v-0-listbox-option-6e-75-6d-62-65-72-3a-33-31-30" class="aheart-select__option" role="option" aria-selected="false"><span class="aheart-select__option-content">Item 310</span>
        <!--v-if-->
      </div>
      <div id="aheart-select-v-0-listbox-option-6e-75-6d-62-65-72-3a-33-31-31" class="aheart-select__option" role="option" aria-selected="false"><span class="aheart-select__option-content">Item 311</span>
        <!--v-if-->
      </div>
      <div id="aheart-select-v-0-listbox-option-6e-75-6d-62-65-72-3a-33-31-32" class="aheart-select__option" role="option" aria-selected="false"><span class="aheart-select__option-content">Item 312</span>
        <!--v-if-->
      </div>
      <div id="aheart-select-v-0-listbox-option-6e-75-6d-62-65-72-3a-33-31-33" class="aheart-select__option" role="option" aria-selected="false"><span class="aheart-select__option-content">Item 313</span>
        <!--v-if-->
      </div>
      <div id="aheart-select-v-0-listbox-option-6e-75-6d-62-65-72-3a-33-31-34" class="aheart-select__option" role="option" aria-selected="false"><span class="aheart-select__option-content">Item 314</span>
        <!--v-if-->
      </div>
      <div id="aheart-select-v-0-listbox-option-6e-75-6d-62-65-72-3a-33-31-35" class="aheart-select__option" role="option" aria-selected="false"><span class="aheart-select__option-content">Item 315</span>
        <!--v-if-->
      </div>
      <div id="aheart-select-v-0-listbox-option-6e-75-6d-62-65-72-3a-33-31-36" class="aheart-select__option" role="option" aria-selected="false"><span class="aheart-select__option-content">Item 316</span>
        <!--v-if-->
      </div>
      <div id="aheart-select-v-0-listbox-option-6e-75-6d-62-65-72-3a-33-31-37" class="aheart-select__option" role="option" aria-selected="false"><span class="aheart-select__option-content">Item 317</span>
        <!--v-if-->
      </div>
      <div id="aheart-select-v-0-listbox-option-6e-75-6d-62-65-72-3a-33-31-38" class="aheart-select__option" role="option" aria-selected="false"><span class="aheart-select__option-content">Item 318</span>
        <!--v-if-->
      </div>
      <div id="aheart-select-v-0-listbox-option-6e-75-6d-62-65-72-3a-33-31-39" class="aheart-select__option" role="option" aria-selected="false"><span class="aheart-select__option-content">Item 319</span>
        <!--v-if-->
      </div>
      <div id="aheart-select-v-0-listbox-option-6e-75-6d-62-65-72-3a-33-32-30" class="aheart-select__option" role="option" aria-selected="false"><span class="aheart-select__option-content">Item 320</span>
        <!--v-if-->
      </div>
      <div id="aheart-select-v-0-listbox-option-6e-75-6d-62-65-72-3a-33-32-31" class="aheart-select__option" role="option" aria-selected="false"><span class="aheart-select__option-content">Item 321</span>
        <!--v-if-->
      </div>
      <div id="aheart-select-v-0-listbox-option-6e-75-6d-62-65-72-3a-33-32-32" class="aheart-select__option" role="option" aria-selected="false"><span class="aheart-select__option-content">Item 322</span>
        <!--v-if-->
      </div>
      <div id="aheart-select-v-0-listbox-option-6e-75-6d-62-65-72-3a-33-32-33" class="aheart-select__option" role="option" aria-selected="false"><span class="aheart-select__option-content">Item 323</span>
        <!--v-if-->
      </div>
      <div id="aheart-select-v-0-listbox-option-6e-75-6d-62-65-72-3a-33-32-34" class="aheart-select__option" role="option" aria-selected="false"><span class="aheart-select__option-content">Item 324</span>
        <!--v-if-->
      </div>
      <div id="aheart-select-v-0-listbox-option-6e-75-6d-62-65-72-3a-33-32-35" class="aheart-select__option" role="option" aria-selected="false"><span class="aheart-select__option-content">Item 325</span>
        <!--v-if-->
      </div>
      <div id="aheart-select-v-0-listbox-option-6e-75-6d-62-65-72-3a-33-32-36" class="aheart-select__option" role="option" aria-selected="false"><span class="aheart-select__option-content">Item 326</span>
        <!--v-if-->
      </div>
      <div id="aheart-select-v-0-listbox-option-6e-75-6d-62-65-72-3a-33-32-37" class="aheart-select__option" role="option" aria-selected="false"><span class="aheart-select__option-content">Item 327</span>
        <!--v-if-->
      </div>
      <div id="aheart-select-v-0-listbox-option-6e-75-6d-62-65-72-3a-33-32-38" class="aheart-select__option" role="option" aria-selected="false"><span class="aheart-select__option-content">Item 328</span>
        <!--v-if-->
      </div>
      <div id="aheart-select-v-0-listbox-option-6e-75-6d-62-65-72-3a-33-32-39" class="aheart-select__option" role="option" aria-selected="false"><span class="aheart-select__option-content">Item 329</span>
        <!--v-if-->
      </div>
      <div id="aheart-select-v-0-listbox-option-6e-75-6d-62-65-72-3a-33-33-30" class="aheart-select__option" role="option" aria-selected="false"><span class="aheart-select__option-content">Item 330</span>
        <!--v-if-->
      </div>
      <div id="aheart-select-v-0-listbox-option-6e-75-6d-62-65-72-3a-33-33-31" class="aheart-select__option" role="option" aria-selected="false"><span class="aheart-select__option-content">Item 331</span>
        <!--v-if-->
      </div>
      <div id="aheart-select-v-0-listbox-option-6e-75-6d-62-65-72-3a-33-33-32" class="aheart-select__option" role="option" aria-selected="false"><span class="aheart-select__option-content">Item 332</span>
        <!--v-if-->
      </div>
      <div id="aheart-select-v-0-listbox-option-6e-75-6d-62-65-72-3a-33-33-33" class="aheart-select__option" role="option" aria-selected="false"><span class="aheart-select__option-content">Item 333</span>
        <!--v-if-->
      </div>
      <div id="aheart-select-v-0-listbox-option-6e-75-6d-62-65-72-3a-33-33-34" class="aheart-select__option" role="option" aria-selected="false"><span class="aheart-select__option-content">Item 334</span>
        <!--v-if-->
      </div>
      <div id="aheart-select-v-0-listbox-option-6e-75-6d-62-65-72-3a-33-33-35" class="aheart-select__option" role="option" aria-selected="false"><span class="aheart-select__option-content">Item 335</span>
        <!--v-if-->
      </div>
      <div id="aheart-select-v-0-listbox-option-6e-75-6d-62-65-72-3a-33-33-36" class="aheart-select__option" role="option" aria-selected="false"><span class="aheart-select__option-content">Item 336</span>
        <!--v-if-->
      </div>
      <div id="aheart-select-v-0-listbox-option-6e-75-6d-62-65-72-3a-33-33-37" class="aheart-select__option" role="option" aria-selected="false"><span class="aheart-select__option-content">Item 337</span>
        <!--v-if-->
      </div>
      <div id="aheart-select-v-0-listbox-option-6e-75-6d-62-65-72-3a-33-33-38" class="aheart-select__option" role="option" aria-selected="false"><span class="aheart-select__option-content">Item 338</span>
        <!--v-if-->
      </div>
      <div id="aheart-select-v-0-listbox-option-6e-75-6d-62-65-72-3a-33-33-39" class="aheart-select__option" role="option" aria-selected="false"><span class="aheart-select__option-content">Item 339</span>
        <!--v-if-->
      </div>
      <div id="aheart-select-v-0-listbox-option-6e-75-6d-62-65-72-3a-33-34-30" class="aheart-select__option" role="option" aria-selected="false"><span class="aheart-select__option-content">Item 340</span>
        <!--v-if-->
      </div>
      <div id="aheart-select-v-0-listbox-option-6e-75-6d-62-65-72-3a-33-34-31" class="aheart-select__option" role="option" aria-selected="false"><span class="aheart-select__option-content">Item 341</span>
        <!--v-if-->
      </div>
      <div id="aheart-select-v-0-listbox-option-6e-75-6d-62-65-72-3a-33-34-32" class="aheart-select__option" role="option" aria-selected="false"><span class="aheart-select__option-content">Item 342</span>
        <!--v-if-->
      </div>
      <div id="aheart-select-v-0-listbox-option-6e-75-6d-62-65-72-3a-33-34-33" class="aheart-select__option" role="option" aria-selected="false"><span class="aheart-select__option-content">Item 343</span>
        <!--v-if-->
      </div>
      <div id="aheart-select-v-0-listbox-option-6e-75-6d-62-65-72-3a-33-34-34" class="aheart-select__option" role="option" aria-selected="false"><span class="aheart-select__option-content">Item 344</span>
        <!--v-if-->
      </div>
      <div id="aheart-select-v-0-listbox-option-6e-75-6d-62-65-72-3a-33-34-35" class="aheart-select__option" role="option" aria-selected="false"><span class="aheart-select__option-content">Item 345</span>
        <!--v-if-->
      </div>
      <div id="aheart-select-v-0-listbox-option-6e-75-6d-62-65-72-3a-33-34-36" class="aheart-select__option" role="option" aria-selected="false"><span class="aheart-select__option-content">Item 346</span>
        <!--v-if-->
      </div>
      <div id="aheart-select-v-0-listbox-option-6e-75-6d-62-65-72-3a-33-34-37" class="aheart-select__option" role="option" aria-selected="false"><span class="aheart-select__option-content">Item 347</span>
        <!--v-if-->
      </div>
      <div id="aheart-select-v-0-listbox-option-6e-75-6d-62-65-72-3a-33-34-38" class="aheart-select__option" role="option" aria-selected="false"><span class="aheart-select__option-content">Item 348</span>
        <!--v-if-->
      </div>
      <div id="aheart-select-v-0-listbox-option-6e-75-6d-62-65-72-3a-33-34-39" class="aheart-select__option" role="option" aria-selected="false"><span class="aheart-select__option-content">Item 349</span>
        <!--v-if-->
      </div>
      <div id="aheart-select-v-0-listbox-option-6e-75-6d-62-65-72-3a-33-35-30" class="aheart-select__option" role="option" aria-selected="false"><span class="aheart-select__option-content">Item 350</span>
        <!--v-if-->
      </div>
      <div id="aheart-select-v-0-listbox-option-6e-75-6d-62-65-72-3a-33-35-31" class="aheart-select__option" role="option" aria-selected="false"><span class="aheart-select__option-content">Item 351</span>
        <!--v-if-->
      </div>
      <div id="aheart-select-v-0-listbox-option-6e-75-6d-62-65-72-3a-33-35-32" class="aheart-select__option" role="option" aria-selected="false"><span class="aheart-select__option-content">Item 352</span>
        <!--v-if-->
      </div>
      <div id="aheart-select-v-0-listbox-option-6e-75-6d-62-65-72-3a-33-35-33" class="aheart-select__option" role="option" aria-selected="false"><span class="aheart-select__option-content">Item 353</span>
        <!--v-if-->
      </div>
      <div id="aheart-select-v-0-listbox-option-6e-75-6d-62-65-72-3a-33-35-34" class="aheart-select__option" role="option" aria-selected="false"><span class="aheart-select__option-content">Item 354</span>
        <!--v-if-->
      </div>
      <div id="aheart-select-v-0-listbox-option-6e-75-6d-62-65-72-3a-33-35-35" class="aheart-select__option" role="option" aria-selected="false"><span class="aheart-select__option-content">Item 355</span>
        <!--v-if-->
      </div>
      <div id="aheart-select-v-0-listbox-option-6e-75-6d-62-65-72-3a-33-35-36" class="aheart-select__option" role="option" aria-selected="false"><span class="aheart-select__option-content">Item 356</span>
        <!--v-if-->
      </div>
      <div id="aheart-select-v-0-listbox-option-6e-75-6d-62-65-72-3a-33-35-37" class="aheart-select__option" role="option" aria-selected="false"><span class="aheart-select__option-content">Item 357</span>
        <!--v-if-->
      </div>
      <div id="aheart-select-v-0-listbox-option-6e-75-6d-62-65-72-3a-33-35-38" class="aheart-select__option" role="option" aria-selected="false"><span class="aheart-select__option-content">Item 358</span>
        <!--v-if-->
      </div>
      <div id="aheart-select-v-0-listbox-option-6e-75-6d-62-65-72-3a-33-35-39" class="aheart-select__option" role="option" aria-selected="false"><span class="aheart-select__option-content">Item 359</span>
        <!--v-if-->
      </div>
      <div id="aheart-select-v-0-listbox-option-6e-75-6d-62-65-72-3a-33-36-30" class="aheart-select__option" role="option" aria-selected="false"><span class="aheart-select__option-content">Item 360</span>
        <!--v-if-->
      </div>
      <div id="aheart-select-v-0-listbox-option-6e-75-6d-62-65-72-3a-33-36-31" class="aheart-select__option" role="option" aria-selected="false"><span class="aheart-select__option-content">Item 361</span>
        <!--v-if-->
      </div>
      <div id="aheart-select-v-0-listbox-option-6e-75-6d-62-65-72-3a-33-36-32" class="aheart-select__option" role="option" aria-selected="false"><span class="aheart-select__option-content">Item 362</span>
        <!--v-if-->
      </div>
      <div id="aheart-select-v-0-listbox-option-6e-75-6d-62-65-72-3a-33-36-33" class="aheart-select__option" role="option" aria-selected="false"><span class="aheart-select__option-content">Item 363</span>
        <!--v-if-->
      </div>
      <div id="aheart-select-v-0-listbox-option-6e-75-6d-62-65-72-3a-33-36-34" class="aheart-select__option" role="option" aria-selected="false"><span class="aheart-select__option-content">Item 364</span>
        <!--v-if-->
      </div>
      <div id="aheart-select-v-0-listbox-option-6e-75-6d-62-65-72-3a-33-36-35" class="aheart-select__option" role="option" aria-selected="false"><span class="aheart-select__option-content">Item 365</span>
        <!--v-if-->
      </div>
      <div id="aheart-select-v-0-listbox-option-6e-75-6d-62-65-72-3a-33-36-36" class="aheart-select__option" role="option" aria-selected="false"><span class="aheart-select__option-content">Item 366</span>
        <!--v-if-->
      </div>
      <div id="aheart-select-v-0-listbox-option-6e-75-6d-62-65-72-3a-33-36-37" class="aheart-select__option" role="option" aria-selected="false"><span class="aheart-select__option-content">Item 367</span>
        <!--v-if-->
      </div>
      <div id="aheart-select-v-0-listbox-option-6e-75-6d-62-65-72-3a-33-36-38" class="aheart-select__option" role="option" aria-selected="false"><span class="aheart-select__option-content">Item 368</span>
        <!--v-if-->
      </div>
      <div id="aheart-select-v-0-listbox-option-6e-75-6d-62-65-72-3a-33-36-39" class="aheart-select__option" role="option" aria-selected="false"><span class="aheart-select__option-content">Item 369</span>
        <!--v-if-->
      </div>
      <div id="aheart-select-v-0-listbox-option-6e-75-6d-62-65-72-3a-33-37-30" class="aheart-select__option" role="option" aria-selected="false"><span class="aheart-select__option-content">Item 370</span>
        <!--v-if-->
      </div>
      <div id="aheart-select-v-0-listbox-option-6e-75-6d-62-65-72-3a-33-37-31" class="aheart-select__option" role="option" aria-selected="false"><span class="aheart-select__option-content">Item 371</span>
        <!--v-if-->
      </div>
      <div id="aheart-select-v-0-listbox-option-6e-75-6d-62-65-72-3a-33-37-32" class="aheart-select__option" role="option" aria-selected="false"><span class="aheart-select__option-content">Item 372</span>
        <!--v-if-->
      </div>
      <div id="aheart-select-v-0-listbox-option-6e-75-6d-62-65-72-3a-33-37-33" class="aheart-select__option" role="option" aria-selected="false"><span class="aheart-select__option-content">Item 373</span>
        <!--v-if-->
      </div>
      <div id="aheart-select-v-0-listbox-option-6e-75-6d-62-65-72-3a-33-37-34" class="aheart-select__option" role="option" aria-selected="false"><span class="aheart-select__option-content">Item 374</span>
        <!--v-if-->
      </div>
      <div id="aheart-select-v-0-listbox-option-6e-75-6d-62-65-72-3a-33-37-35" class="aheart-select__option" role="option" aria-selected="false"><span class="aheart-select__option-content">Item 375</span>
        <!--v-if-->
      </div>
      <div id="aheart-select-v-0-listbox-option-6e-75-6d-62-65-72-3a-33-37-36" class="aheart-select__option" role="option" aria-selected="false"><span class="aheart-select__option-content">Item 376</span>
        <!--v-if-->
      </div>
      <div id="aheart-select-v-0-listbox-option-6e-75-6d-62-65-72-3a-33-37-37" class="aheart-select__option" role="option" aria-selected="false"><span class="aheart-select__option-content">Item 377</span>
        <!--v-if-->
      </div>
      <div id="aheart-select-v-0-listbox-option-6e-75-6d-62-65-72-3a-33-37-38" class="aheart-select__option" role="option" aria-selected="false"><span class="aheart-select__option-content">Item 378</span>
        <!--v-if-->
      </div>
      <div id="aheart-select-v-0-listbox-option-6e-75-6d-62-65-72-3a-33-37-39" class="aheart-select__option" role="option" aria-selected="false"><span class="aheart-select__option-content">Item 379</span>
        <!--v-if-->
      </div>
      <div id="aheart-select-v-0-listbox-option-6e-75-6d-62-65-72-3a-33-38-30" class="aheart-select__option" role="option" aria-selected="false"><span class="aheart-select__option-content">Item 380</span>
        <!--v-if-->
      </div>
      <div id="aheart-select-v-0-listbox-option-6e-75-6d-62-65-72-3a-33-38-31" class="aheart-select__option" role="option" aria-selected="false"><span class="aheart-select__option-content">Item 381</span>
        <!--v-if-->
      </div>
      <div id="aheart-select-v-0-listbox-option-6e-75-6d-62-65-72-3a-33-38-32" class="aheart-select__option" role="option" aria-selected="false"><span class="aheart-select__option-content">Item 382</span>
        <!--v-if-->
      </div>
      <div id="aheart-select-v-0-listbox-option-6e-75-6d-62-65-72-3a-33-38-33" class="aheart-select__option" role="option" aria-selected="false"><span class="aheart-select__option-content">Item 383</span>
        <!--v-if-->
      </div>
      <div id="aheart-select-v-0-listbox-option-6e-75-6d-62-65-72-3a-33-38-34" class="aheart-select__option" role="option" aria-selected="false"><span class="aheart-select__option-content">Item 384</span>
        <!--v-if-->
      </div>
      <div id="aheart-select-v-0-listbox-option-6e-75-6d-62-65-72-3a-33-38-35" class="aheart-select__option" role="option" aria-selected="false"><span class="aheart-select__option-content">Item 385</span>
        <!--v-if-->
      </div>
      <div id="aheart-select-v-0-listbox-option-6e-75-6d-62-65-72-3a-33-38-36" class="aheart-select__option" role="option" aria-selected="false"><span class="aheart-select__option-content">Item 386</span>
        <!--v-if-->
      </div>
      <div id="aheart-select-v-0-listbox-option-6e-75-6d-62-65-72-3a-33-38-37" class="aheart-select__option" role="option" aria-selected="false"><span class="aheart-select__option-content">Item 387</span>
        <!--v-if-->
      </div>
      <div id="aheart-select-v-0-listbox-option-6e-75-6d-62-65-72-3a-33-38-38" class="aheart-select__option" role="option" aria-selected="false"><span class="aheart-select__option-content">Item 388</span>
        <!--v-if-->
      </div>
      <div id="aheart-select-v-0-listbox-option-6e-75-6d-62-65-72-3a-33-38-39" class="aheart-select__option" role="option" aria-selected="false"><span class="aheart-select__option-content">Item 389</span>
        <!--v-if-->
      </div>
      <div id="aheart-select-v-0-listbox-option-6e-75-6d-62-65-72-3a-33-39-30" class="aheart-select__option" role="option" aria-selected="false"><span class="aheart-select__option-content">Item 390</span>
        <!--v-if-->
      </div>
      <div id="aheart-select-v-0-listbox-option-6e-75-6d-62-65-72-3a-33-39-31" class="aheart-select__option" role="option" aria-selected="false"><span class="aheart-select__option-content">Item 391</span>
        <!--v-if-->
      </div>
      <div id="aheart-select-v-0-listbox-option-6e-75-6d-62-65-72-3a-33-39-32" class="aheart-select__option" role="option" aria-selected="false"><span class="aheart-select__option-content">Item 392</span>
        <!--v-if-->
      </div>
      <div id="aheart-select-v-0-listbox-option-6e-75-6d-62-65-72-3a-33-39-33" class="aheart-select__option" role="option" aria-selected="false"><span class="aheart-select__option-content">Item 393</span>
        <!--v-if-->
      </div>
      <div id="aheart-select-v-0-listbox-option-6e-75-6d-62-65-72-3a-33-39-34" class="aheart-select__option" role="option" aria-selected="false"><span class="aheart-select__option-content">Item 394</span>
        <!--v-if-->
      </div>
      <div id="aheart-select-v-0-listbox-option-6e-75-6d-62-65-72-3a-33-39-35" class="aheart-select__option" role="option" aria-selected="false"><span class="aheart-select__option-content">Item 395</span>
        <!--v-if-->
      </div>
      <div id="aheart-select-v-0-listbox-option-6e-75-6d-62-65-72-3a-33-39-36" class="aheart-select__option" role="option" aria-selected="false"><span class="aheart-select__option-content">Item 396</span>
        <!--v-if-->
      </div>
      <div id="aheart-select-v-0-listbox-option-6e-75-6d-62-65-72-3a-33-39-37" class="aheart-select__option" role="option" aria-selected="false"><span class="aheart-select__option-content">Item 397</span>
        <!--v-if-->
      </div>
      <div id="aheart-select-v-0-listbox-option-6e-75-6d-62-65-72-3a-33-39-38" class="aheart-select__option" role="option" aria-selected="false"><span class="aheart-select__option-content">Item 398</span>
        <!--v-if-->
      </div>
      <div id="aheart-select-v-0-listbox-option-6e-75-6d-62-65-72-3a-33-39-39" class="aheart-select__option" role="option" aria-selected="false"><span class="aheart-select__option-content">Item 399</span>
        <!--v-if-->
      </div>
      <div id="aheart-select-v-0-listbox-option-6e-75-6d-62-65-72-3a-34-30-30" class="aheart-select__option" role="option" aria-selected="false"><span class="aheart-select__option-content">Item 400</span>
        <!--v-if-->
      </div>
      <div id="aheart-select-v-0-listbox-option-6e-75-6d-62-65-72-3a-34-30-31" class="aheart-select__option" role="option" aria-selected="false"><span class="aheart-select__option-content">Item 401</span>
        <!--v-if-->
      </div>
      <div id="aheart-select-v-0-listbox-option-6e-75-6d-62-65-72-3a-34-30-32" class="aheart-select__option" role="option" aria-selected="false"><span class="aheart-select__option-content">Item 402</span>
        <!--v-if-->
      </div>
      <div id="aheart-select-v-0-listbox-option-6e-75-6d-62-65-72-3a-34-30-33" class="aheart-select__option" role="option" aria-selected="false"><span class="aheart-select__option-content">Item 403</span>
        <!--v-if-->
      </div>
      <div id="aheart-select-v-0-listbox-option-6e-75-6d-62-65-72-3a-34-30-34" class="aheart-select__option" role="option" aria-selected="false"><span class="aheart-select__option-content">Item 404</span>
        <!--v-if-->
      </div>
      <div id="aheart-select-v-0-listbox-option-6e-75-6d-62-65-72-3a-34-30-35" class="aheart-select__option" role="option" aria-selected="false"><span class="aheart-select__option-content">Item 405</span>
        <!--v-if-->
      </div>
      <div id="aheart-select-v-0-listbox-option-6e-75-6d-62-65-72-3a-34-30-36" class="aheart-select__option" role="option" aria-selected="false"><span class="aheart-select__option-content">Item 406</span>
        <!--v-if-->
      </div>
      <div id="aheart-select-v-0-listbox-option-6e-75-6d-62-65-72-3a-34-30-37" class="aheart-select__option" role="option" aria-selected="false"><span class="aheart-select__option-content">Item 407</span>
        <!--v-if-->
      </div>
      <div id="aheart-select-v-0-listbox-option-6e-75-6d-62-65-72-3a-34-30-38" class="aheart-select__option" role="option" aria-selected="false"><span class="aheart-select__option-content">Item 408</span>
        <!--v-if-->
      </div>
      <div id="aheart-select-v-0-listbox-option-6e-75-6d-62-65-72-3a-34-30-39" class="aheart-select__option" role="option" aria-selected="false"><span class="aheart-select__option-content">Item 409</span>
        <!--v-if-->
      </div>
      <div id="aheart-select-v-0-listbox-option-6e-75-6d-62-65-72-3a-34-31-30" class="aheart-select__option" role="option" aria-selected="false"><span class="aheart-select__option-content">Item 410</span>
        <!--v-if-->
      </div>
      <div id="aheart-select-v-0-listbox-option-6e-75-6d-62-65-72-3a-34-31-31" class="aheart-select__option" role="option" aria-selected="false"><span class="aheart-select__option-content">Item 411</span>
        <!--v-if-->
      </div>
      <div id="aheart-select-v-0-listbox-option-6e-75-6d-62-65-72-3a-34-31-32" class="aheart-select__option" role="option" aria-selected="false"><span class="aheart-select__option-content">Item 412</span>
        <!--v-if-->
      </div>
      <div id="aheart-select-v-0-listbox-option-6e-75-6d-62-65-72-3a-34-31-33" class="aheart-select__option" role="option" aria-selected="false"><span class="aheart-select__option-content">Item 413</span>
        <!--v-if-->
      </div>
      <div id="aheart-select-v-0-listbox-option-6e-75-6d-62-65-72-3a-34-31-34" class="aheart-select__option" role="option" aria-selected="false"><span class="aheart-select__option-content">Item 414</span>
        <!--v-if-->
      </div>
      <div id="aheart-select-v-0-listbox-option-6e-75-6d-62-65-72-3a-34-31-35" class="aheart-select__option" role="option" aria-selected="false"><span class="aheart-select__option-content">Item 415</span>
        <!--v-if-->
      </div>
      <div id="aheart-select-v-0-listbox-option-6e-75-6d-62-65-72-3a-34-31-36" class="aheart-select__option" role="option" aria-selected="false"><span class="aheart-select__option-content">Item 416</span>
        <!--v-if-->
      </div>
      <div id="aheart-select-v-0-listbox-option-6e-75-6d-62-65-72-3a-34-31-37" class="aheart-select__option" role="option" aria-selected="false"><span class="aheart-select__option-content">Item 417</span>
        <!--v-if-->
      </div>
      <div id="aheart-select-v-0-listbox-option-6e-75-6d-62-65-72-3a-34-31-38" class="aheart-select__option" role="option" aria-selected="false"><span class="aheart-select__option-content">Item 418</span>
        <!--v-if-->
      </div>
      <div id="aheart-select-v-0-listbox-option-6e-75-6d-62-65-72-3a-34-31-39" class="aheart-select__option" role="option" aria-selected="false"><span class="aheart-select__option-content">Item 419</span>
        <!--v-if-->
      </div>
      <div id="aheart-select-v-0-listbox-option-6e-75-6d-62-65-72-3a-34-32-30" class="aheart-select__option" role="option" aria-selected="false"><span class="aheart-select__option-content">Item 420</span>
        <!--v-if-->
      </div>
      <div id="aheart-select-v-0-listbox-option-6e-75-6d-62-65-72-3a-34-32-31" class="aheart-select__option" role="option" aria-selected="false"><span class="aheart-select__option-content">Item 421</span>
        <!--v-if-->
      </div>
      <div id="aheart-select-v-0-listbox-option-6e-75-6d-62-65-72-3a-34-32-32" class="aheart-select__option" role="option" aria-selected="false"><span class="aheart-select__option-content">Item 422</span>
        <!--v-if-->
      </div>
      <div id="aheart-select-v-0-listbox-option-6e-75-6d-62-65-72-3a-34-32-33" class="aheart-select__option" role="option" aria-selected="false"><span class="aheart-select__option-content">Item 423</span>
        <!--v-if-->
      </div>
      <div id="aheart-select-v-0-listbox-option-6e-75-6d-62-65-72-3a-34-32-34" class="aheart-select__option" role="option" aria-selected="false"><span class="aheart-select__option-content">Item 424</span>
        <!--v-if-->
      </div>
      <div id="aheart-select-v-0-listbox-option-6e-75-6d-62-65-72-3a-34-32-35" class="aheart-select__option" role="option" aria-selected="false"><span class="aheart-select__option-content">Item 425</span>
        <!--v-if-->
      </div>
      <div id="aheart-select-v-0-listbox-option-6e-75-6d-62-65-72-3a-34-32-36" class="aheart-select__option" role="option" aria-selected="false"><span class="aheart-select__option-content">Item 426</span>
        <!--v-if-->
      </div>
      <div id="aheart-select-v-0-listbox-option-6e-75-6d-62-65-72-3a-34-32-37" class="aheart-select__option" role="option" aria-selected="false"><span class="aheart-select__option-content">Item 427</span>
        <!--v-if-->
      </div>
      <div id="aheart-select-v-0-listbox-option-6e-75-6d-62-65-72-3a-34-32-38" class="aheart-select__option" role="option" aria-selected="false"><span class="aheart-select__option-content">Item 428</span>
        <!--v-if-->
      </div>
      <div id="aheart-select-v-0-listbox-option-6e-75-6d-62-65-72-3a-34-32-39" class="aheart-select__option" role="option" aria-selected="false"><span class="aheart-select__option-content">Item 429</span>
        <!--v-if-->
      </div>
      <div id="aheart-select-v-0-listbox-option-6e-75-6d-62-65-72-3a-34-33-30" class="aheart-select__option" role="option" aria-selected="false"><span class="aheart-select__option-content">Item 430</span>
        <!--v-if-->
      </div>
      <div id="aheart-select-v-0-listbox-option-6e-75-6d-62-65-72-3a-34-33-31" class="aheart-select__option" role="option" aria-selected="false"><span class="aheart-select__option-content">Item 431</span>
        <!--v-if-->
      </div>
      <div id="aheart-select-v-0-listbox-option-6e-75-6d-62-65-72-3a-34-33-32" class="aheart-select__option" role="option" aria-selected="false"><span class="aheart-select__option-content">Item 432</span>
        <!--v-if-->
      </div>
      <div id="aheart-select-v-0-listbox-option-6e-75-6d-62-65-72-3a-34-33-33" class="aheart-select__option" role="option" aria-selected="false"><span class="aheart-select__option-content">Item 433</span>
        <!--v-if-->
      </div>
      <div id="aheart-select-v-0-listbox-option-6e-75-6d-62-65-72-3a-34-33-34" class="aheart-select__option" role="option" aria-selected="false"><span class="aheart-select__option-content">Item 434</span>
        <!--v-if-->
      </div>
      <div id="aheart-select-v-0-listbox-option-6e-75-6d-62-65-72-3a-34-33-35" class="aheart-select__option" role="option" aria-selected="false"><span class="aheart-select__option-content">Item 435</span>
        <!--v-if-->
      </div>
      <div id="aheart-select-v-0-listbox-option-6e-75-6d-62-65-72-3a-34-33-36" class="aheart-select__option" role="option" aria-selected="false"><span class="aheart-select__option-content">Item 436</span>
        <!--v-if-->
      </div>
      <div id="aheart-select-v-0-listbox-option-6e-75-6d-62-65-72-3a-34-33-37" class="aheart-select__option" role="option" aria-selected="false"><span class="aheart-select__option-content">Item 437</span>
        <!--v-if-->
      </div>
      <div id="aheart-select-v-0-listbox-option-6e-75-6d-62-65-72-3a-34-33-38" class="aheart-select__option" role="option" aria-selected="false"><span class="aheart-select__option-content">Item 438</span>
        <!--v-if-->
      </div>
      <div id="aheart-select-v-0-listbox-option-6e-75-6d-62-65-72-3a-34-33-39" class="aheart-select__option" role="option" aria-selected="false"><span class="aheart-select__option-content">Item 439</span>
        <!--v-if-->
      </div>
      <div id="aheart-select-v-0-listbox-option-6e-75-6d-62-65-72-3a-34-34-30" class="aheart-select__option" role="option" aria-selected="false"><span class="aheart-select__option-content">Item 440</span>
        <!--v-if-->
      </div>
      <div id="aheart-select-v-0-listbox-option-6e-75-6d-62-65-72-3a-34-34-31" class="aheart-select__option" role="option" aria-selected="false"><span class="aheart-select__option-content">Item 441</span>
        <!--v-if-->
      </div>
      <div id="aheart-select-v-0-listbox-option-6e-75-6d-62-65-72-3a-34-34-32" class="aheart-select__option" role="option" aria-selected="false"><span class="aheart-select__option-content">Item 442</span>
        <!--v-if-->
      </div>
      <div id="aheart-select-v-0-listbox-option-6e-75-6d-62-65-72-3a-34-34-33" class="aheart-select__option" role="option" aria-selected="false"><span class="aheart-select__option-content">Item 443</span>
        <!--v-if-->
      </div>
      <div id="aheart-select-v-0-listbox-option-6e-75-6d-62-65-72-3a-34-34-34" class="aheart-select__option" role="option" aria-selected="false"><span class="aheart-select__option-content">Item 444</span>
        <!--v-if-->
      </div>
      <div id="aheart-select-v-0-listbox-option-6e-75-6d-62-65-72-3a-34-34-35" class="aheart-select__option" role="option" aria-selected="false"><span class="aheart-select__option-content">Item 445</span>
        <!--v-if-->
      </div>
      <div id="aheart-select-v-0-listbox-option-6e-75-6d-62-65-72-3a-34-34-36" class="aheart-select__option" role="option" aria-selected="false"><span class="aheart-select__option-content">Item 446</span>
        <!--v-if-->
      </div>
      <div id="aheart-select-v-0-listbox-option-6e-75-6d-62-65-72-3a-34-34-37" class="aheart-select__option" role="option" aria-selected="false"><span class="aheart-select__option-content">Item 447</span>
        <!--v-if-->
      </div>
      <div id="aheart-select-v-0-listbox-option-6e-75-6d-62-65-72-3a-34-34-38" class="aheart-select__option" role="option" aria-selected="false"><span class="aheart-select__option-content">Item 448</span>
        <!--v-if-->
      </div>
      <div id="aheart-select-v-0-listbox-option-6e-75-6d-62-65-72-3a-34-34-39" class="aheart-select__option" role="option" aria-selected="false"><span class="aheart-select__option-content">Item 449</span>
        <!--v-if-->
      </div>
      <div id="aheart-select-v-0-listbox-option-6e-75-6d-62-65-72-3a-34-35-30" class="aheart-select__option" role="option" aria-selected="false"><span class="aheart-select__option-content">Item 450</span>
        <!--v-if-->
      </div>
      <div id="aheart-select-v-0-listbox-option-6e-75-6d-62-65-72-3a-34-35-31" class="aheart-select__option" role="option" aria-selected="false"><span class="aheart-select__option-content">Item 451</span>
        <!--v-if-->
      </div>
      <div id="aheart-select-v-0-listbox-option-6e-75-6d-62-65-72-3a-34-35-32" class="aheart-select__option" role="option" aria-selected="false"><span class="aheart-select__option-content">Item 452</span>
        <!--v-if-->
      </div>
      <div id="aheart-select-v-0-listbox-option-6e-75-6d-62-65-72-3a-34-35-33" class="aheart-select__option" role="option" aria-selected="false"><span class="aheart-select__option-content">Item 453</span>
        <!--v-if-->
      </div>
      <div id="aheart-select-v-0-listbox-option-6e-75-6d-62-65-72-3a-34-35-34" class="aheart-select__option" role="option" aria-selected="false"><span class="aheart-select__option-content">Item 454</span>
        <!--v-if-->
      </div>
      <div id="aheart-select-v-0-listbox-option-6e-75-6d-62-65-72-3a-34-35-35" class="aheart-select__option" role="option" aria-selected="false"><span class="aheart-select__option-content">Item 455</span>
        <!--v-if-->
      </div>
      <div id="aheart-select-v-0-listbox-option-6e-75-6d-62-65-72-3a-34-35-36" class="aheart-select__option" role="option" aria-selected="false"><span class="aheart-select__option-content">Item 456</span>
        <!--v-if-->
      </div>
      <div id="aheart-select-v-0-listbox-option-6e-75-6d-62-65-72-3a-34-35-37" class="aheart-select__option" role="option" aria-selected="false"><span class="aheart-select__option-content">Item 457</span>
        <!--v-if-->
      </div>
      <div id="aheart-select-v-0-listbox-option-6e-75-6d-62-65-72-3a-34-35-38" class="aheart-select__option" role="option" aria-selected="false"><span class="aheart-select__option-content">Item 458</span>
        <!--v-if-->
      </div>
      <div id="aheart-select-v-0-listbox-option-6e-75-6d-62-65-72-3a-34-35-39" class="aheart-select__option" role="option" aria-selected="false"><span class="aheart-select__option-content">Item 459</span>
        <!--v-if-->
      </div>
      <div id="aheart-select-v-0-listbox-option-6e-75-6d-62-65-72-3a-34-36-30" class="aheart-select__option" role="option" aria-selected="false"><span class="aheart-select__option-content">Item 460</span>
        <!--v-if-->
      </div>
      <div id="aheart-select-v-0-listbox-option-6e-75-6d-62-65-72-3a-34-36-31" class="aheart-select__option" role="option" aria-selected="false"><span class="aheart-select__option-content">Item 461</span>
        <!--v-if-->
      </div>
      <div id="aheart-select-v-0-listbox-option-6e-75-6d-62-65-72-3a-34-36-32" class="aheart-select__option" role="option" aria-selected="false"><span class="aheart-select__option-content">Item 462</span>
        <!--v-if-->
      </div>
      <div id="aheart-select-v-0-listbox-option-6e-75-6d-62-65-72-3a-34-36-33" class="aheart-select__option" role="option" aria-selected="false"><span class="aheart-select__option-content">Item 463</span>
        <!--v-if-->
      </div>
      <div id="aheart-select-v-0-listbox-option-6e-75-6d-62-65-72-3a-34-36-34" class="aheart-select__option" role="option" aria-selected="false"><span class="aheart-select__option-content">Item 464</span>
        <!--v-if-->
      </div>
      <div id="aheart-select-v-0-listbox-option-6e-75-6d-62-65-72-3a-34-36-35" class="aheart-select__option" role="option" aria-selected="false"><span class="aheart-select__option-content">Item 465</span>
        <!--v-if-->
      </div>
      <div id="aheart-select-v-0-listbox-option-6e-75-6d-62-65-72-3a-34-36-36" class="aheart-select__option" role="option" aria-selected="false"><span class="aheart-select__option-content">Item 466</span>
        <!--v-if-->
      </div>
      <div id="aheart-select-v-0-listbox-option-6e-75-6d-62-65-72-3a-34-36-37" class="aheart-select__option" role="option" aria-selected="false"><span class="aheart-select__option-content">Item 467</span>
        <!--v-if-->
      </div>
      <div id="aheart-select-v-0-listbox-option-6e-75-6d-62-65-72-3a-34-36-38" class="aheart-select__option" role="option" aria-selected="false"><span class="aheart-select__option-content">Item 468</span>
        <!--v-if-->
      </div>
      <div id="aheart-select-v-0-listbox-option-6e-75-6d-62-65-72-3a-34-36-39" class="aheart-select__option" role="option" aria-selected="false"><span class="aheart-select__option-content">Item 469</span>
        <!--v-if-->
      </div>
      <div id="aheart-select-v-0-listbox-option-6e-75-6d-62-65-72-3a-34-37-30" class="aheart-select__option" role="option" aria-selected="false"><span class="aheart-select__option-content">Item 470</span>
        <!--v-if-->
      </div>
      <div id="aheart-select-v-0-listbox-option-6e-75-6d-62-65-72-3a-34-37-31" class="aheart-select__option" role="option" aria-selected="false"><span class="aheart-select__option-content">Item 471</span>
        <!--v-if-->
      </div>
      <div id="aheart-select-v-0-listbox-option-6e-75-6d-62-65-72-3a-34-37-32" class="aheart-select__option" role="option" aria-selected="false"><span class="aheart-select__option-content">Item 472</span>
        <!--v-if-->
      </div>
      <div id="aheart-select-v-0-listbox-option-6e-75-6d-62-65-72-3a-34-37-33" class="aheart-select__option" role="option" aria-selected="false"><span class="aheart-select__option-content">Item 473</span>
        <!--v-if-->
      </div>
      <div id="aheart-select-v-0-listbox-option-6e-75-6d-62-65-72-3a-34-37-34" class="aheart-select__option" role="option" aria-selected="false"><span class="aheart-select__option-content">Item 474</span>
        <!--v-if-->
      </div>
      <div id="aheart-select-v-0-listbox-option-6e-75-6d-62-65-72-3a-34-37-35" class="aheart-select__option" role="option" aria-selected="false"><span class="aheart-select__option-content">Item 475</span>
        <!--v-if-->
      </div>
      <div id="aheart-select-v-0-listbox-option-6e-75-6d-62-65-72-3a-34-37-36" class="aheart-select__option" role="option" aria-selected="false"><span class="aheart-select__option-content">Item 476</span>
        <!--v-if-->
      </div>
      <div id="aheart-select-v-0-listbox-option-6e-75-6d-62-65-72-3a-34-37-37" class="aheart-select__option" role="option" aria-selected="false"><span class="aheart-select__option-content">Item 477</span>
        <!--v-if-->
      </div>
      <div id="aheart-select-v-0-listbox-option-6e-75-6d-62-65-72-3a-34-37-38" class="aheart-select__option" role="option" aria-selected="false"><span class="aheart-select__option-content">Item 478</span>
        <!--v-if-->
      </div>
      <div id="aheart-select-v-0-listbox-option-6e-75-6d-62-65-72-3a-34-37-39" class="aheart-select__option" role="option" aria-selected="false"><span class="aheart-select__option-content">Item 479</span>
        <!--v-if-->
      </div>
      <div id="aheart-select-v-0-listbox-option-6e-75-6d-62-65-72-3a-34-38-30" class="aheart-select__option" role="option" aria-selected="false"><span class="aheart-select__option-content">Item 480</span>
        <!--v-if-->
      </div>
      <div id="aheart-select-v-0-listbox-option-6e-75-6d-62-65-72-3a-34-38-31" class="aheart-select__option" role="option" aria-selected="false"><span class="aheart-select__option-content">Item 481</span>
        <!--v-if-->
      </div>
      <div id="aheart-select-v-0-listbox-option-6e-75-6d-62-65-72-3a-34-38-32" class="aheart-select__option" role="option" aria-selected="false"><span class="aheart-select__option-content">Item 482</span>
        <!--v-if-->
      </div>
      <div id="aheart-select-v-0-listbox-option-6e-75-6d-62-65-72-3a-34-38-33" class="aheart-select__option" role="option" aria-selected="false"><span class="aheart-select__option-content">Item 483</span>
        <!--v-if-->
      </div>
      <div id="aheart-select-v-0-listbox-option-6e-75-6d-62-65-72-3a-34-38-34" class="aheart-select__option" role="option" aria-selected="false"><span class="aheart-select__option-content">Item 484</span>
        <!--v-if-->
      </div>
      <div id="aheart-select-v-0-listbox-option-6e-75-6d-62-65-72-3a-34-38-35" class="aheart-select__option" role="option" aria-selected="false"><span class="aheart-select__option-content">Item 485</span>
        <!--v-if-->
      </div>
      <div id="aheart-select-v-0-listbox-option-6e-75-6d-62-65-72-3a-34-38-36" class="aheart-select__option" role="option" aria-selected="false"><span class="aheart-select__option-content">Item 486</span>
        <!--v-if-->
      </div>
      <div id="aheart-select-v-0-listbox-option-6e-75-6d-62-65-72-3a-34-38-37" class="aheart-select__option" role="option" aria-selected="false"><span class="aheart-select__option-content">Item 487</span>
        <!--v-if-->
      </div>
      <div id="aheart-select-v-0-listbox-option-6e-75-6d-62-65-72-3a-34-38-38" class="aheart-select__option" role="option" aria-selected="false"><span class="aheart-select__option-content">Item 488</span>
        <!--v-if-->
      </div>
      <div id="aheart-select-v-0-listbox-option-6e-75-6d-62-65-72-3a-34-38-39" class="aheart-select__option" role="option" aria-selected="false"><span class="aheart-select__option-content">Item 489</span>
        <!--v-if-->
      </div>
      <div id="aheart-select-v-0-listbox-option-6e-75-6d-62-65-72-3a-34-39-30" class="aheart-select__option" role="option" aria-selected="false"><span class="aheart-select__option-content">Item 490</span>
        <!--v-if-->
      </div>
      <div id="aheart-select-v-0-listbox-option-6e-75-6d-62-65-72-3a-34-39-31" class="aheart-select__option" role="option" aria-selected="false"><span class="aheart-select__option-content">Item 491</span>
        <!--v-if-->
      </div>
      <div id="aheart-select-v-0-listbox-option-6e-75-6d-62-65-72-3a-34-39-32" class="aheart-select__option" role="option" aria-selected="false"><span class="aheart-select__option-content">Item 492</span>
        <!--v-if-->
      </div>
      <div id="aheart-select-v-0-listbox-option-6e-75-6d-62-65-72-3a-34-39-33" class="aheart-select__option" role="option" aria-selected="false"><span class="aheart-select__option-content">Item 493</span>
        <!--v-if-->
      </div>
      <div id="aheart-select-v-0-listbox-option-6e-75-6d-62-65-72-3a-34-39-34" class="aheart-select__option" role="option" aria-selected="false"><span class="aheart-select__option-content">Item 494</span>
        <!--v-if-->
      </div>
      <div id="aheart-select-v-0-listbox-option-6e-75-6d-62-65-72-3a-34-39-35" class="aheart-select__option" role="option" aria-selected="false"><span class="aheart-select__option-content">Item 495</span>
        <!--v-if-->
      </div>
      <div id="aheart-select-v-0-listbox-option-6e-75-6d-62-65-72-3a-34-39-36" class="aheart-select__option" role="option" aria-selected="false"><span class="aheart-select__option-content">Item 496</span>
        <!--v-if-->
      </div>
      <div id="aheart-select-v-0-listbox-option-6e-75-6d-62-65-72-3a-34-39-37" class="aheart-select__option" role="option" aria-selected="false"><span class="aheart-select__option-content">Item 497</span>
        <!--v-if-->
      </div>
      <div id="aheart-select-v-0-listbox-option-6e-75-6d-62-65-72-3a-34-39-38" class="aheart-select__option" role="option" aria-selected="false"><span class="aheart-select__option-content">Item 498</span>
        <!--v-if-->
      </div>
      <div id="aheart-select-v-0-listbox-option-6e-75-6d-62-65-72-3a-34-39-39" class="aheart-select__option" role="option" aria-selected="false"><span class="aheart-select__option-content">Item 499</span>
        <!--v-if-->
      </div>
      <div id="aheart-select-v-0-listbox-option-6e-75-6d-62-65-72-3a-35-30-30" class="aheart-select__option" role="option" aria-selected="false"><span class="aheart-select__option-content">Item 500</span>
        <!--v-if-->
      </div>
      <div id="aheart-select-v-0-listbox-option-6e-75-6d-62-65-72-3a-35-30-31" class="aheart-select__option" role="option" aria-selected="false"><span class="aheart-select__option-content">Item 501</span>
        <!--v-if-->
      </div>
      <div id="aheart-select-v-0-listbox-option-6e-75-6d-62-65-72-3a-35-30-32" class="aheart-select__option" role="option" aria-selected="false"><span class="aheart-select__option-content">Item 502</span>
        <!--v-if-->
      </div>
      <div id="aheart-select-v-0-listbox-option-6e-75-6d-62-65-72-3a-35-30-33" class="aheart-select__option" role="option" aria-selected="false"><span class="aheart-select__option-content">Item 503</span>
        <!--v-if-->
      </div>
      <div id="aheart-select-v-0-listbox-option-6e-75-6d-62-65-72-3a-35-30-34" class="aheart-select__option" role="option" aria-selected="false"><span class="aheart-select__option-content">Item 504</span>
        <!--v-if-->
      </div>
      <div id="aheart-select-v-0-listbox-option-6e-75-6d-62-65-72-3a-35-30-35" class="aheart-select__option" role="option" aria-selected="false"><span class="aheart-select__option-content">Item 505</span>
        <!--v-if-->
      </div>
      <div id="aheart-select-v-0-listbox-option-6e-75-6d-62-65-72-3a-35-30-36" class="aheart-select__option" role="option" aria-selected="false"><span class="aheart-select__option-content">Item 506</span>
        <!--v-if-->
      </div>
      <div id="aheart-select-v-0-listbox-option-6e-75-6d-62-65-72-3a-35-30-37" class="aheart-select__option" role="option" aria-selected="false"><span class="aheart-select__option-content">Item 507</span>
        <!--v-if-->
      </div>
      <div id="aheart-select-v-0-listbox-option-6e-75-6d-62-65-72-3a-35-30-38" class="aheart-select__option" role="option" aria-selected="false"><span class="aheart-select__option-content">Item 508</span>
        <!--v-if-->
      </div>
      <div id="aheart-select-v-0-listbox-option-6e-75-6d-62-65-72-3a-35-30-39" class="aheart-select__option" role="option" aria-selected="false"><span class="aheart-select__option-content">Item 509</span>
        <!--v-if-->
      </div>
      <div id="aheart-select-v-0-listbox-option-6e-75-6d-62-65-72-3a-35-31-30" class="aheart-select__option" role="option" aria-selected="false"><span class="aheart-select__option-content">Item 510</span>
        <!--v-if-->
      </div>
      <div id="aheart-select-v-0-listbox-option-6e-75-6d-62-65-72-3a-35-31-31" class="aheart-select__option" role="option" aria-selected="false"><span class="aheart-select__option-content">Item 511</span>
        <!--v-if-->
      </div>
      <div id="aheart-select-v-0-listbox-option-6e-75-6d-62-65-72-3a-35-31-32" class="aheart-select__option" role="option" aria-selected="false"><span class="aheart-select__option-content">Item 512</span>
        <!--v-if-->
      </div>
      <div id="aheart-select-v-0-listbox-option-6e-75-6d-62-65-72-3a-35-31-33" class="aheart-select__option" role="option" aria-selected="false"><span class="aheart-select__option-content">Item 513</span>
        <!--v-if-->
      </div>
      <div id="aheart-select-v-0-listbox-option-6e-75-6d-62-65-72-3a-35-31-34" class="aheart-select__option" role="option" aria-selected="false"><span class="aheart-select__option-content">Item 514</span>
        <!--v-if-->
      </div>
      <div id="aheart-select-v-0-listbox-option-6e-75-6d-62-65-72-3a-35-31-35" class="aheart-select__option" role="option" aria-selected="false"><span class="aheart-select__option-content">Item 515</span>
        <!--v-if-->
      </div>
      <div id="aheart-select-v-0-listbox-option-6e-75-6d-62-65-72-3a-35-31-36" class="aheart-select__option" role="option" aria-selected="false"><span class="aheart-select__option-content">Item 516</span>
        <!--v-if-->
      </div>
      <div id="aheart-select-v-0-listbox-option-6e-75-6d-62-65-72-3a-35-31-37" class="aheart-select__option" role="option" aria-selected="false"><span class="aheart-select__option-content">Item 517</span>
        <!--v-if-->
      </div>
      <div id="aheart-select-v-0-listbox-option-6e-75-6d-62-65-72-3a-35-31-38" class="aheart-select__option" role="option" aria-selected="false"><span class="aheart-select__option-content">Item 518</span>
        <!--v-if-->
      </div>
      <div id="aheart-select-v-0-listbox-option-6e-75-6d-62-65-72-3a-35-31-39" class="aheart-select__option" role="option" aria-selected="false"><span class="aheart-select__option-content">Item 519</span>
        <!--v-if-->
      </div>
      <div id="aheart-select-v-0-listbox-option-6e-75-6d-62-65-72-3a-35-32-30" class="aheart-select__option" role="option" aria-selected="false"><span class="aheart-select__option-content">Item 520</span>
        <!--v-if-->
      </div>
      <div id="aheart-select-v-0-listbox-option-6e-75-6d-62-65-72-3a-35-32-31" class="aheart-select__option" role="option" aria-selected="false"><span class="aheart-select__option-content">Item 521</span>
        <!--v-if-->
      </div>
      <div id="aheart-select-v-0-listbox-option-6e-75-6d-62-65-72-3a-35-32-32" class="aheart-select__option" role="option" aria-selected="false"><span class="aheart-select__option-content">Item 522</span>
        <!--v-if-->
      </div>
      <div id="aheart-select-v-0-listbox-option-6e-75-6d-62-65-72-3a-35-32-33" class="aheart-select__option" role="option" aria-selected="false"><span class="aheart-select__option-content">Item 523</span>
        <!--v-if-->
      </div>
      <div id="aheart-select-v-0-listbox-option-6e-75-6d-62-65-72-3a-35-32-34" class="aheart-select__option" role="option" aria-selected="false"><span class="aheart-select__option-content">Item 524</span>
        <!--v-if-->
      </div>
      <div id="aheart-select-v-0-listbox-option-6e-75-6d-62-65-72-3a-35-32-35" class="aheart-select__option" role="option" aria-selected="false"><span class="aheart-select__option-content">Item 525</span>
        <!--v-if-->
      </div>
      <div id="aheart-select-v-0-listbox-option-6e-75-6d-62-65-72-3a-35-32-36" class="aheart-select__option" role="option" aria-selected="false"><span class="aheart-select__option-content">Item 526</span>
        <!--v-if-->
      </div>
      <div id="aheart-select-v-0-listbox-option-6e-75-6d-62-65-72-3a-35-32-37" class="aheart-select__option" role="option" aria-selected="false"><span class="aheart-select__option-content">Item 527</span>
        <!--v-if-->
      </div>
      <div id="aheart-select-v-0-listbox-option-6e-75-6d-62-65-72-3a-35-32-38" class="aheart-select__option" role="option" aria-selected="false"><span class="aheart-select__option-content">Item 528</span>
        <!--v-if-->
      </div>
      <div id="aheart-select-v-0-listbox-option-6e-75-6d-62-65-72-3a-35-32-39" class="aheart-select__option" role="option" aria-selected="false"><span class="aheart-select__option-content">Item 529</span>
        <!--v-if-->
      </div>
      <div id="aheart-select-v-0-listbox-option-6e-75-6d-62-65-72-3a-35-33-30" class="aheart-select__option" role="option" aria-selected="false"><span class="aheart-select__option-content">Item 530</span>
        <!--v-if-->
      </div>
      <div id="aheart-select-v-0-listbox-option-6e-75-6d-62-65-72-3a-35-33-31" class="aheart-select__option" role="option" aria-selected="false"><span class="aheart-select__option-content">Item 531</span>
        <!--v-if-->
      </div>
      <div id="aheart-select-v-0-listbox-option-6e-75-6d-62-65-72-3a-35-33-32" class="aheart-select__option" role="option" aria-selected="false"><span class="aheart-select__option-content">Item 532</span>
        <!--v-if-->
      </div>
      <div id="aheart-select-v-0-listbox-option-6e-75-6d-62-65-72-3a-35-33-33" class="aheart-select__option" role="option" aria-selected="false"><span class="aheart-select__option-content">Item 533</span>
        <!--v-if-->
      </div>
      <div id="aheart-select-v-0-listbox-option-6e-75-6d-62-65-72-3a-35-33-34" class="aheart-select__option" role="option" aria-selected="false"><span class="aheart-select__option-content">Item 534</span>
        <!--v-if-->
      </div>
      <div id="aheart-select-v-0-listbox-option-6e-75-6d-62-65-72-3a-35-33-35" class="aheart-select__option" role="option" aria-selected="false"><span class="aheart-select__option-content">Item 535</span>
        <!--v-if-->
      </div>
      <div id="aheart-select-v-0-listbox-option-6e-75-6d-62-65-72-3a-35-33-36" class="aheart-select__option" role="option" aria-selected="false"><span class="aheart-select__option-content">Item 536</span>
        <!--v-if-->
      </div>
      <div id="aheart-select-v-0-listbox-option-6e-75-6d-62-65-72-3a-35-33-37" class="aheart-select__option" role="option" aria-selected="false"><span class="aheart-select__option-content">Item 537</span>
        <!--v-if-->
      </div>
      <div id="aheart-select-v-0-listbox-option-6e-75-6d-62-65-72-3a-35-33-38" class="aheart-select__option" role="option" aria-selected="false"><span class="aheart-select__option-content">Item 538</span>
        <!--v-if-->
      </div>
      <div id="aheart-select-v-0-listbox-option-6e-75-6d-62-65-72-3a-35-33-39" class="aheart-select__option" role="option" aria-selected="false"><span class="aheart-select__option-content">Item 539</span>
        <!--v-if-->
      </div>
      <div id="aheart-select-v-0-listbox-option-6e-75-6d-62-65-72-3a-35-34-30" class="aheart-select__option" role="option" aria-selected="false"><span class="aheart-select__option-content">Item 540</span>
        <!--v-if-->
      </div>
      <div id="aheart-select-v-0-listbox-option-6e-75-6d-62-65-72-3a-35-34-31" class="aheart-select__option" role="option" aria-selected="false"><span class="aheart-select__option-content">Item 541</span>
        <!--v-if-->
      </div>
      <div id="aheart-select-v-0-listbox-option-6e-75-6d-62-65-72-3a-35-34-32" class="aheart-select__option" role="option" aria-selected="false"><span class="aheart-select__option-content">Item 542</span>
        <!--v-if-->
      </div>
      <div id="aheart-select-v-0-listbox-option-6e-75-6d-62-65-72-3a-35-34-33" class="aheart-select__option" role="option" aria-selected="false"><span class="aheart-select__option-content">Item 543</span>
        <!--v-if-->
      </div>
      <div id="aheart-select-v-0-listbox-option-6e-75-6d-62-65-72-3a-35-34-34" class="aheart-select__option" role="option" aria-selected="false"><span class="aheart-select__option-content">Item 544</span>
        <!--v-if-->
      </div>
      <div id="aheart-select-v-0-listbox-option-6e-75-6d-62-65-72-3a-35-34-35" class="aheart-select__option" role="option" aria-selected="false"><span class="aheart-select__option-content">Item 545</span>
        <!--v-if-->
      </div>
      <div id="aheart-select-v-0-listbox-option-6e-75-6d-62-65-72-3a-35-34-36" class="aheart-select__option" role="option" aria-selected="false"><span class="aheart-select__option-content">Item 546</span>
        <!--v-if-->
      </div>
      <div id="aheart-select-v-0-listbox-option-6e-75-6d-62-65-72-3a-35-34-37" class="aheart-select__option" role="option" aria-selected="false"><span class="aheart-select__option-content">Item 547</span>
        <!--v-if-->
      </div>
      <div id="aheart-select-v-0-listbox-option-6e-75-6d-62-65-72-3a-35-34-38" class="aheart-select__option" role="option" aria-selected="false"><span class="aheart-select__option-content">Item 548</span>
        <!--v-if-->
      </div>
      <div id="aheart-select-v-0-listbox-option-6e-75-6d-62-65-72-3a-35-34-39" class="aheart-select__option" role="option" aria-selected="false"><span class="aheart-select__option-content">Item 549</span>
        <!--v-if-->
      </div>
      <div id="aheart-select-v-0-listbox-option-6e-75-6d-62-65-72-3a-35-35-30" class="aheart-select__option" role="option" aria-selected="false"><span class="aheart-select__option-content">Item 550</span>
        <!--v-if-->
      </div>
      <div id="aheart-select-v-0-listbox-option-6e-75-6d-62-65-72-3a-35-35-31" class="aheart-select__option" role="option" aria-selected="false"><span class="aheart-select__option-content">Item 551</span>
        <!--v-if-->
      </div>
      <div id="aheart-select-v-0-listbox-option-6e-75-6d-62-65-72-3a-35-35-32" class="aheart-select__option" role="option" aria-selected="false"><span class="aheart-select__option-content">Item 552</span>
        <!--v-if-->
      </div>
      <div id="aheart-select-v-0-listbox-option-6e-75-6d-62-65-72-3a-35-35-33" class="aheart-select__option" role="option" aria-selected="false"><span class="aheart-select__option-content">Item 553</span>
        <!--v-if-->
      </div>
      <div id="aheart-select-v-0-listbox-option-6e-75-6d-62-65-72-3a-35-35-34" class="aheart-select__option" role="option" aria-selected="false"><span class="aheart-select__option-content">Item 554</span>
        <!--v-if-->
      </div>
      <div id="aheart-select-v-0-listbox-option-6e-75-6d-62-65-72-3a-35-35-35" class="aheart-select__option" role="option" aria-selected="false"><span class="aheart-select__option-content">Item 555</span>
        <!--v-if-->
      </div>
      <div id="aheart-select-v-0-listbox-option-6e-75-6d-62-65-72-3a-35-35-36" class="aheart-select__option" role="option" aria-selected="false"><span class="aheart-select__option-content">Item 556</span>
        <!--v-if-->
      </div>
      <div id="aheart-select-v-0-listbox-option-6e-75-6d-62-65-72-3a-35-35-37" class="aheart-select__option" role="option" aria-selected="false"><span class="aheart-select__option-content">Item 557</span>
        <!--v-if-->
      </div>
      <div id="aheart-select-v-0-listbox-option-6e-75-6d-62-65-72-3a-35-35-38" class="aheart-select__option" role="option" aria-selected="false"><span class="aheart-select__option-content">Item 558</span>
        <!--v-if-->
      </div>
      <div id="aheart-select-v-0-listbox-option-6e-75-6d-62-65-72-3a-35-35-39" class="aheart-select__option" role="option" aria-selected="false"><span class="aheart-select__option-content">Item 559</span>
        <!--v-if-->
      </div>
      <div id="aheart-select-v-0-listbox-option-6e-75-6d-62-65-72-3a-35-36-30" class="aheart-select__option" role="option" aria-selected="false"><span class="aheart-select__option-content">Item 560</span>
        <!--v-if-->
      </div>
      <div id="aheart-select-v-0-listbox-option-6e-75-6d-62-65-72-3a-35-36-31" class="aheart-select__option" role="option" aria-selected="false"><span class="aheart-select__option-content">Item 561</span>
        <!--v-if-->
      </div>
      <div id="aheart-select-v-0-listbox-option-6e-75-6d-62-65-72-3a-35-36-32" class="aheart-select__option" role="option" aria-selected="false"><span class="aheart-select__option-content">Item 562</span>
        <!--v-if-->
      </div>
      <div id="aheart-select-v-0-listbox-option-6e-75-6d-62-65-72-3a-35-36-33" class="aheart-select__option" role="option" aria-selected="false"><span class="aheart-select__option-content">Item 563</span>
        <!--v-if-->
      </div>
      <div id="aheart-select-v-0-listbox-option-6e-75-6d-62-65-72-3a-35-36-34" class="aheart-select__option" role="option" aria-selected="false"><span class="aheart-select__option-content">Item 564</span>
        <!--v-if-->
      </div>
      <div id="aheart-select-v-0-listbox-option-6e-75-6d-62-65-72-3a-35-36-35" class="aheart-select__option" role="option" aria-selected="false"><span class="aheart-select__option-content">Item 565</span>
        <!--v-if-->
      </div>
      <div id="aheart-select-v-0-listbox-option-6e-75-6d-62-65-72-3a-35-36-36" class="aheart-select__option" role="option" aria-selected="false"><span class="aheart-select__option-content">Item 566</span>
        <!--v-if-->
      </div>
      <div id="aheart-select-v-0-listbox-option-6e-75-6d-62-65-72-3a-35-36-37" class="aheart-select__option" role="option" aria-selected="false"><span class="aheart-select__option-content">Item 567</span>
        <!--v-if-->
      </div>
      <div id="aheart-select-v-0-listbox-option-6e-75-6d-62-65-72-3a-35-36-38" class="aheart-select__option" role="option" aria-selected="false"><span class="aheart-select__option-content">Item 568</span>
        <!--v-if-->
      </div>
      <div id="aheart-select-v-0-listbox-option-6e-75-6d-62-65-72-3a-35-36-39" class="aheart-select__option" role="option" aria-selected="false"><span class="aheart-select__option-content">Item 569</span>
        <!--v-if-->
      </div>
      <div id="aheart-select-v-0-listbox-option-6e-75-6d-62-65-72-3a-35-37-30" class="aheart-select__option" role="option" aria-selected="false"><span class="aheart-select__option-content">Item 570</span>
        <!--v-if-->
      </div>
      <div id="aheart-select-v-0-listbox-option-6e-75-6d-62-65-72-3a-35-37-31" class="aheart-select__option" role="option" aria-selected="false"><span class="aheart-select__option-content">Item 571</span>
        <!--v-if-->
      </div>
      <div id="aheart-select-v-0-listbox-option-6e-75-6d-62-65-72-3a-35-37-32" class="aheart-select__option" role="option" aria-selected="false"><span class="aheart-select__option-content">Item 572</span>
        <!--v-if-->
      </div>
      <div id="aheart-select-v-0-listbox-option-6e-75-6d-62-65-72-3a-35-37-33" class="aheart-select__option" role="option" aria-selected="false"><span class="aheart-select__option-content">Item 573</span>
        <!--v-if-->
      </div>
      <div id="aheart-select-v-0-listbox-option-6e-75-6d-62-65-72-3a-35-37-34" class="aheart-select__option" role="option" aria-selected="false"><span class="aheart-select__option-content">Item 574</span>
        <!--v-if-->
      </div>
      <div id="aheart-select-v-0-listbox-option-6e-75-6d-62-65-72-3a-35-37-35" class="aheart-select__option" role="option" aria-selected="false"><span class="aheart-select__option-content">Item 575</span>
        <!--v-if-->
      </div>
      <div id="aheart-select-v-0-listbox-option-6e-75-6d-62-65-72-3a-35-37-36" class="aheart-select__option" role="option" aria-selected="false"><span class="aheart-select__option-content">Item 576</span>
        <!--v-if-->
      </div>
      <div id="aheart-select-v-0-listbox-option-6e-75-6d-62-65-72-3a-35-37-37" class="aheart-select__option" role="option" aria-selected="false"><span class="aheart-select__option-content">Item 577</span>
        <!--v-if-->
      </div>
      <div id="aheart-select-v-0-listbox-option-6e-75-6d-62-65-72-3a-35-37-38" class="aheart-select__option" role="option" aria-selected="false"><span class="aheart-select__option-content">Item 578</span>
        <!--v-if-->
      </div>
      <div id="aheart-select-v-0-listbox-option-6e-75-6d-62-65-72-3a-35-37-39" class="aheart-select__option" role="option" aria-selected="false"><span class="aheart-select__option-content">Item 579</span>
        <!--v-if-->
      </div>
      <div id="aheart-select-v-0-listbox-option-6e-75-6d-62-65-72-3a-35-38-30" class="aheart-select__option" role="option" aria-selected="false"><span class="aheart-select__option-content">Item 580</span>
        <!--v-if-->
      </div>
      <div id="aheart-select-v-0-listbox-option-6e-75-6d-62-65-72-3a-35-38-31" class="aheart-select__option" role="option" aria-selected="false"><span class="aheart-select__option-content">Item 581</span>
        <!--v-if-->
      </div>
      <div id="aheart-select-v-0-listbox-option-6e-75-6d-62-65-72-3a-35-38-32" class="aheart-select__option" role="option" aria-selected="false"><span class="aheart-select__option-content">Item 582</span>
        <!--v-if-->
      </div>
      <div id="aheart-select-v-0-listbox-option-6e-75-6d-62-65-72-3a-35-38-33" class="aheart-select__option" role="option" aria-selected="false"><span class="aheart-select__option-content">Item 583</span>
        <!--v-if-->
      </div>
      <div id="aheart-select-v-0-listbox-option-6e-75-6d-62-65-72-3a-35-38-34" class="aheart-select__option" role="option" aria-selected="false"><span class="aheart-select__option-content">Item 584</span>
        <!--v-if-->
      </div>
      <div id="aheart-select-v-0-listbox-option-6e-75-6d-62-65-72-3a-35-38-35" class="aheart-select__option" role="option" aria-selected="false"><span class="aheart-select__option-content">Item 585</span>
        <!--v-if-->
      </div>
      <div id="aheart-select-v-0-listbox-option-6e-75-6d-62-65-72-3a-35-38-36" class="aheart-select__option" role="option" aria-selected="false"><span class="aheart-select__option-content">Item 586</span>
        <!--v-if-->
      </div>
      <div id="aheart-select-v-0-listbox-option-6e-75-6d-62-65-72-3a-35-38-37" class="aheart-select__option" role="option" aria-selected="false"><span class="aheart-select__option-content">Item 587</span>
        <!--v-if-->
      </div>
      <div id="aheart-select-v-0-listbox-option-6e-75-6d-62-65-72-3a-35-38-38" class="aheart-select__option" role="option" aria-selected="false"><span class="aheart-select__option-content">Item 588</span>
        <!--v-if-->
      </div>
      <div id="aheart-select-v-0-listbox-option-6e-75-6d-62-65-72-3a-35-38-39" class="aheart-select__option" role="option" aria-selected="false"><span class="aheart-select__option-content">Item 589</span>
        <!--v-if-->
      </div>
      <div id="aheart-select-v-0-listbox-option-6e-75-6d-62-65-72-3a-35-39-30" class="aheart-select__option" role="option" aria-selected="false"><span class="aheart-select__option-content">Item 590</span>
        <!--v-if-->
      </div>
      <div id="aheart-select-v-0-listbox-option-6e-75-6d-62-65-72-3a-35-39-31" class="aheart-select__option" role="option" aria-selected="false"><span class="aheart-select__option-content">Item 591</span>
        <!--v-if-->
      </div>
      <div id="aheart-select-v-0-listbox-option-6e-75-6d-62-65-72-3a-35-39-32" class="aheart-select__option" role="option" aria-selected="false"><span class="aheart-select__option-content">Item 592</span>
        <!--v-if-->
      </div>
      <div id="aheart-select-v-0-listbox-option-6e-75-6d-62-65-72-3a-35-39-33" class="aheart-select__option" role="option" aria-selected="false"><span class="aheart-select__option-content">Item 593</span>
        <!--v-if-->
      </div>
      <div id="aheart-select-v-0-listbox-option-6e-75-6d-62-65-72-3a-35-39-34" class="aheart-select__option" role="option" aria-selected="false"><span class="aheart-select__option-content">Item 594</span>
        <!--v-if-->
      </div>
      <div id="aheart-select-v-0-listbox-option-6e-75-6d-62-65-72-3a-35-39-35" class="aheart-select__option" role="option" aria-selected="false"><span class="aheart-select__option-content">Item 595</span>
        <!--v-if-->
      </div>
      <div id="aheart-select-v-0-listbox-option-6e-75-6d-62-65-72-3a-35-39-36" class="aheart-select__option" role="option" aria-selected="false"><span class="aheart-select__option-content">Item 596</span>
        <!--v-if-->
      </div>
      <div id="aheart-select-v-0-listbox-option-6e-75-6d-62-65-72-3a-35-39-37" class="aheart-select__option" role="option" aria-selected="false"><span class="aheart-select__option-content">Item 597</span>
        <!--v-if-->
      </div>
      <div id="aheart-select-v-0-listbox-option-6e-75-6d-62-65-72-3a-35-39-38" class="aheart-select__option" role="option" aria-selected="false"><span class="aheart-select__option-content">Item 598</span>
        <!--v-if-->
      </div>
      <div id="aheart-select-v-0-listbox-option-6e-75-6d-62-65-72-3a-35-39-39" class="aheart-select__option" role="option" aria-selected="false"><span class="aheart-select__option-content">Item 599</span>
        <!--v-if-->
      </div>
      <div id="aheart-select-v-0-listbox-option-6e-75-6d-62-65-72-3a-36-30-30" class="aheart-select__option" role="option" aria-selected="false"><span class="aheart-select__option-content">Item 600</span>
        <!--v-if-->
      </div>
      <div id="aheart-select-v-0-listbox-option-6e-75-6d-62-65-72-3a-36-30-31" class="aheart-select__option" role="option" aria-selected="false"><span class="aheart-select__option-content">Item 601</span>
        <!--v-if-->
      </div>
      <div id="aheart-select-v-0-listbox-option-6e-75-6d-62-65-72-3a-36-30-32" class="aheart-select__option" role="option" aria-selected="false"><span class="aheart-select__option-content">Item 602</span>
        <!--v-if-->
      </div>
      <div id="aheart-select-v-0-listbox-option-6e-75-6d-62-65-72-3a-36-30-33" class="aheart-select__option" role="option" aria-selected="false"><span class="aheart-select__option-content">Item 603</span>
        <!--v-if-->
      </div>
      <div id="aheart-select-v-0-listbox-option-6e-75-6d-62-65-72-3a-36-30-34" class="aheart-select__option" role="option" aria-selected="false"><span class="aheart-select__option-content">Item 604</span>
        <!--v-if-->
      </div>
      <div id="aheart-select-v-0-listbox-option-6e-75-6d-62-65-72-3a-36-30-35" class="aheart-select__option" role="option" aria-selected="false"><span class="aheart-select__option-content">Item 605</span>
        <!--v-if-->
      </div>
      <div id="aheart-select-v-0-listbox-option-6e-75-6d-62-65-72-3a-36-30-36" class="aheart-select__option" role="option" aria-selected="false"><span class="aheart-select__option-content">Item 606</span>
        <!--v-if-->
      </div>
      <div id="aheart-select-v-0-listbox-option-6e-75-6d-62-65-72-3a-36-30-37" class="aheart-select__option" role="option" aria-selected="false"><span class="aheart-select__option-content">Item 607</span>
        <!--v-if-->
      </div>
      <div id="aheart-select-v-0-listbox-option-6e-75-6d-62-65-72-3a-36-30-38" class="aheart-select__option" role="option" aria-selected="false"><span class="aheart-select__option-content">Item 608</span>
        <!--v-if-->
      </div>
      <div id="aheart-select-v-0-listbox-option-6e-75-6d-62-65-72-3a-36-30-39" class="aheart-select__option" role="option" aria-selected="false"><span class="aheart-select__option-content">Item 609</span>
        <!--v-if-->
      </div>
      <div id="aheart-select-v-0-listbox-option-6e-75-6d-62-65-72-3a-36-31-30" class="aheart-select__option" role="option" aria-selected="false"><span class="aheart-select__option-content">Item 610</span>
        <!--v-if-->
      </div>
      <div id="aheart-select-v-0-listbox-option-6e-75-6d-62-65-72-3a-36-31-31" class="aheart-select__option" role="option" aria-selected="false"><span class="aheart-select__option-content">Item 611</span>
        <!--v-if-->
      </div>
      <div id="aheart-select-v-0-listbox-option-6e-75-6d-62-65-72-3a-36-31-32" class="aheart-select__option" role="option" aria-selected="false"><span class="aheart-select__option-content">Item 612</span>
        <!--v-if-->
      </div>
      <div id="aheart-select-v-0-listbox-option-6e-75-6d-62-65-72-3a-36-31-33" class="aheart-select__option" role="option" aria-selected="false"><span class="aheart-select__option-content">Item 613</span>
        <!--v-if-->
      </div>
      <div id="aheart-select-v-0-listbox-option-6e-75-6d-62-65-72-3a-36-31-34" class="aheart-select__option" role="option" aria-selected="false"><span class="aheart-select__option-content">Item 614</span>
        <!--v-if-->
      </div>
      <div id="aheart-select-v-0-listbox-option-6e-75-6d-62-65-72-3a-36-31-35" class="aheart-select__option" role="option" aria-selected="false"><span class="aheart-select__option-content">Item 615</span>
        <!--v-if-->
      </div>
      <div id="aheart-select-v-0-listbox-option-6e-75-6d-62-65-72-3a-36-31-36" class="aheart-select__option" role="option" aria-selected="false"><span class="aheart-select__option-content">Item 616</span>
        <!--v-if-->
      </div>
      <div id="aheart-select-v-0-listbox-option-6e-75-6d-62-65-72-3a-36-31-37" class="aheart-select__option" role="option" aria-selected="false"><span class="aheart-select__option-content">Item 617</span>
        <!--v-if-->
      </div>
      <div id="aheart-select-v-0-listbox-option-6e-75-6d-62-65-72-3a-36-31-38" class="aheart-select__option" role="option" aria-selected="false"><span class="aheart-select__option-content">Item 618</span>
        <!--v-if-->
      </div>
      <div id="aheart-select-v-0-listbox-option-6e-75-6d-62-65-72-3a-36-31-39" class="aheart-select__option" role="option" aria-selected="false"><span class="aheart-select__option-content">Item 619</span>
        <!--v-if-->
      </div>
      <div id="aheart-select-v-0-listbox-option-6e-75-6d-62-65-72-3a-36-32-30" class="aheart-select__option" role="option" aria-selected="false"><span class="aheart-select__option-content">Item 620</span>
        <!--v-if-->
      </div>
      <div id="aheart-select-v-0-listbox-option-6e-75-6d-62-65-72-3a-36-32-31" class="aheart-select__option" role="option" aria-selected="false"><span class="aheart-select__option-content">Item 621</span>
        <!--v-if-->
      </div>
      <div id="aheart-select-v-0-listbox-option-6e-75-6d-62-65-72-3a-36-32-32" class="aheart-select__option" role="option" aria-selected="false"><span class="aheart-select__option-content">Item 622</span>
        <!--v-if-->
      </div>
      <div id="aheart-select-v-0-listbox-option-6e-75-6d-62-65-72-3a-36-32-33" class="aheart-select__option" role="option" aria-selected="false"><span class="aheart-select__option-content">Item 623</span>
        <!--v-if-->
      </div>
      <div id="aheart-select-v-0-listbox-option-6e-75-6d-62-65-72-3a-36-32-34" class="aheart-select__option" role="option" aria-selected="false"><span class="aheart-select__option-content">Item 624</span>
        <!--v-if-->
      </div>
      <div id="aheart-select-v-0-listbox-option-6e-75-6d-62-65-72-3a-36-32-35" class="aheart-select__option" role="option" aria-selected="false"><span class="aheart-select__option-content">Item 625</span>
        <!--v-if-->
      </div>
      <div id="aheart-select-v-0-listbox-option-6e-75-6d-62-65-72-3a-36-32-36" class="aheart-select__option" role="option" aria-selected="false"><span class="aheart-select__option-content">Item 626</span>
        <!--v-if-->
      </div>
      <div id="aheart-select-v-0-listbox-option-6e-75-6d-62-65-72-3a-36-32-37" class="aheart-select__option" role="option" aria-selected="false"><span class="aheart-select__option-content">Item 627</span>
        <!--v-if-->
      </div>
      <div id="aheart-select-v-0-listbox-option-6e-75-6d-62-65-72-3a-36-32-38" class="aheart-select__option" role="option" aria-selected="false"><span class="aheart-select__option-content">Item 628</span>
        <!--v-if-->
      </div>
      <div id="aheart-select-v-0-listbox-option-6e-75-6d-62-65-72-3a-36-32-39" class="aheart-select__option" role="option" aria-selected="false"><span class="aheart-select__option-content">Item 629</span>
        <!--v-if-->
      </div>
      <div id="aheart-select-v-0-listbox-option-6e-75-6d-62-65-72-3a-36-33-30" class="aheart-select__option" role="option" aria-selected="false"><span class="aheart-select__option-content">Item 630</span>
        <!--v-if-->
      </div>
      <div id="aheart-select-v-0-listbox-option-6e-75-6d-62-65-72-3a-36-33-31" class="aheart-select__option" role="option" aria-selected="false"><span class="aheart-select__option-content">Item 631</span>
        <!--v-if-->
      </div>
      <div id="aheart-select-v-0-listbox-option-6e-75-6d-62-65-72-3a-36-33-32" class="aheart-select__option" role="option" aria-selected="false"><span class="aheart-select__option-content">Item 632</span>
        <!--v-if-->
      </div>
      <div id="aheart-select-v-0-listbox-option-6e-75-6d-62-65-72-3a-36-33-33" class="aheart-select__option" role="option" aria-selected="false"><span class="aheart-select__option-content">Item 633</span>
        <!--v-if-->
      </div>
      <div id="aheart-select-v-0-listbox-option-6e-75-6d-62-65-72-3a-36-33-34" class="aheart-select__option" role="option" aria-selected="false"><span class="aheart-select__option-content">Item 634</span>
        <!--v-if-->
      </div>
      <div id="aheart-select-v-0-listbox-option-6e-75-6d-62-65-72-3a-36-33-35" class="aheart-select__option" role="option" aria-selected="false"><span class="aheart-select__option-content">Item 635</span>
        <!--v-if-->
      </div>
      <div id="aheart-select-v-0-listbox-option-6e-75-6d-62-65-72-3a-36-33-36" class="aheart-select__option" role="option" aria-selected="false"><span class="aheart-select__option-content">Item 636</span>
        <!--v-if-->
      </div>
      <div id="aheart-select-v-0-listbox-option-6e-75-6d-62-65-72-3a-36-33-37" class="aheart-select__option" role="option" aria-selected="false"><span class="aheart-select__option-content">Item 637</span>
        <!--v-if-->
      </div>
      <div id="aheart-select-v-0-listbox-option-6e-75-6d-62-65-72-3a-36-33-38" class="aheart-select__option" role="option" aria-selected="false"><span class="aheart-select__option-content">Item 638</span>
        <!--v-if-->
      </div>
      <div id="aheart-select-v-0-listbox-option-6e-75-6d-62-65-72-3a-36-33-39" class="aheart-select__option" role="option" aria-selected="false"><span class="aheart-select__option-content">Item 639</span>
        <!--v-if-->
      </div>
      <div id="aheart-select-v-0-listbox-option-6e-75-6d-62-65-72-3a-36-34-30" class="aheart-select__option" role="option" aria-selected="false"><span class="aheart-select__option-content">Item 640</span>
        <!--v-if-->
      </div>
      <div id="aheart-select-v-0-listbox-option-6e-75-6d-62-65-72-3a-36-34-31" class="aheart-select__option" role="option" aria-selected="false"><span class="aheart-select__option-content">Item 641</span>
        <!--v-if-->
      </div>
      <div id="aheart-select-v-0-listbox-option-6e-75-6d-62-65-72-3a-36-34-32" class="aheart-select__option" role="option" aria-selected="false"><span class="aheart-select__option-content">Item 642</span>
        <!--v-if-->
      </div>
      <div id="aheart-select-v-0-listbox-option-6e-75-6d-62-65-72-3a-36-34-33" class="aheart-select__option" role="option" aria-selected="false"><span class="aheart-select__option-content">Item 643</span>
        <!--v-if-->
      </div>
      <div id="aheart-select-v-0-listbox-option-6e-75-6d-62-65-72-3a-36-34-34" class="aheart-select__option" role="option" aria-selected="false"><span class="aheart-select__option-content">Item 644</span>
        <!--v-if-->
      </div>
      <div id="aheart-select-v-0-listbox-option-6e-75-6d-62-65-72-3a-36-34-35" class="aheart-select__option" role="option" aria-selected="false"><span class="aheart-select__option-content">Item 645</span>
        <!--v-if-->
      </div>
      <div id="aheart-select-v-0-listbox-option-6e-75-6d-62-65-72-3a-36-34-36" class="aheart-select__option" role="option" aria-selected="false"><span class="aheart-select__option-content">Item 646</span>
        <!--v-if-->
      </div>
      <div id="aheart-select-v-0-listbox-option-6e-75-6d-62-65-72-3a-36-34-37" class="aheart-select__option" role="option" aria-selected="false"><span class="aheart-select__option-content">Item 647</span>
        <!--v-if-->
      </div>
      <div id="aheart-select-v-0-listbox-option-6e-75-6d-62-65-72-3a-36-34-38" class="aheart-select__option" role="option" aria-selected="false"><span class="aheart-select__option-content">Item 648</span>
        <!--v-if-->
      </div>
      <div id="aheart-select-v-0-listbox-option-6e-75-6d-62-65-72-3a-36-34-39" class="aheart-select__option" role="option" aria-selected="false"><span class="aheart-select__option-content">Item 649</span>
        <!--v-if-->
      </div>
      <div id="aheart-select-v-0-listbox-option-6e-75-6d-62-65-72-3a-36-35-30" class="aheart-select__option" role="option" aria-selected="false"><span class="aheart-select__option-content">Item 650</span>
        <!--v-if-->
      </div>
      <div id="aheart-select-v-0-listbox-option-6e-75-6d-62-65-72-3a-36-35-31" class="aheart-select__option" role="option" aria-selected="false"><span class="aheart-select__option-content">Item 651</span>
        <!--v-if-->
      </div>
      <div id="aheart-select-v-0-listbox-option-6e-75-6d-62-65-72-3a-36-35-32" class="aheart-select__option" role="option" aria-selected="false"><span class="aheart-select__option-content">Item 652</span>
        <!--v-if-->
      </div>
      <div id="aheart-select-v-0-listbox-option-6e-75-6d-62-65-72-3a-36-35-33" class="aheart-select__option" role="option" aria-selected="false"><span class="aheart-select__option-content">Item 653</span>
        <!--v-if-->
      </div>
      <div id="aheart-select-v-0-listbox-option-6e-75-6d-62-65-72-3a-36-35-34" class="aheart-select__option" role="option" aria-selected="false"><span class="aheart-select__option-content">Item 654</span>
        <!--v-if-->
      </div>
      <div id="aheart-select-v-0-listbox-option-6e-75-6d-62-65-72-3a-36-35-35" class="aheart-select__option" role="option" aria-selected="false"><span class="aheart-select__option-content">Item 655</span>
        <!--v-if-->
      </div>
      <div id="aheart-select-v-0-listbox-option-6e-75-6d-62-65-72-3a-36-35-36" class="aheart-select__option" role="option" aria-selected="false"><span class="aheart-select__option-content">Item 656</span>
        <!--v-if-->
      </div>
      <div id="aheart-select-v-0-listbox-option-6e-75-6d-62-65-72-3a-36-35-37" class="aheart-select__option" role="option" aria-selected="false"><span class="aheart-select__option-content">Item 657</span>
        <!--v-if-->
      </div>
      <div id="aheart-select-v-0-listbox-option-6e-75-6d-62-65-72-3a-36-35-38" class="aheart-select__option" role="option" aria-selected="false"><span class="aheart-select__option-content">Item 658</span>
        <!--v-if-->
      </div>
      <div id="aheart-select-v-0-listbox-option-6e-75-6d-62-65-72-3a-36-35-39" class="aheart-select__option" role="option" aria-selected="false"><span class="aheart-select__option-content">Item 659</span>
        <!--v-if-->
      </div>
      <div id="aheart-select-v-0-listbox-option-6e-75-6d-62-65-72-3a-36-36-30" class="aheart-select__option" role="option" aria-selected="false"><span class="aheart-select__option-content">Item 660</span>
        <!--v-if-->
      </div>
      <div id="aheart-select-v-0-listbox-option-6e-75-6d-62-65-72-3a-36-36-31" class="aheart-select__option" role="option" aria-selected="false"><span class="aheart-select__option-content">Item 661</span>
        <!--v-if-->
      </div>
      <div id="aheart-select-v-0-listbox-option-6e-75-6d-62-65-72-3a-36-36-32" class="aheart-select__option" role="option" aria-selected="false"><span class="aheart-select__option-content">Item 662</span>
        <!--v-if-->
      </div>
      <div id="aheart-select-v-0-listbox-option-6e-75-6d-62-65-72-3a-36-36-33" class="aheart-select__option" role="option" aria-selected="false"><span class="aheart-select__option-content">Item 663</span>
        <!--v-if-->
      </div>
      <div id="aheart-select-v-0-listbox-option-6e-75-6d-62-65-72-3a-36-36-34" class="aheart-select__option" role="option" aria-selected="false"><span class="aheart-select__option-content">Item 664</span>
        <!--v-if-->
      </div>
      <div id="aheart-select-v-0-listbox-option-6e-75-6d-62-65-72-3a-36-36-35" class="aheart-select__option" role="option" aria-selected="false"><span class="aheart-select__option-content">Item 665</span>
        <!--v-if-->
      </div>
      <div id="aheart-select-v-0-listbox-option-6e-75-6d-62-65-72-3a-36-36-36" class="aheart-select__option" role="option" aria-selected="false"><span class="aheart-select__option-content">Item 666</span>
        <!--v-if-->
      </div>
      <div id="aheart-select-v-0-listbox-option-6e-75-6d-62-65-72-3a-36-36-37" class="aheart-select__option" role="option" aria-selected="false"><span class="aheart-select__option-content">Item 667</span>
        <!--v-if-->
      </div>
      <div id="aheart-select-v-0-listbox-option-6e-75-6d-62-65-72-3a-36-36-38" class="aheart-select__option" role="option" aria-selected="false"><span class="aheart-select__option-content">Item 668</span>
        <!--v-if-->
      </div>
      <div id="aheart-select-v-0-listbox-option-6e-75-6d-62-65-72-3a-36-36-39" class="aheart-select__option" role="option" aria-selected="false"><span class="aheart-select__option-content">Item 669</span>
        <!--v-if-->
      </div>
      <div id="aheart-select-v-0-listbox-option-6e-75-6d-62-65-72-3a-36-37-30" class="aheart-select__option" role="option" aria-selected="false"><span class="aheart-select__option-content">Item 670</span>
        <!--v-if-->
      </div>
      <div id="aheart-select-v-0-listbox-option-6e-75-6d-62-65-72-3a-36-37-31" class="aheart-select__option" role="option" aria-selected="false"><span class="aheart-select__option-content">Item 671</span>
        <!--v-if-->
      </div>
      <div id="aheart-select-v-0-listbox-option-6e-75-6d-62-65-72-3a-36-37-32" class="aheart-select__option" role="option" aria-selected="false"><span class="aheart-select__option-content">Item 672</span>
        <!--v-if-->
      </div>
      <div id="aheart-select-v-0-listbox-option-6e-75-6d-62-65-72-3a-36-37-33" class="aheart-select__option" role="option" aria-selected="false"><span class="aheart-select__option-content">Item 673</span>
        <!--v-if-->
      </div>
      <div id="aheart-select-v-0-listbox-option-6e-75-6d-62-65-72-3a-36-37-34" class="aheart-select__option" role="option" aria-selected="false"><span class="aheart-select__option-content">Item 674</span>
        <!--v-if-->
      </div>
      <div id="aheart-select-v-0-listbox-option-6e-75-6d-62-65-72-3a-36-37-35" class="aheart-select__option" role="option" aria-selected="false"><span class="aheart-select__option-content">Item 675</span>
        <!--v-if-->
      </div>
      <div id="aheart-select-v-0-listbox-option-6e-75-6d-62-65-72-3a-36-37-36" class="aheart-select__option" role="option" aria-selected="false"><span class="aheart-select__option-content">Item 676</span>
        <!--v-if-->
      </div>
      <div id="aheart-select-v-0-listbox-option-6e-75-6d-62-65-72-3a-36-37-37" class="aheart-select__option" role="option" aria-selected="false"><span class="aheart-select__option-content">Item 677</span>
        <!--v-if-->
      </div>
      <div id="aheart-select-v-0-listbox-option-6e-75-6d-62-65-72-3a-36-37-38" class="aheart-select__option" role="option" aria-selected="false"><span class="aheart-select__option-content">Item 678</span>
        <!--v-if-->
      </div>
      <div id="aheart-select-v-0-listbox-option-6e-75-6d-62-65-72-3a-36-37-39" class="aheart-select__option" role="option" aria-selected="false"><span class="aheart-select__option-content">Item 679</span>
        <!--v-if-->
      </div>
      <div id="aheart-select-v-0-listbox-option-6e-75-6d-62-65-72-3a-36-38-30" class="aheart-select__option" role="option" aria-selected="false"><span class="aheart-select__option-content">Item 680</span>
        <!--v-if-->
      </div>
      <div id="aheart-select-v-0-listbox-option-6e-75-6d-62-65-72-3a-36-38-31" class="aheart-select__option" role="option" aria-selected="false"><span class="aheart-select__option-content">Item 681</span>
        <!--v-if-->
      </div>
      <div id="aheart-select-v-0-listbox-option-6e-75-6d-62-65-72-3a-36-38-32" class="aheart-select__option" role="option" aria-selected="false"><span class="aheart-select__option-content">Item 682</span>
        <!--v-if-->
      </div>
      <div id="aheart-select-v-0-listbox-option-6e-75-6d-62-65-72-3a-36-38-33" class="aheart-select__option" role="option" aria-selected="false"><span class="aheart-select__option-content">Item 683</span>
        <!--v-if-->
      </div>
      <div id="aheart-select-v-0-listbox-option-6e-75-6d-62-65-72-3a-36-38-34" class="aheart-select__option" role="option" aria-selected="false"><span class="aheart-select__option-content">Item 684</span>
        <!--v-if-->
      </div>
      <div id="aheart-select-v-0-listbox-option-6e-75-6d-62-65-72-3a-36-38-35" class="aheart-select__option" role="option" aria-selected="false"><span class="aheart-select__option-content">Item 685</span>
        <!--v-if-->
      </div>
      <div id="aheart-select-v-0-listbox-option-6e-75-6d-62-65-72-3a-36-38-36" class="aheart-select__option" role="option" aria-selected="false"><span class="aheart-select__option-content">Item 686</span>
        <!--v-if-->
      </div>
      <div id="aheart-select-v-0-listbox-option-6e-75-6d-62-65-72-3a-36-38-37" class="aheart-select__option" role="option" aria-selected="false"><span class="aheart-select__option-content">Item 687</span>
        <!--v-if-->
      </div>
      <div id="aheart-select-v-0-listbox-option-6e-75-6d-62-65-72-3a-36-38-38" class="aheart-select__option" role="option" aria-selected="false"><span class="aheart-select__option-content">Item 688</span>
        <!--v-if-->
      </div>
      <div id="aheart-select-v-0-listbox-option-6e-75-6d-62-65-72-3a-36-38-39" class="aheart-select__option" role="option" aria-selected="false"><span class="aheart-select__option-content">Item 689</span>
        <!--v-if-->
      </div>
      <div id="aheart-select-v-0-listbox-option-6e-75-6d-62-65-72-3a-36-39-30" class="aheart-select__option" role="option" aria-selected="false"><span class="aheart-select__option-content">Item 690</span>
        <!--v-if-->
      </div>
      <div id="aheart-select-v-0-listbox-option-6e-75-6d-62-65-72-3a-36-39-31" class="aheart-select__option" role="option" aria-selected="false"><span class="aheart-select__option-content">Item 691</span>
        <!--v-if-->
      </div>
      <div id="aheart-select-v-0-listbox-option-6e-75-6d-62-65-72-3a-36-39-32" class="aheart-select__option" role="option" aria-selected="false"><span class="aheart-select__option-content">Item 692</span>
        <!--v-if-->
      </div>
      <div id="aheart-select-v-0-listbox-option-6e-75-6d-62-65-72-3a-36-39-33" class="aheart-select__option" role="option" aria-selected="false"><span class="aheart-select__option-content">Item 693</span>
        <!--v-if-->
      </div>
      <div id="aheart-select-v-0-listbox-option-6e-75-6d-62-65-72-3a-36-39-34" class="aheart-select__option" role="option" aria-selected="false"><span class="aheart-select__option-content">Item 694</span>
        <!--v-if-->
      </div>
      <div id="aheart-select-v-0-listbox-option-6e-75-6d-62-65-72-3a-36-39-35" class="aheart-select__option" role="option" aria-selected="false"><span class="aheart-select__option-content">Item 695</span>
        <!--v-if-->
      </div>
      <div id="aheart-select-v-0-listbox-option-6e-75-6d-62-65-72-3a-36-39-36" class="aheart-select__option" role="option" aria-selected="false"><span class="aheart-select__option-content">Item 696</span>
        <!--v-if-->
      </div>
      <div id="aheart-select-v-0-listbox-option-6e-75-6d-62-65-72-3a-36-39-37" class="aheart-select__option" role="option" aria-selected="false"><span class="aheart-select__option-content">Item 697</span>
        <!--v-if-->
      </div>
      <div id="aheart-select-v-0-listbox-option-6e-75-6d-62-65-72-3a-36-39-38" class="aheart-select__option" role="option" aria-selected="false"><span class="aheart-select__option-content">Item 698</span>
        <!--v-if-->
      </div>
      <div id="aheart-select-v-0-listbox-option-6e-75-6d-62-65-72-3a-36-39-39" class="aheart-select__option" role="option" aria-selected="false"><span class="aheart-select__option-content">Item 699</span>
        <!--v-if-->
      </div>
      <div id="aheart-select-v-0-listbox-option-6e-75-6d-62-65-72-3a-37-30-30" class="aheart-select__option" role="option" aria-selected="false"><span class="aheart-select__option-content">Item 700</span>
        <!--v-if-->
      </div>
      <div id="aheart-select-v-0-listbox-option-6e-75-6d-62-65-72-3a-37-30-31" class="aheart-select__option" role="option" aria-selected="false"><span class="aheart-select__option-content">Item 701</span>
        <!--v-if-->
      </div>
      <div id="aheart-select-v-0-listbox-option-6e-75-6d-62-65-72-3a-37-30-32" class="aheart-select__option" role="option" aria-selected="false"><span class="aheart-select__option-content">Item 702</span>
        <!--v-if-->
      </div>
      <div id="aheart-select-v-0-listbox-option-6e-75-6d-62-65-72-3a-37-30-33" class="aheart-select__option" role="option" aria-selected="false"><span class="aheart-select__option-content">Item 703</span>
        <!--v-if-->
      </div>
      <div id="aheart-select-v-0-listbox-option-6e-75-6d-62-65-72-3a-37-30-34" class="aheart-select__option" role="option" aria-selected="false"><span class="aheart-select__option-content">Item 704</span>
        <!--v-if-->
      </div>
      <div id="aheart-select-v-0-listbox-option-6e-75-6d-62-65-72-3a-37-30-35" class="aheart-select__option" role="option" aria-selected="false"><span class="aheart-select__option-content">Item 705</span>
        <!--v-if-->
      </div>
      <div id="aheart-select-v-0-listbox-option-6e-75-6d-62-65-72-3a-37-30-36" class="aheart-select__option" role="option" aria-selected="false"><span class="aheart-select__option-content">Item 706</span>
        <!--v-if-->
      </div>
      <div id="aheart-select-v-0-listbox-option-6e-75-6d-62-65-72-3a-37-30-37" class="aheart-select__option" role="option" aria-selected="false"><span class="aheart-select__option-content">Item 707</span>
        <!--v-if-->
      </div>
      <div id="aheart-select-v-0-listbox-option-6e-75-6d-62-65-72-3a-37-30-38" class="aheart-select__option" role="option" aria-selected="false"><span class="aheart-select__option-content">Item 708</span>
        <!--v-if-->
      </div>
      <div id="aheart-select-v-0-listbox-option-6e-75-6d-62-65-72-3a-37-30-39" class="aheart-select__option" role="option" aria-selected="false"><span class="aheart-select__option-content">Item 709</span>
        <!--v-if-->
      </div>
      <div id="aheart-select-v-0-listbox-option-6e-75-6d-62-65-72-3a-37-31-30" class="aheart-select__option" role="option" aria-selected="false"><span class="aheart-select__option-content">Item 710</span>
        <!--v-if-->
      </div>
      <div id="aheart-select-v-0-listbox-option-6e-75-6d-62-65-72-3a-37-31-31" class="aheart-select__option" role="option" aria-selected="false"><span class="aheart-select__option-content">Item 711</span>
        <!--v-if-->
      </div>
      <div id="aheart-select-v-0-listbox-option-6e-75-6d-62-65-72-3a-37-31-32" class="aheart-select__option" role="option" aria-selected="false"><span class="aheart-select__option-content">Item 712</span>
        <!--v-if-->
      </div>
      <div id="aheart-select-v-0-listbox-option-6e-75-6d-62-65-72-3a-37-31-33" class="aheart-select__option" role="option" aria-selected="false"><span class="aheart-select__option-content">Item 713</span>
        <!--v-if-->
      </div>
      <div id="aheart-select-v-0-listbox-option-6e-75-6d-62-65-72-3a-37-31-34" class="aheart-select__option" role="option" aria-selected="false"><span class="aheart-select__option-content">Item 714</span>
        <!--v-if-->
      </div>
      <div id="aheart-select-v-0-listbox-option-6e-75-6d-62-65-72-3a-37-31-35" class="aheart-select__option" role="option" aria-selected="false"><span class="aheart-select__option-content">Item 715</span>
        <!--v-if-->
      </div>
      <div id="aheart-select-v-0-listbox-option-6e-75-6d-62-65-72-3a-37-31-36" class="aheart-select__option" role="option" aria-selected="false"><span class="aheart-select__option-content">Item 716</span>
        <!--v-if-->
      </div>
      <div id="aheart-select-v-0-listbox-option-6e-75-6d-62-65-72-3a-37-31-37" class="aheart-select__option" role="option" aria-selected="false"><span class="aheart-select__option-content">Item 717</span>
        <!--v-if-->
      </div>
      <div id="aheart-select-v-0-listbox-option-6e-75-6d-62-65-72-3a-37-31-38" class="aheart-select__option" role="option" aria-selected="false"><span class="aheart-select__option-content">Item 718</span>
        <!--v-if-->
      </div>
      <div id="aheart-select-v-0-listbox-option-6e-75-6d-62-65-72-3a-37-31-39" class="aheart-select__option" role="option" aria-selected="false"><span class="aheart-select__option-content">Item 719</span>
        <!--v-if-->
      </div>
      <div id="aheart-select-v-0-listbox-option-6e-75-6d-62-65-72-3a-37-32-30" class="aheart-select__option" role="option" aria-selected="false"><span class="aheart-select__option-content">Item 720</span>
        <!--v-if-->
      </div>
      <div id="aheart-select-v-0-listbox-option-6e-75-6d-62-65-72-3a-37-32-31" class="aheart-select__option" role="option" aria-selected="false"><span class="aheart-select__option-content">Item 721</span>
        <!--v-if-->
      </div>
      <div id="aheart-select-v-0-listbox-option-6e-75-6d-62-65-72-3a-37-32-32" class="aheart-select__option" role="option" aria-selected="false"><span class="aheart-select__option-content">Item 722</span>
        <!--v-if-->
      </div>
      <div id="aheart-select-v-0-listbox-option-6e-75-6d-62-65-72-3a-37-32-33" class="aheart-select__option" role="option" aria-selected="false"><span class="aheart-select__option-content">Item 723</span>
        <!--v-if-->
      </div>
      <div id="aheart-select-v-0-listbox-option-6e-75-6d-62-65-72-3a-37-32-34" class="aheart-select__option" role="option" aria-selected="false"><span class="aheart-select__option-content">Item 724</span>
        <!--v-if-->
      </div>
      <div id="aheart-select-v-0-listbox-option-6e-75-6d-62-65-72-3a-37-32-35" class="aheart-select__option" role="option" aria-selected="false"><span class="aheart-select__option-content">Item 725</span>
        <!--v-if-->
      </div>
      <div id="aheart-select-v-0-listbox-option-6e-75-6d-62-65-72-3a-37-32-36" class="aheart-select__option" role="option" aria-selected="false"><span class="aheart-select__option-content">Item 726</span>
        <!--v-if-->
      </div>
      <div id="aheart-select-v-0-listbox-option-6e-75-6d-62-65-72-3a-37-32-37" class="aheart-select__option" role="option" aria-selected="false"><span class="aheart-select__option-content">Item 727</span>
        <!--v-if-->
      </div>
      <div id="aheart-select-v-0-listbox-option-6e-75-6d-62-65-72-3a-37-32-38" class="aheart-select__option" role="option" aria-selected="false"><span class="aheart-select__option-content">Item 728</span>
        <!--v-if-->
      </div>
      <div id="aheart-select-v-0-listbox-option-6e-75-6d-62-65-72-3a-37-32-39" class="aheart-select__option" role="option" aria-selected="false"><span class="aheart-select__option-content">Item 729</span>
        <!--v-if-->
      </div>
      <div id="aheart-select-v-0-listbox-option-6e-75-6d-62-65-72-3a-37-33-30" class="aheart-select__option" role="option" aria-selected="false"><span class="aheart-select__option-content">Item 730</span>
        <!--v-if-->
      </div>
      <div id="aheart-select-v-0-listbox-option-6e-75-6d-62-65-72-3a-37-33-31" class="aheart-select__option" role="option" aria-selected="false"><span class="aheart-select__option-content">Item 731</span>
        <!--v-if-->
      </div>
      <div id="aheart-select-v-0-listbox-option-6e-75-6d-62-65-72-3a-37-33-32" class="aheart-select__option" role="option" aria-selected="false"><span class="aheart-select__option-content">Item 732</span>
        <!--v-if-->
      </div>
      <div id="aheart-select-v-0-listbox-option-6e-75-6d-62-65-72-3a-37-33-33" class="aheart-select__option" role="option" aria-selected="false"><span class="aheart-select__option-content">Item 733</span>
        <!--v-if-->
      </div>
      <div id="aheart-select-v-0-listbox-option-6e-75-6d-62-65-72-3a-37-33-34" class="aheart-select__option" role="option" aria-selected="false"><span class="aheart-select__option-content">Item 734</span>
        <!--v-if-->
      </div>
      <div id="aheart-select-v-0-listbox-option-6e-75-6d-62-65-72-3a-37-33-35" class="aheart-select__option" role="option" aria-selected="false"><span class="aheart-select__option-content">Item 735</span>
        <!--v-if-->
      </div>
      <div id="aheart-select-v-0-listbox-option-6e-75-6d-62-65-72-3a-37-33-36" class="aheart-select__option" role="option" aria-selected="false"><span class="aheart-select__option-content">Item 736</span>
        <!--v-if-->
      </div>
      <div id="aheart-select-v-0-listbox-option-6e-75-6d-62-65-72-3a-37-33-37" class="aheart-select__option" role="option" aria-selected="false"><span class="aheart-select__option-content">Item 737</span>
        <!--v-if-->
      </div>
      <div id="aheart-select-v-0-listbox-option-6e-75-6d-62-65-72-3a-37-33-38" class="aheart-select__option" role="option" aria-selected="false"><span class="aheart-select__option-content">Item 738</span>
        <!--v-if-->
      </div>
      <div id="aheart-select-v-0-listbox-option-6e-75-6d-62-65-72-3a-37-33-39" class="aheart-select__option" role="option" aria-selected="false"><span class="aheart-select__option-content">Item 739</span>
        <!--v-if-->
      </div>
      <div id="aheart-select-v-0-listbox-option-6e-75-6d-62-65-72-3a-37-34-30" class="aheart-select__option" role="option" aria-selected="false"><span class="aheart-select__option-content">Item 740</span>
        <!--v-if-->
      </div>
      <div id="aheart-select-v-0-listbox-option-6e-75-6d-62-65-72-3a-37-34-31" class="aheart-select__option" role="option" aria-selected="false"><span class="aheart-select__option-content">Item 741</span>
        <!--v-if-->
      </div>
      <div id="aheart-select-v-0-listbox-option-6e-75-6d-62-65-72-3a-37-34-32" class="aheart-select__option" role="option" aria-selected="false"><span class="aheart-select__option-content">Item 742</span>
        <!--v-if-->
      </div>
      <div id="aheart-select-v-0-listbox-option-6e-75-6d-62-65-72-3a-37-34-33" class="aheart-select__option" role="option" aria-selected="false"><span class="aheart-select__option-content">Item 743</span>
        <!--v-if-->
      </div>
      <div id="aheart-select-v-0-listbox-option-6e-75-6d-62-65-72-3a-37-34-34" class="aheart-select__option" role="option" aria-selected="false"><span class="aheart-select__option-content">Item 744</span>
        <!--v-if-->
      </div>
      <div id="aheart-select-v-0-listbox-option-6e-75-6d-62-65-72-3a-37-34-35" class="aheart-select__option" role="option" aria-selected="false"><span class="aheart-select__option-content">Item 745</span>
        <!--v-if-->
      </div>
      <div id="aheart-select-v-0-listbox-option-6e-75-6d-62-65-72-3a-37-34-36" class="aheart-select__option" role="option" aria-selected="false"><span class="aheart-select__option-content">Item 746</span>
        <!--v-if-->
      </div>
      <div id="aheart-select-v-0-listbox-option-6e-75-6d-62-65-72-3a-37-34-37" class="aheart-select__option" role="option" aria-selected="false"><span class="aheart-select__option-content">Item 747</span>
        <!--v-if-->
      </div>
      <div id="aheart-select-v-0-listbox-option-6e-75-6d-62-65-72-3a-37-34-38" class="aheart-select__option" role="option" aria-selected="false"><span class="aheart-select__option-content">Item 748</span>
        <!--v-if-->
      </div>
      <div id="aheart-select-v-0-listbox-option-6e-75-6d-62-65-72-3a-37-34-39" class="aheart-select__option" role="option" aria-selected="false"><span class="aheart-select__option-content">Item 749</span>
        <!--v-if-->
      </div>
      <div id="aheart-select-v-0-listbox-option-6e-75-6d-62-65-72-3a-37-35-30" class="aheart-select__option" role="option" aria-selected="false"><span class="aheart-select__option-content">Item 750</span>
        <!--v-if-->
      </div>
      <div id="aheart-select-v-0-listbox-option-6e-75-6d-62-65-72-3a-37-35-31" class="aheart-select__option" role="option" aria-selected="false"><span class="aheart-select__option-content">Item 751</span>
        <!--v-if-->
      </div>
      <div id="aheart-select-v-0-listbox-option-6e-75-6d-62-65-72-3a-37-35-32" class="aheart-select__option" role="option" aria-selected="false"><span class="aheart-select__option-content">Item 752</span>
        <!--v-if-->
      </div>
      <div id="aheart-select-v-0-listbox-option-6e-75-6d-62-65-72-3a-37-35-33" class="aheart-select__option" role="option" aria-selected="false"><span class="aheart-select__option-content">Item 753</span>
        <!--v-if-->
      </div>
      <div id="aheart-select-v-0-listbox-option-6e-75-6d-62-65-72-3a-37-35-34" class="aheart-select__option" role="option" aria-selected="false"><span class="aheart-select__option-content">Item 754</span>
        <!--v-if-->
      </div>
      <div id="aheart-select-v-0-listbox-option-6e-75-6d-62-65-72-3a-37-35-35" class="aheart-select__option" role="option" aria-selected="false"><span class="aheart-select__option-content">Item 755</span>
        <!--v-if-->
      </div>
      <div id="aheart-select-v-0-listbox-option-6e-75-6d-62-65-72-3a-37-35-36" class="aheart-select__option" role="option" aria-selected="false"><span class="aheart-select__option-content">Item 756</span>
        <!--v-if-->
      </div>
      <div id="aheart-select-v-0-listbox-option-6e-75-6d-62-65-72-3a-37-35-37" class="aheart-select__option" role="option" aria-selected="false"><span class="aheart-select__option-content">Item 757</span>
        <!--v-if-->
      </div>
      <div id="aheart-select-v-0-listbox-option-6e-75-6d-62-65-72-3a-37-35-38" class="aheart-select__option" role="option" aria-selected="false"><span class="aheart-select__option-content">Item 758</span>
        <!--v-if-->
      </div>
      <div id="aheart-select-v-0-listbox-option-6e-75-6d-62-65-72-3a-37-35-39" class="aheart-select__option" role="option" aria-selected="false"><span class="aheart-select__option-content">Item 759</span>
        <!--v-if-->
      </div>
      <div id="aheart-select-v-0-listbox-option-6e-75-6d-62-65-72-3a-37-36-30" class="aheart-select__option" role="option" aria-selected="false"><span class="aheart-select__option-content">Item 760</span>
        <!--v-if-->
      </div>
      <div id="aheart-select-v-0-listbox-option-6e-75-6d-62-65-72-3a-37-36-31" class="aheart-select__option" role="option" aria-selected="false"><span class="aheart-select__option-content">Item 761</span>
        <!--v-if-->
      </div>
      <div id="aheart-select-v-0-listbox-option-6e-75-6d-62-65-72-3a-37-36-32" class="aheart-select__option" role="option" aria-selected="false"><span class="aheart-select__option-content">Item 762</span>
        <!--v-if-->
      </div>
      <div id="aheart-select-v-0-listbox-option-6e-75-6d-62-65-72-3a-37-36-33" class="aheart-select__option" role="option" aria-selected="false"><span class="aheart-select__option-content">Item 763</span>
        <!--v-if-->
      </div>
      <div id="aheart-select-v-0-listbox-option-6e-75-6d-62-65-72-3a-37-36-34" class="aheart-select__option" role="option" aria-selected="false"><span class="aheart-select__option-content">Item 764</span>
        <!--v-if-->
      </div>
      <div id="aheart-select-v-0-listbox-option-6e-75-6d-62-65-72-3a-37-36-35" class="aheart-select__option" role="option" aria-selected="false"><span class="aheart-select__option-content">Item 765</span>
        <!--v-if-->
      </div>
      <div id="aheart-select-v-0-listbox-option-6e-75-6d-62-65-72-3a-37-36-36" class="aheart-select__option" role="option" aria-selected="false"><span class="aheart-select__option-content">Item 766</span>
        <!--v-if-->
      </div>
      <div id="aheart-select-v-0-listbox-option-6e-75-6d-62-65-72-3a-37-36-37" class="aheart-select__option" role="option" aria-selected="false"><span class="aheart-select__option-content">Item 767</span>
        <!--v-if-->
      </div>
      <div id="aheart-select-v-0-listbox-option-6e-75-6d-62-65-72-3a-37-36-38" class="aheart-select__option" role="option" aria-selected="false"><span class="aheart-select__option-content">Item 768</span>
        <!--v-if-->
      </div>
      <div id="aheart-select-v-0-listbox-option-6e-75-6d-62-65-72-3a-37-36-39" class="aheart-select__option" role="option" aria-selected="false"><span class="aheart-select__option-content">Item 769</span>
        <!--v-if-->
      </div>
      <div id="aheart-select-v-0-listbox-option-6e-75-6d-62-65-72-3a-37-37-30" class="aheart-select__option" role="option" aria-selected="false"><span class="aheart-select__option-content">Item 770</span>
        <!--v-if-->
      </div>
      <div id="aheart-select-v-0-listbox-option-6e-75-6d-62-65-72-3a-37-37-31" class="aheart-select__option" role="option" aria-selected="false"><span class="aheart-select__option-content">Item 771</span>
        <!--v-if-->
      </div>
      <div id="aheart-select-v-0-listbox-option-6e-75-6d-62-65-72-3a-37-37-32" class="aheart-select__option" role="option" aria-selected="false"><span class="aheart-select__option-content">Item 772</span>
        <!--v-if-->
      </div>
      <div id="aheart-select-v-0-listbox-option-6e-75-6d-62-65-72-3a-37-37-33" class="aheart-select__option" role="option" aria-selected="false"><span class="aheart-select__option-content">Item 773</span>
        <!--v-if-->
      </div>
      <div id="aheart-select-v-0-listbox-option-6e-75-6d-62-65-72-3a-37-37-34" class="aheart-select__option" role="option" aria-selected="false"><span class="aheart-select__option-content">Item 774</span>
        <!--v-if-->
      </div>
      <div id="aheart-select-v-0-listbox-option-6e-75-6d-62-65-72-3a-37-37-35" class="aheart-select__option" role="option" aria-selected="false"><span class="aheart-select__option-content">Item 775</span>
        <!--v-if-->
      </div>
      <div id="aheart-select-v-0-listbox-option-6e-75-6d-62-65-72-3a-37-37-36" class="aheart-select__option" role="option" aria-selected="false"><span class="aheart-select__option-content">Item 776</span>
        <!--v-if-->
      </div>
      <div id="aheart-select-v-0-listbox-option-6e-75-6d-62-65-72-3a-37-37-37" class="aheart-select__option" role="option" aria-selected="false"><span class="aheart-select__option-content">Item 777</span>
        <!--v-if-->
      </div>
      <div id="aheart-select-v-0-listbox-option-6e-75-6d-62-65-72-3a-37-37-38" class="aheart-select__option" role="option" aria-selected="false"><span class="aheart-select__option-content">Item 778</span>
        <!--v-if-->
      </div>
      <div id="aheart-select-v-0-listbox-option-6e-75-6d-62-65-72-3a-37-37-39" class="aheart-select__option" role="option" aria-selected="false"><span class="aheart-select__option-content">Item 779</span>
        <!--v-if-->
      </div>
      <div id="aheart-select-v-0-listbox-option-6e-75-6d-62-65-72-3a-37-38-30" class="aheart-select__option" role="option" aria-selected="false"><span class="aheart-select__option-content">Item 780</span>
        <!--v-if-->
      </div>
      <div id="aheart-select-v-0-listbox-option-6e-75-6d-62-65-72-3a-37-38-31" class="aheart-select__option" role="option" aria-selected="false"><span class="aheart-select__option-content">Item 781</span>
        <!--v-if-->
      </div>
      <div id="aheart-select-v-0-listbox-option-6e-75-6d-62-65-72-3a-37-38-32" class="aheart-select__option" role="option" aria-selected="false"><span class="aheart-select__option-content">Item 782</span>
        <!--v-if-->
      </div>
      <div id="aheart-select-v-0-listbox-option-6e-75-6d-62-65-72-3a-37-38-33" class="aheart-select__option" role="option" aria-selected="false"><span class="aheart-select__option-content">Item 783</span>
        <!--v-if-->
      </div>
      <div id="aheart-select-v-0-listbox-option-6e-75-6d-62-65-72-3a-37-38-34" class="aheart-select__option" role="option" aria-selected="false"><span class="aheart-select__option-content">Item 784</span>
        <!--v-if-->
      </div>
      <div id="aheart-select-v-0-listbox-option-6e-75-6d-62-65-72-3a-37-38-35" class="aheart-select__option" role="option" aria-selected="false"><span class="aheart-select__option-content">Item 785</span>
        <!--v-if-->
      </div>
      <div id="aheart-select-v-0-listbox-option-6e-75-6d-62-65-72-3a-37-38-36" class="aheart-select__option" role="option" aria-selected="false"><span class="aheart-select__option-content">Item 786</span>
        <!--v-if-->
      </div>
      <div id="aheart-select-v-0-listbox-option-6e-75-6d-62-65-72-3a-37-38-37" class="aheart-select__option" role="option" aria-selected="false"><span class="aheart-select__option-content">Item 787</span>
        <!--v-if-->
      </div>
      <div id="aheart-select-v-0-listbox-option-6e-75-6d-62-65-72-3a-37-38-38" class="aheart-select__option" role="option" aria-selected="false"><span class="aheart-select__option-content">Item 788</span>
        <!--v-if-->
      </div>
      <div id="aheart-select-v-0-listbox-option-6e-75-6d-62-65-72-3a-37-38-39" class="aheart-select__option" role="option" aria-selected="false"><span class="aheart-select__option-content">Item 789</span>
        <!--v-if-->
      </div>
      <div id="aheart-select-v-0-listbox-option-6e-75-6d-62-65-72-3a-37-39-30" class="aheart-select__option" role="option" aria-selected="false"><span class="aheart-select__option-content">Item 790</span>
        <!--v-if-->
      </div>
      <div id="aheart-select-v-0-listbox-option-6e-75-6d-62-65-72-3a-37-39-31" class="aheart-select__option" role="option" aria-selected="false"><span class="aheart-select__option-content">Item 791</span>
        <!--v-if-->
      </div>
      <div id="aheart-select-v-0-listbox-option-6e-75-6d-62-65-72-3a-37-39-32" class="aheart-select__option" role="option" aria-selected="false"><span class="aheart-select__option-content">Item 792</span>
        <!--v-if-->
      </div>
      <div id="aheart-select-v-0-listbox-option-6e-75-6d-62-65-72-3a-37-39-33" class="aheart-select__option" role="option" aria-selected="false"><span class="aheart-select__option-content">Item 793</span>
        <!--v-if-->
      </div>
      <div id="aheart-select-v-0-listbox-option-6e-75-6d-62-65-72-3a-37-39-34" class="aheart-select__option" role="option" aria-selected="false"><span class="aheart-select__option-content">Item 794</span>
        <!--v-if-->
      </div>
      <div id="aheart-select-v-0-listbox-option-6e-75-6d-62-65-72-3a-37-39-35" class="aheart-select__option" role="option" aria-selected="false"><span class="aheart-select__option-content">Item 795</span>
        <!--v-if-->
      </div>
      <div id="aheart-select-v-0-listbox-option-6e-75-6d-62-65-72-3a-37-39-36" class="aheart-select__option" role="option" aria-selected="false"><span class="aheart-select__option-content">Item 796</span>
        <!--v-if-->
      </div>
      <div id="aheart-select-v-0-listbox-option-6e-75-6d-62-65-72-3a-37-39-37" class="aheart-select__option" role="option" aria-selected="false"><span class="aheart-select__option-content">Item 797</span>
        <!--v-if-->
      </div>
      <div id="aheart-select-v-0-listbox-option-6e-75-6d-62-65-72-3a-37-39-38" class="aheart-select__option" role="option" aria-selected="false"><span class="aheart-select__option-content">Item 798</span>
        <!--v-if-->
      </div>
      <div id="aheart-select-v-0-listbox-option-6e-75-6d-62-65-72-3a-37-39-39" class="aheart-select__option" role="option" aria-selected="false"><span class="aheart-select__option-content">Item 799</span>
        <!--v-if-->
      </div>
      <div id="aheart-select-v-0-listbox-option-6e-75-6d-62-65-72-3a-38-30-30" class="aheart-select__option" role="option" aria-selected="false"><span class="aheart-select__option-content">Item 800</span>
        <!--v-if-->
      </div>
      <div id="aheart-select-v-0-listbox-option-6e-75-6d-62-65-72-3a-38-30-31" class="aheart-select__option" role="option" aria-selected="false"><span class="aheart-select__option-content">Item 801</span>
        <!--v-if-->
      </div>
      <div id="aheart-select-v-0-listbox-option-6e-75-6d-62-65-72-3a-38-30-32" class="aheart-select__option" role="option" aria-selected="false"><span class="aheart-select__option-content">Item 802</span>
        <!--v-if-->
      </div>
      <div id="aheart-select-v-0-listbox-option-6e-75-6d-62-65-72-3a-38-30-33" class="aheart-select__option" role="option" aria-selected="false"><span class="aheart-select__option-content">Item 803</span>
        <!--v-if-->
      </div>
      <div id="aheart-select-v-0-listbox-option-6e-75-6d-62-65-72-3a-38-30-34" class="aheart-select__option" role="option" aria-selected="false"><span class="aheart-select__option-content">Item 804</span>
        <!--v-if-->
      </div>
      <div id="aheart-select-v-0-listbox-option-6e-75-6d-62-65-72-3a-38-30-35" class="aheart-select__option" role="option" aria-selected="false"><span class="aheart-select__option-content">Item 805</span>
        <!--v-if-->
      </div>
      <div id="aheart-select-v-0-listbox-option-6e-75-6d-62-65-72-3a-38-30-36" class="aheart-select__option" role="option" aria-selected="false"><span class="aheart-select__option-content">Item 806</span>
        <!--v-if-->
      </div>
      <div id="aheart-select-v-0-listbox-option-6e-75-6d-62-65-72-3a-38-30-37" class="aheart-select__option" role="option" aria-selected="false"><span class="aheart-select__option-content">Item 807</span>
        <!--v-if-->
      </div>
      <div id="aheart-select-v-0-listbox-option-6e-75-6d-62-65-72-3a-38-30-38" class="aheart-select__option" role="option" aria-selected="false"><span class="aheart-select__option-content">Item 808</span>
        <!--v-if-->
      </div>
      <div id="aheart-select-v-0-listbox-option-6e-75-6d-62-65-72-3a-38-30-39" class="aheart-select__option" role="option" aria-selected="false"><span class="aheart-select__option-content">Item 809</span>
        <!--v-if-->
      </div>
      <div id="aheart-select-v-0-listbox-option-6e-75-6d-62-65-72-3a-38-31-30" class="aheart-select__option" role="option" aria-selected="false"><span class="aheart-select__option-content">Item 810</span>
        <!--v-if-->
      </div>
      <div id="aheart-select-v-0-listbox-option-6e-75-6d-62-65-72-3a-38-31-31" class="aheart-select__option" role="option" aria-selected="false"><span class="aheart-select__option-content">Item 811</span>
        <!--v-if-->
      </div>
      <div id="aheart-select-v-0-listbox-option-6e-75-6d-62-65-72-3a-38-31-32" class="aheart-select__option" role="option" aria-selected="false"><span class="aheart-select__option-content">Item 812</span>
        <!--v-if-->
      </div>
      <div id="aheart-select-v-0-listbox-option-6e-75-6d-62-65-72-3a-38-31-33" class="aheart-select__option" role="option" aria-selected="false"><span class="aheart-select__option-content">Item 813</span>
        <!--v-if-->
      </div>
      <div id="aheart-select-v-0-listbox-option-6e-75-6d-62-65-72-3a-38-31-34" class="aheart-select__option" role="option" aria-selected="false"><span class="aheart-select__option-content">Item 814</span>
        <!--v-if-->
      </div>
      <div id="aheart-select-v-0-listbox-option-6e-75-6d-62-65-72-3a-38-31-35" class="aheart-select__option" role="option" aria-selected="false"><span class="aheart-select__option-content">Item 815</span>
        <!--v-if-->
      </div>
      <div id="aheart-select-v-0-listbox-option-6e-75-6d-62-65-72-3a-38-31-36" class="aheart-select__option" role="option" aria-selected="false"><span class="aheart-select__option-content">Item 816</span>
        <!--v-if-->
      </div>
      <div id="aheart-select-v-0-listbox-option-6e-75-6d-62-65-72-3a-38-31-37" class="aheart-select__option" role="option" aria-selected="false"><span class="aheart-select__option-content">Item 817</span>
        <!--v-if-->
      </div>
      <div id="aheart-select-v-0-listbox-option-6e-75-6d-62-65-72-3a-38-31-38" class="aheart-select__option" role="option" aria-selected="false"><span class="aheart-select__option-content">Item 818</span>
        <!--v-if-->
      </div>
      <div id="aheart-select-v-0-listbox-option-6e-75-6d-62-65-72-3a-38-31-39" class="aheart-select__option" role="option" aria-selected="false"><span class="aheart-select__option-content">Item 819</span>
        <!--v-if-->
      </div>
      <div id="aheart-select-v-0-listbox-option-6e-75-6d-62-65-72-3a-38-32-30" class="aheart-select__option" role="option" aria-selected="false"><span class="aheart-select__option-content">Item 820</span>
        <!--v-if-->
      </div>
      <div id="aheart-select-v-0-listbox-option-6e-75-6d-62-65-72-3a-38-32-31" class="aheart-select__option" role="option" aria-selected="false"><span class="aheart-select__option-content">Item 821</span>
        <!--v-if-->
      </div>
      <div id="aheart-select-v-0-listbox-option-6e-75-6d-62-65-72-3a-38-32-32" class="aheart-select__option" role="option" aria-selected="false"><span class="aheart-select__option-content">Item 822</span>
        <!--v-if-->
      </div>
      <div id="aheart-select-v-0-listbox-option-6e-75-6d-62-65-72-3a-38-32-33" class="aheart-select__option" role="option" aria-selected="false"><span class="aheart-select__option-content">Item 823</span>
        <!--v-if-->
      </div>
      <div id="aheart-select-v-0-listbox-option-6e-75-6d-62-65-72-3a-38-32-34" class="aheart-select__option" role="option" aria-selected="false"><span class="aheart-select__option-content">Item 824</span>
        <!--v-if-->
      </div>
      <div id="aheart-select-v-0-listbox-option-6e-75-6d-62-65-72-3a-38-32-35" class="aheart-select__option" role="option" aria-selected="false"><span class="aheart-select__option-content">Item 825</span>
        <!--v-if-->
      </div>
      <div id="aheart-select-v-0-listbox-option-6e-75-6d-62-65-72-3a-38-32-36" class="aheart-select__option" role="option" aria-selected="false"><span class="aheart-select__option-content">Item 826</span>
        <!--v-if-->
      </div>
      <div id="aheart-select-v-0-listbox-option-6e-75-6d-62-65-72-3a-38-32-37" class="aheart-select__option" role="option" aria-selected="false"><span class="aheart-select__option-content">Item 827</span>
        <!--v-if-->
      </div>
      <div id="aheart-select-v-0-listbox-option-6e-75-6d-62-65-72-3a-38-32-38" class="aheart-select__option" role="option" aria-selected="false"><span class="aheart-select__option-content">Item 828</span>
        <!--v-if-->
      </div>
      <div id="aheart-select-v-0-listbox-option-6e-75-6d-62-65-72-3a-38-32-39" class="aheart-select__option" role="option" aria-selected="false"><span class="aheart-select__option-content">Item 829</span>
        <!--v-if-->
      </div>
      <div id="aheart-select-v-0-listbox-option-6e-75-6d-62-65-72-3a-38-33-30" class="aheart-select__option" role="option" aria-selected="false"><span class="aheart-select__option-content">Item 830</span>
        <!--v-if-->
      </div>
      <div id="aheart-select-v-0-listbox-option-6e-75-6d-62-65-72-3a-38-33-31" class="aheart-select__option" role="option" aria-selected="false"><span class="aheart-select__option-content">Item 831</span>
        <!--v-if-->
      </div>
      <div id="aheart-select-v-0-listbox-option-6e-75-6d-62-65-72-3a-38-33-32" class="aheart-select__option" role="option" aria-selected="false"><span class="aheart-select__option-content">Item 832</span>
        <!--v-if-->
      </div>
      <div id="aheart-select-v-0-listbox-option-6e-75-6d-62-65-72-3a-38-33-33" class="aheart-select__option" role="option" aria-selected="false"><span class="aheart-select__option-content">Item 833</span>
        <!--v-if-->
      </div>
      <div id="aheart-select-v-0-listbox-option-6e-75-6d-62-65-72-3a-38-33-34" class="aheart-select__option" role="option" aria-selected="false"><span class="aheart-select__option-content">Item 834</span>
        <!--v-if-->
      </div>
      <div id="aheart-select-v-0-listbox-option-6e-75-6d-62-65-72-3a-38-33-35" class="aheart-select__option" role="option" aria-selected="false"><span class="aheart-select__option-content">Item 835</span>
        <!--v-if-->
      </div>
      <div id="aheart-select-v-0-listbox-option-6e-75-6d-62-65-72-3a-38-33-36" class="aheart-select__option" role="option" aria-selected="false"><span class="aheart-select__option-content">Item 836</span>
        <!--v-if-->
      </div>
      <div id="aheart-select-v-0-listbox-option-6e-75-6d-62-65-72-3a-38-33-37" class="aheart-select__option" role="option" aria-selected="false"><span class="aheart-select__option-content">Item 837</span>
        <!--v-if-->
      </div>
      <div id="aheart-select-v-0-listbox-option-6e-75-6d-62-65-72-3a-38-33-38" class="aheart-select__option" role="option" aria-selected="false"><span class="aheart-select__option-content">Item 838</span>
        <!--v-if-->
      </div>
      <div id="aheart-select-v-0-listbox-option-6e-75-6d-62-65-72-3a-38-33-39" class="aheart-select__option" role="option" aria-selected="false"><span class="aheart-select__option-content">Item 839</span>
        <!--v-if-->
      </div>
      <div id="aheart-select-v-0-listbox-option-6e-75-6d-62-65-72-3a-38-34-30" class="aheart-select__option" role="option" aria-selected="false"><span class="aheart-select__option-content">Item 840</span>
        <!--v-if-->
      </div>
      <div id="aheart-select-v-0-listbox-option-6e-75-6d-62-65-72-3a-38-34-31" class="aheart-select__option" role="option" aria-selected="false"><span class="aheart-select__option-content">Item 841</span>
        <!--v-if-->
      </div>
      <div id="aheart-select-v-0-listbox-option-6e-75-6d-62-65-72-3a-38-34-32" class="aheart-select__option" role="option" aria-selected="false"><span class="aheart-select__option-content">Item 842</span>
        <!--v-if-->
      </div>
      <div id="aheart-select-v-0-listbox-option-6e-75-6d-62-65-72-3a-38-34-33" class="aheart-select__option" role="option" aria-selected="false"><span class="aheart-select__option-content">Item 843</span>
        <!--v-if-->
      </div>
      <div id="aheart-select-v-0-listbox-option-6e-75-6d-62-65-72-3a-38-34-34" class="aheart-select__option" role="option" aria-selected="false"><span class="aheart-select__option-content">Item 844</span>
        <!--v-if-->
      </div>
      <div id="aheart-select-v-0-listbox-option-6e-75-6d-62-65-72-3a-38-34-35" class="aheart-select__option" role="option" aria-selected="false"><span class="aheart-select__option-content">Item 845</span>
        <!--v-if-->
      </div>
      <div id="aheart-select-v-0-listbox-option-6e-75-6d-62-65-72-3a-38-34-36" class="aheart-select__option" role="option" aria-selected="false"><span class="aheart-select__option-content">Item 846</span>
        <!--v-if-->
      </div>
      <div id="aheart-select-v-0-listbox-option-6e-75-6d-62-65-72-3a-38-34-37" class="aheart-select__option" role="option" aria-selected="false"><span class="aheart-select__option-content">Item 847</span>
        <!--v-if-->
      </div>
      <div id="aheart-select-v-0-listbox-option-6e-75-6d-62-65-72-3a-38-34-38" class="aheart-select__option" role="option" aria-selected="false"><span class="aheart-select__option-content">Item 848</span>
        <!--v-if-->
      </div>
      <div id="aheart-select-v-0-listbox-option-6e-75-6d-62-65-72-3a-38-34-39" class="aheart-select__option" role="option" aria-selected="false"><span class="aheart-select__option-content">Item 849</span>
        <!--v-if-->
      </div>
      <div id="aheart-select-v-0-listbox-option-6e-75-6d-62-65-72-3a-38-35-30" class="aheart-select__option" role="option" aria-selected="false"><span class="aheart-select__option-content">Item 850</span>
        <!--v-if-->
      </div>
      <div id="aheart-select-v-0-listbox-option-6e-75-6d-62-65-72-3a-38-35-31" class="aheart-select__option" role="option" aria-selected="false"><span class="aheart-select__option-content">Item 851</span>
        <!--v-if-->
      </div>
      <div id="aheart-select-v-0-listbox-option-6e-75-6d-62-65-72-3a-38-35-32" class="aheart-select__option" role="option" aria-selected="false"><span class="aheart-select__option-content">Item 852</span>
        <!--v-if-->
      </div>
      <div id="aheart-select-v-0-listbox-option-6e-75-6d-62-65-72-3a-38-35-33" class="aheart-select__option" role="option" aria-selected="false"><span class="aheart-select__option-content">Item 853</span>
        <!--v-if-->
      </div>
      <div id="aheart-select-v-0-listbox-option-6e-75-6d-62-65-72-3a-38-35-34" class="aheart-select__option" role="option" aria-selected="false"><span class="aheart-select__option-content">Item 854</span>
        <!--v-if-->
      </div>
      <div id="aheart-select-v-0-listbox-option-6e-75-6d-62-65-72-3a-38-35-35" class="aheart-select__option" role="option" aria-selected="false"><span class="aheart-select__option-content">Item 855</span>
        <!--v-if-->
      </div>
      <div id="aheart-select-v-0-listbox-option-6e-75-6d-62-65-72-3a-38-35-36" class="aheart-select__option" role="option" aria-selected="false"><span class="aheart-select__option-content">Item 856</span>
        <!--v-if-->
      </div>
      <div id="aheart-select-v-0-listbox-option-6e-75-6d-62-65-72-3a-38-35-37" class="aheart-select__option" role="option" aria-selected="false"><span class="aheart-select__option-content">Item 857</span>
        <!--v-if-->
      </div>
      <div id="aheart-select-v-0-listbox-option-6e-75-6d-62-65-72-3a-38-35-38" class="aheart-select__option" role="option" aria-selected="false"><span class="aheart-select__option-content">Item 858</span>
        <!--v-if-->
      </div>
      <div id="aheart-select-v-0-listbox-option-6e-75-6d-62-65-72-3a-38-35-39" class="aheart-select__option" role="option" aria-selected="false"><span class="aheart-select__option-content">Item 859</span>
        <!--v-if-->
      </div>
      <div id="aheart-select-v-0-listbox-option-6e-75-6d-62-65-72-3a-38-36-30" class="aheart-select__option" role="option" aria-selected="false"><span class="aheart-select__option-content">Item 860</span>
        <!--v-if-->
      </div>
      <div id="aheart-select-v-0-listbox-option-6e-75-6d-62-65-72-3a-38-36-31" class="aheart-select__option" role="option" aria-selected="false"><span class="aheart-select__option-content">Item 861</span>
        <!--v-if-->
      </div>
      <div id="aheart-select-v-0-listbox-option-6e-75-6d-62-65-72-3a-38-36-32" class="aheart-select__option" role="option" aria-selected="false"><span class="aheart-select__option-content">Item 862</span>
        <!--v-if-->
      </div>
      <div id="aheart-select-v-0-listbox-option-6e-75-6d-62-65-72-3a-38-36-33" class="aheart-select__option" role="option" aria-selected="false"><span class="aheart-select__option-content">Item 863</span>
        <!--v-if-->
      </div>
      <div id="aheart-select-v-0-listbox-option-6e-75-6d-62-65-72-3a-38-36-34" class="aheart-select__option" role="option" aria-selected="false"><span class="aheart-select__option-content">Item 864</span>
        <!--v-if-->
      </div>
      <div id="aheart-select-v-0-listbox-option-6e-75-6d-62-65-72-3a-38-36-35" class="aheart-select__option" role="option" aria-selected="false"><span class="aheart-select__option-content">Item 865</span>
        <!--v-if-->
      </div>
      <div id="aheart-select-v-0-listbox-option-6e-75-6d-62-65-72-3a-38-36-36" class="aheart-select__option" role="option" aria-selected="false"><span class="aheart-select__option-content">Item 866</span>
        <!--v-if-->
      </div>
      <div id="aheart-select-v-0-listbox-option-6e-75-6d-62-65-72-3a-38-36-37" class="aheart-select__option" role="option" aria-selected="false"><span class="aheart-select__option-content">Item 867</span>
        <!--v-if-->
      </div>
      <div id="aheart-select-v-0-listbox-option-6e-75-6d-62-65-72-3a-38-36-38" class="aheart-select__option" role="option" aria-selected="false"><span class="aheart-select__option-content">Item 868</span>
        <!--v-if-->
      </div>
      <div id="aheart-select-v-0-listbox-option-6e-75-6d-62-65-72-3a-38-36-39" class="aheart-select__option" role="option" aria-selected="false"><span class="aheart-select__option-content">Item 869</span>
        <!--v-if-->
      </div>
      <div id="aheart-select-v-0-listbox-option-6e-75-6d-62-65-72-3a-38-37-30" class="aheart-select__option" role="option" aria-selected="false"><span class="aheart-select__option-content">Item 870</span>
        <!--v-if-->
      </div>
      <div id="aheart-select-v-0-listbox-option-6e-75-6d-62-65-72-3a-38-37-31" class="aheart-select__option" role="option" aria-selected="false"><span class="aheart-select__option-content">Item 871</span>
        <!--v-if-->
      </div>
      <div id="aheart-select-v-0-listbox-option-6e-75-6d-62-65-72-3a-38-37-32" class="aheart-select__option" role="option" aria-selected="false"><span class="aheart-select__option-content">Item 872</span>
        <!--v-if-->
      </div>
      <div id="aheart-select-v-0-listbox-option-6e-75-6d-62-65-72-3a-38-37-33" class="aheart-select__option" role="option" aria-selected="false"><span class="aheart-select__option-content">Item 873</span>
        <!--v-if-->
      </div>
      <div id="aheart-select-v-0-listbox-option-6e-75-6d-62-65-72-3a-38-37-34" class="aheart-select__option" role="option" aria-selected="false"><span class="aheart-select__option-content">Item 874</span>
        <!--v-if-->
      </div>
      <div id="aheart-select-v-0-listbox-option-6e-75-6d-62-65-72-3a-38-37-35" class="aheart-select__option" role="option" aria-selected="false"><span class="aheart-select__option-content">Item 875</span>
        <!--v-if-->
      </div>
      <div id="aheart-select-v-0-listbox-option-6e-75-6d-62-65-72-3a-38-37-36" class="aheart-select__option" role="option" aria-selected="false"><span class="aheart-select__option-content">Item 876</span>
        <!--v-if-->
      </div>
      <div id="aheart-select-v-0-listbox-option-6e-75-6d-62-65-72-3a-38-37-37" class="aheart-select__option" role="option" aria-selected="false"><span class="aheart-select__option-content">Item 877</span>
        <!--v-if-->
      </div>
      <div id="aheart-select-v-0-listbox-option-6e-75-6d-62-65-72-3a-38-37-38" class="aheart-select__option" role="option" aria-selected="false"><span class="aheart-select__option-content">Item 878</span>
        <!--v-if-->
      </div>
      <div id="aheart-select-v-0-listbox-option-6e-75-6d-62-65-72-3a-38-37-39" class="aheart-select__option" role="option" aria-selected="false"><span class="aheart-select__option-content">Item 879</span>
        <!--v-if-->
      </div>
      <div id="aheart-select-v-0-listbox-option-6e-75-6d-62-65-72-3a-38-38-30" class="aheart-select__option" role="option" aria-selected="false"><span class="aheart-select__option-content">Item 880</span>
        <!--v-if-->
      </div>
      <div id="aheart-select-v-0-listbox-option-6e-75-6d-62-65-72-3a-38-38-31" class="aheart-select__option" role="option" aria-selected="false"><span class="aheart-select__option-content">Item 881</span>
        <!--v-if-->
      </div>
      <div id="aheart-select-v-0-listbox-option-6e-75-6d-62-65-72-3a-38-38-32" class="aheart-select__option" role="option" aria-selected="false"><span class="aheart-select__option-content">Item 882</span>
        <!--v-if-->
      </div>
      <div id="aheart-select-v-0-listbox-option-6e-75-6d-62-65-72-3a-38-38-33" class="aheart-select__option" role="option" aria-selected="false"><span class="aheart-select__option-content">Item 883</span>
        <!--v-if-->
      </div>
      <div id="aheart-select-v-0-listbox-option-6e-75-6d-62-65-72-3a-38-38-34" class="aheart-select__option" role="option" aria-selected="false"><span class="aheart-select__option-content">Item 884</span>
        <!--v-if-->
      </div>
      <div id="aheart-select-v-0-listbox-option-6e-75-6d-62-65-72-3a-38-38-35" class="aheart-select__option" role="option" aria-selected="false"><span class="aheart-select__option-content">Item 885</span>
        <!--v-if-->
      </div>
      <div id="aheart-select-v-0-listbox-option-6e-75-6d-62-65-72-3a-38-38-36" class="aheart-select__option" role="option" aria-selected="false"><span class="aheart-select__option-content">Item 886</span>
        <!--v-if-->
      </div>
      <div id="aheart-select-v-0-listbox-option-6e-75-6d-62-65-72-3a-38-38-37" class="aheart-select__option" role="option" aria-selected="false"><span class="aheart-select__option-content">Item 887</span>
        <!--v-if-->
      </div>
      <div id="aheart-select-v-0-listbox-option-6e-75-6d-62-65-72-3a-38-38-38" class="aheart-select__option" role="option" aria-selected="false"><span class="aheart-select__option-content">Item 888</span>
        <!--v-if-->
      </div>
      <div id="aheart-select-v-0-listbox-option-6e-75-6d-62-65-72-3a-38-38-39" class="aheart-select__option" role="option" aria-selected="false"><span class="aheart-select__option-content">Item 889</span>
        <!--v-if-->
      </div>
      <div id="aheart-select-v-0-listbox-option-6e-75-6d-62-65-72-3a-38-39-30" class="aheart-select__option" role="option" aria-selected="false"><span class="aheart-select__option-content">Item 890</span>
        <!--v-if-->
      </div>
      <div id="aheart-select-v-0-listbox-option-6e-75-6d-62-65-72-3a-38-39-31" class="aheart-select__option" role="option" aria-selected="false"><span class="aheart-select__option-content">Item 891</span>
        <!--v-if-->
      </div>
      <div id="aheart-select-v-0-listbox-option-6e-75-6d-62-65-72-3a-38-39-32" class="aheart-select__option" role="option" aria-selected="false"><span class="aheart-select__option-content">Item 892</span>
        <!--v-if-->
      </div>
      <div id="aheart-select-v-0-listbox-option-6e-75-6d-62-65-72-3a-38-39-33" class="aheart-select__option" role="option" aria-selected="false"><span class="aheart-select__option-content">Item 893</span>
        <!--v-if-->
      </div>
      <div id="aheart-select-v-0-listbox-option-6e-75-6d-62-65-72-3a-38-39-34" class="aheart-select__option" role="option" aria-selected="false"><span class="aheart-select__option-content">Item 894</span>
        <!--v-if-->
      </div>
      <div id="aheart-select-v-0-listbox-option-6e-75-6d-62-65-72-3a-38-39-35" class="aheart-select__option" role="option" aria-selected="false"><span class="aheart-select__option-content">Item 895</span>
        <!--v-if-->
      </div>
      <div id="aheart-select-v-0-listbox-option-6e-75-6d-62-65-72-3a-38-39-36" class="aheart-select__option" role="option" aria-selected="false"><span class="aheart-select__option-content">Item 896</span>
        <!--v-if-->
      </div>
      <div id="aheart-select-v-0-listbox-option-6e-75-6d-62-65-72-3a-38-39-37" class="aheart-select__option" role="option" aria-selected="false"><span class="aheart-select__option-content">Item 897</span>
        <!--v-if-->
      </div>
      <div id="aheart-select-v-0-listbox-option-6e-75-6d-62-65-72-3a-38-39-38" class="aheart-select__option" role="option" aria-selected="false"><span class="aheart-select__option-content">Item 898</span>
        <!--v-if-->
      </div>
      <div id="aheart-select-v-0-listbox-option-6e-75-6d-62-65-72-3a-38-39-39" class="aheart-select__option" role="option" aria-selected="false"><span class="aheart-select__option-content">Item 899</span>
        <!--v-if-->
      </div>
      <div id="aheart-select-v-0-listbox-option-6e-75-6d-62-65-72-3a-39-30-30" class="aheart-select__option" role="option" aria-selected="false"><span class="aheart-select__option-content">Item 900</span>
        <!--v-if-->
      </div>
      <div id="aheart-select-v-0-listbox-option-6e-75-6d-62-65-72-3a-39-30-31" class="aheart-select__option" role="option" aria-selected="false"><span class="aheart-select__option-content">Item 901</span>
        <!--v-if-->
      </div>
      <div id="aheart-select-v-0-listbox-option-6e-75-6d-62-65-72-3a-39-30-32" class="aheart-select__option" role="option" aria-selected="false"><span class="aheart-select__option-content">Item 902</span>
        <!--v-if-->
      </div>
      <div id="aheart-select-v-0-listbox-option-6e-75-6d-62-65-72-3a-39-30-33" class="aheart-select__option" role="option" aria-selected="false"><span class="aheart-select__option-content">Item 903</span>
        <!--v-if-->
      </div>
      <div id="aheart-select-v-0-listbox-option-6e-75-6d-62-65-72-3a-39-30-34" class="aheart-select__option" role="option" aria-selected="false"><span class="aheart-select__option-content">Item 904</span>
        <!--v-if-->
      </div>
      <div id="aheart-select-v-0-listbox-option-6e-75-6d-62-65-72-3a-39-30-35" class="aheart-select__option" role="option" aria-selected="false"><span class="aheart-select__option-content">Item 905</span>
        <!--v-if-->
      </div>
      <div id="aheart-select-v-0-listbox-option-6e-75-6d-62-65-72-3a-39-30-36" class="aheart-select__option" role="option" aria-selected="false"><span class="aheart-select__option-content">Item 906</span>
        <!--v-if-->
      </div>
      <div id="aheart-select-v-0-listbox-option-6e-75-6d-62-65-72-3a-39-30-37" class="aheart-select__option" role="option" aria-selected="false"><span class="aheart-select__option-content">Item 907</span>
        <!--v-if-->
      </div>
      <div id="aheart-select-v-0-listbox-option-6e-75-6d-62-65-72-3a-39-30-38" class="aheart-select__option" role="option" aria-selected="false"><span class="aheart-select__option-content">Item 908</span>
        <!--v-if-->
      </div>
      <div id="aheart-select-v-0-listbox-option-6e-75-6d-62-65-72-3a-39-30-39" class="aheart-select__option" role="option" aria-selected="false"><span class="aheart-select__option-content">Item 909</span>
        <!--v-if-->
      </div>
      <div id="aheart-select-v-0-listbox-option-6e-75-6d-62-65-72-3a-39-31-30" class="aheart-select__option" role="option" aria-selected="false"><span class="aheart-select__option-content">Item 910</span>
        <!--v-if-->
      </div>
      <div id="aheart-select-v-0-listbox-option-6e-75-6d-62-65-72-3a-39-31-31" class="aheart-select__option" role="option" aria-selected="false"><span class="aheart-select__option-content">Item 911</span>
        <!--v-if-->
      </div>
      <div id="aheart-select-v-0-listbox-option-6e-75-6d-62-65-72-3a-39-31-32" class="aheart-select__option" role="option" aria-selected="false"><span class="aheart-select__option-content">Item 912</span>
        <!--v-if-->
      </div>
      <div id="aheart-select-v-0-listbox-option-6e-75-6d-62-65-72-3a-39-31-33" class="aheart-select__option" role="option" aria-selected="false"><span class="aheart-select__option-content">Item 913</span>
        <!--v-if-->
      </div>
      <div id="aheart-select-v-0-listbox-option-6e-75-6d-62-65-72-3a-39-31-34" class="aheart-select__option" role="option" aria-selected="false"><span class="aheart-select__option-content">Item 914</span>
        <!--v-if-->
      </div>
      <div id="aheart-select-v-0-listbox-option-6e-75-6d-62-65-72-3a-39-31-35" class="aheart-select__option" role="option" aria-selected="false"><span class="aheart-select__option-content">Item 915</span>
        <!--v-if-->
      </div>
      <div id="aheart-select-v-0-listbox-option-6e-75-6d-62-65-72-3a-39-31-36" class="aheart-select__option" role="option" aria-selected="false"><span class="aheart-select__option-content">Item 916</span>
        <!--v-if-->
      </div>
      <div id="aheart-select-v-0-listbox-option-6e-75-6d-62-65-72-3a-39-31-37" class="aheart-select__option" role="option" aria-selected="false"><span class="aheart-select__option-content">Item 917</span>
        <!--v-if-->
      </div>
      <div id="aheart-select-v-0-listbox-option-6e-75-6d-62-65-72-3a-39-31-38" class="aheart-select__option" role="option" aria-selected="false"><span class="aheart-select__option-content">Item 918</span>
        <!--v-if-->
      </div>
      <div id="aheart-select-v-0-listbox-option-6e-75-6d-62-65-72-3a-39-31-39" class="aheart-select__option" role="option" aria-selected="false"><span class="aheart-select__option-content">Item 919</span>
        <!--v-if-->
      </div>
      <div id="aheart-select-v-0-listbox-option-6e-75-6d-62-65-72-3a-39-32-30" class="aheart-select__option" role="option" aria-selected="false"><span class="aheart-select__option-content">Item 920</span>
        <!--v-if-->
      </div>
      <div id="aheart-select-v-0-listbox-option-6e-75-6d-62-65-72-3a-39-32-31" class="aheart-select__option" role="option" aria-selected="false"><span class="aheart-select__option-content">Item 921</span>
        <!--v-if-->
      </div>
      <div id="aheart-select-v-0-listbox-option-6e-75-6d-62-65-72-3a-39-32-32" class="aheart-select__option" role="option" aria-selected="false"><span class="aheart-select__option-content">Item 922</span>
        <!--v-if-->
      </div>
      <div id="aheart-select-v-0-listbox-option-6e-75-6d-62-65-72-3a-39-32-33" class="aheart-select__option" role="option" aria-selected="false"><span class="aheart-select__option-content">Item 923</span>
        <!--v-if-->
      </div>
      <div id="aheart-select-v-0-listbox-option-6e-75-6d-62-65-72-3a-39-32-34" class="aheart-select__option" role="option" aria-selected="false"><span class="aheart-select__option-content">Item 924</span>
        <!--v-if-->
      </div>
      <div id="aheart-select-v-0-listbox-option-6e-75-6d-62-65-72-3a-39-32-35" class="aheart-select__option" role="option" aria-selected="false"><span class="aheart-select__option-content">Item 925</span>
        <!--v-if-->
      </div>
      <div id="aheart-select-v-0-listbox-option-6e-75-6d-62-65-72-3a-39-32-36" class="aheart-select__option" role="option" aria-selected="false"><span class="aheart-select__option-content">Item 926</span>
        <!--v-if-->
      </div>
      <div id="aheart-select-v-0-listbox-option-6e-75-6d-62-65-72-3a-39-32-37" class="aheart-select__option" role="option" aria-selected="false"><span class="aheart-select__option-content">Item 927</span>
        <!--v-if-->
      </div>
      <div id="aheart-select-v-0-listbox-option-6e-75-6d-62-65-72-3a-39-32-38" class="aheart-select__option" role="option" aria-selected="false"><span class="aheart-select__option-content">Item 928</span>
        <!--v-if-->
      </div>
      <div id="aheart-select-v-0-listbox-option-6e-75-6d-62-65-72-3a-39-32-39" class="aheart-select__option" role="option" aria-selected="false"><span class="aheart-select__option-content">Item 929</span>
        <!--v-if-->
      </div>
      <div id="aheart-select-v-0-listbox-option-6e-75-6d-62-65-72-3a-39-33-30" class="aheart-select__option" role="option" aria-selected="false"><span class="aheart-select__option-content">Item 930</span>
        <!--v-if-->
      </div>
      <div id="aheart-select-v-0-listbox-option-6e-75-6d-62-65-72-3a-39-33-31" class="aheart-select__option" role="option" aria-selected="false"><span class="aheart-select__option-content">Item 931</span>
        <!--v-if-->
      </div>
      <div id="aheart-select-v-0-listbox-option-6e-75-6d-62-65-72-3a-39-33-32" class="aheart-select__option" role="option" aria-selected="false"><span class="aheart-select__option-content">Item 932</span>
        <!--v-if-->
      </div>
      <div id="aheart-select-v-0-listbox-option-6e-75-6d-62-65-72-3a-39-33-33" class="aheart-select__option" role="option" aria-selected="false"><span class="aheart-select__option-content">Item 933</span>
        <!--v-if-->
      </div>
      <div id="aheart-select-v-0-listbox-option-6e-75-6d-62-65-72-3a-39-33-34" class="aheart-select__option" role="option" aria-selected="false"><span class="aheart-select__option-content">Item 934</span>
        <!--v-if-->
      </div>
      <div id="aheart-select-v-0-listbox-option-6e-75-6d-62-65-72-3a-39-33-35" class="aheart-select__option" role="option" aria-selected="false"><span class="aheart-select__option-content">Item 935</span>
        <!--v-if-->
      </div>
      <div id="aheart-select-v-0-listbox-option-6e-75-6d-62-65-72-3a-39-33-36" class="aheart-select__option" role="option" aria-selected="false"><span class="aheart-select__option-content">Item 936</span>
        <!--v-if-->
      </div>
      <div id="aheart-select-v-0-listbox-option-6e-75-6d-62-65-72-3a-39-33-37" class="aheart-select__option" role="option" aria-selected="false"><span class="aheart-select__option-content">Item 937</span>
        <!--v-if-->
      </div>
      <div id="aheart-select-v-0-listbox-option-6e-75-6d-62-65-72-3a-39-33-38" class="aheart-select__option" role="option" aria-selected="false"><span class="aheart-select__option-content">Item 938</span>
        <!--v-if-->
      </div>
      <div id="aheart-select-v-0-listbox-option-6e-75-6d-62-65-72-3a-39-33-39" class="aheart-select__option" role="option" aria-selected="false"><span class="aheart-select__option-content">Item 939</span>
        <!--v-if-->
      </div>
      <div id="aheart-select-v-0-listbox-option-6e-75-6d-62-65-72-3a-39-34-30" class="aheart-select__option" role="option" aria-selected="false"><span class="aheart-select__option-content">Item 940</span>
        <!--v-if-->
      </div>
      <div id="aheart-select-v-0-listbox-option-6e-75-6d-62-65-72-3a-39-34-31" class="aheart-select__option" role="option" aria-selected="false"><span class="aheart-select__option-content">Item 941</span>
        <!--v-if-->
      </div>
      <div id="aheart-select-v-0-listbox-option-6e-75-6d-62-65-72-3a-39-34-32" class="aheart-select__option" role="option" aria-selected="false"><span class="aheart-select__option-content">Item 942</span>
        <!--v-if-->
      </div>
      <div id="aheart-select-v-0-listbox-option-6e-75-6d-62-65-72-3a-39-34-33" class="aheart-select__option" role="option" aria-selected="false"><span class="aheart-select__option-content">Item 943</span>
        <!--v-if-->
      </div>
      <div id="aheart-select-v-0-listbox-option-6e-75-6d-62-65-72-3a-39-34-34" class="aheart-select__option" role="option" aria-selected="false"><span class="aheart-select__option-content">Item 944</span>
        <!--v-if-->
      </div>
      <div id="aheart-select-v-0-listbox-option-6e-75-6d-62-65-72-3a-39-34-35" class="aheart-select__option" role="option" aria-selected="false"><span class="aheart-select__option-content">Item 945</span>
        <!--v-if-->
      </div>
      <div id="aheart-select-v-0-listbox-option-6e-75-6d-62-65-72-3a-39-34-36" class="aheart-select__option" role="option" aria-selected="false"><span class="aheart-select__option-content">Item 946</span>
        <!--v-if-->
      </div>
      <div id="aheart-select-v-0-listbox-option-6e-75-6d-62-65-72-3a-39-34-37" class="aheart-select__option" role="option" aria-selected="false"><span class="aheart-select__option-content">Item 947</span>
        <!--v-if-->
      </div>
      <div id="aheart-select-v-0-listbox-option-6e-75-6d-62-65-72-3a-39-34-38" class="aheart-select__option" role="option" aria-selected="false"><span class="aheart-select__option-content">Item 948</span>
        <!--v-if-->
      </div>
      <div id="aheart-select-v-0-listbox-option-6e-75-6d-62-65-72-3a-39-34-39" class="aheart-select__option" role="option" aria-selected="false"><span class="aheart-select__option-content">Item 949</span>
        <!--v-if-->
      </div>
      <div id="aheart-select-v-0-listbox-option-6e-75-6d-62-65-72-3a-39-35-30" class="aheart-select__option" role="option" aria-selected="false"><span class="aheart-select__option-content">Item 950</span>
        <!--v-if-->
      </div>
      <div id="aheart-select-v-0-listbox-option-6e-75-6d-62-65-72-3a-39-35-31" class="aheart-select__option" role="option" aria-selected="false"><span class="aheart-select__option-content">Item 951</span>
        <!--v-if-->
      </div>
      <div id="aheart-select-v-0-listbox-option-6e-75-6d-62-65-72-3a-39-35-32" class="aheart-select__option" role="option" aria-selected="false"><span class="aheart-select__option-content">Item 952</span>
        <!--v-if-->
      </div>
      <div id="aheart-select-v-0-listbox-option-6e-75-6d-62-65-72-3a-39-35-33" class="aheart-select__option" role="option" aria-selected="false"><span class="aheart-select__option-content">Item 953</span>
        <!--v-if-->
      </div>
      <div id="aheart-select-v-0-listbox-option-6e-75-6d-62-65-72-3a-39-35-34" class="aheart-select__option" role="option" aria-selected="false"><span class="aheart-select__option-content">Item 954</span>
        <!--v-if-->
      </div>
      <div id="aheart-select-v-0-listbox-option-6e-75-6d-62-65-72-3a-39-35-35" class="aheart-select__option" role="option" aria-selected="false"><span class="aheart-select__option-content">Item 955</span>
        <!--v-if-->
      </div>
      <div id="aheart-select-v-0-listbox-option-6e-75-6d-62-65-72-3a-39-35-36" class="aheart-select__option" role="option" aria-selected="false"><span class="aheart-select__option-content">Item 956</span>
        <!--v-if-->
      </div>
      <div id="aheart-select-v-0-listbox-option-6e-75-6d-62-65-72-3a-39-35-37" class="aheart-select__option" role="option" aria-selected="false"><span class="aheart-select__option-content">Item 957</span>
        <!--v-if-->
      </div>
      <div id="aheart-select-v-0-listbox-option-6e-75-6d-62-65-72-3a-39-35-38" class="aheart-select__option" role="option" aria-selected="false"><span class="aheart-select__option-content">Item 958</span>
        <!--v-if-->
      </div>
      <div id="aheart-select-v-0-listbox-option-6e-75-6d-62-65-72-3a-39-35-39" class="aheart-select__option" role="option" aria-selected="false"><span class="aheart-select__option-content">Item 959</span>
        <!--v-if-->
      </div>
      <div id="aheart-select-v-0-listbox-option-6e-75-6d-62-65-72-3a-39-36-30" class="aheart-select__option" role="option" aria-selected="false"><span class="aheart-select__option-content">Item 960</span>
        <!--v-if-->
      </div>
      <div id="aheart-select-v-0-listbox-option-6e-75-6d-62-65-72-3a-39-36-31" class="aheart-select__option" role="option" aria-selected="false"><span class="aheart-select__option-content">Item 961</span>
        <!--v-if-->
      </div>
      <div id="aheart-select-v-0-listbox-option-6e-75-6d-62-65-72-3a-39-36-32" class="aheart-select__option" role="option" aria-selected="false"><span class="aheart-select__option-content">Item 962</span>
        <!--v-if-->
      </div>
      <div id="aheart-select-v-0-listbox-option-6e-75-6d-62-65-72-3a-39-36-33" class="aheart-select__option" role="option" aria-selected="false"><span class="aheart-select__option-content">Item 963</span>
        <!--v-if-->
      </div>
      <div id="aheart-select-v-0-listbox-option-6e-75-6d-62-65-72-3a-39-36-34" class="aheart-select__option" role="option" aria-selected="false"><span class="aheart-select__option-content">Item 964</span>
        <!--v-if-->
      </div>
      <div id="aheart-select-v-0-listbox-option-6e-75-6d-62-65-72-3a-39-36-35" class="aheart-select__option" role="option" aria-selected="false"><span class="aheart-select__option-content">Item 965</span>
        <!--v-if-->
      </div>
      <div id="aheart-select-v-0-listbox-option-6e-75-6d-62-65-72-3a-39-36-36" class="aheart-select__option" role="option" aria-selected="false"><span class="aheart-select__option-content">Item 966</span>
        <!--v-if-->
      </div>
      <div id="aheart-select-v-0-listbox-option-6e-75-6d-62-65-72-3a-39-36-37" class="aheart-select__option" role="option" aria-selected="false"><span class="aheart-select__option-content">Item 967</span>
        <!--v-if-->
      </div>
      <div id="aheart-select-v-0-listbox-option-6e-75-6d-62-65-72-3a-39-36-38" class="aheart-select__option" role="option" aria-selected="false"><span class="aheart-select__option-content">Item 968</span>
        <!--v-if-->
      </div>
      <div id="aheart-select-v-0-listbox-option-6e-75-6d-62-65-72-3a-39-36-39" class="aheart-select__option" role="option" aria-selected="false"><span class="aheart-select__option-content">Item 969</span>
        <!--v-if-->
      </div>
      <div id="aheart-select-v-0-listbox-option-6e-75-6d-62-65-72-3a-39-37-30" class="aheart-select__option" role="option" aria-selected="false"><span class="aheart-select__option-content">Item 970</span>
        <!--v-if-->
      </div>
      <div id="aheart-select-v-0-listbox-option-6e-75-6d-62-65-72-3a-39-37-31" class="aheart-select__option" role="option" aria-selected="false"><span class="aheart-select__option-content">Item 971</span>
        <!--v-if-->
      </div>
      <div id="aheart-select-v-0-listbox-option-6e-75-6d-62-65-72-3a-39-37-32" class="aheart-select__option" role="option" aria-selected="false"><span class="aheart-select__option-content">Item 972</span>
        <!--v-if-->
      </div>
      <div id="aheart-select-v-0-listbox-option-6e-75-6d-62-65-72-3a-39-37-33" class="aheart-select__option" role="option" aria-selected="false"><span class="aheart-select__option-content">Item 973</span>
        <!--v-if-->
      </div>
      <div id="aheart-select-v-0-listbox-option-6e-75-6d-62-65-72-3a-39-37-34" class="aheart-select__option" role="option" aria-selected="false"><span class="aheart-select__option-content">Item 974</span>
        <!--v-if-->
      </div>
      <div id="aheart-select-v-0-listbox-option-6e-75-6d-62-65-72-3a-39-37-35" class="aheart-select__option" role="option" aria-selected="false"><span class="aheart-select__option-content">Item 975</span>
        <!--v-if-->
      </div>
      <div id="aheart-select-v-0-listbox-option-6e-75-6d-62-65-72-3a-39-37-36" class="aheart-select__option" role="option" aria-selected="false"><span class="aheart-select__option-content">Item 976</span>
        <!--v-if-->
      </div>
      <div id="aheart-select-v-0-listbox-option-6e-75-6d-62-65-72-3a-39-37-37" class="aheart-select__option" role="option" aria-selected="false"><span class="aheart-select__option-content">Item 977</span>
        <!--v-if-->
      </div>
      <div id="aheart-select-v-0-listbox-option-6e-75-6d-62-65-72-3a-39-37-38" class="aheart-select__option" role="option" aria-selected="false"><span class="aheart-select__option-content">Item 978</span>
        <!--v-if-->
      </div>
      <div id="aheart-select-v-0-listbox-option-6e-75-6d-62-65-72-3a-39-37-39" class="aheart-select__option" role="option" aria-selected="false"><span class="aheart-select__option-content">Item 979</span>
        <!--v-if-->
      </div>
      <div id="aheart-select-v-0-listbox-option-6e-75-6d-62-65-72-3a-39-38-30" class="aheart-select__option" role="option" aria-selected="false"><span class="aheart-select__option-content">Item 980</span>
        <!--v-if-->
      </div>
      <div id="aheart-select-v-0-listbox-option-6e-75-6d-62-65-72-3a-39-38-31" class="aheart-select__option" role="option" aria-selected="false"><span class="aheart-select__option-content">Item 981</span>
        <!--v-if-->
      </div>
      <div id="aheart-select-v-0-listbox-option-6e-75-6d-62-65-72-3a-39-38-32" class="aheart-select__option" role="option" aria-selected="false"><span class="aheart-select__option-content">Item 982</span>
        <!--v-if-->
      </div>
      <div id="aheart-select-v-0-listbox-option-6e-75-6d-62-65-72-3a-39-38-33" class="aheart-select__option" role="option" aria-selected="false"><span class="aheart-select__option-content">Item 983</span>
        <!--v-if-->
      </div>
      <div id="aheart-select-v-0-listbox-option-6e-75-6d-62-65-72-3a-39-38-34" class="aheart-select__option" role="option" aria-selected="false"><span class="aheart-select__option-content">Item 984</span>
        <!--v-if-->
      </div>
      <div id="aheart-select-v-0-listbox-option-6e-75-6d-62-65-72-3a-39-38-35" class="aheart-select__option" role="option" aria-selected="false"><span class="aheart-select__option-content">Item 985</span>
        <!--v-if-->
      </div>
      <div id="aheart-select-v-0-listbox-option-6e-75-6d-62-65-72-3a-39-38-36" class="aheart-select__option" role="option" aria-selected="false"><span class="aheart-select__option-content">Item 986</span>
        <!--v-if-->
      </div>
      <div id="aheart-select-v-0-listbox-option-6e-75-6d-62-65-72-3a-39-38-37" class="aheart-select__option" role="option" aria-selected="false"><span class="aheart-select__option-content">Item 987</span>
        <!--v-if-->
      </div>
      <div id="aheart-select-v-0-listbox-option-6e-75-6d-62-65-72-3a-39-38-38" class="aheart-select__option" role="option" aria-selected="false"><span class="aheart-select__option-content">Item 988</span>
        <!--v-if-->
      </div>
      <div id="aheart-select-v-0-listbox-option-6e-75-6d-62-65-72-3a-39-38-39" class="aheart-select__option" role="option" aria-selected="false"><span class="aheart-select__option-content">Item 989</span>
        <!--v-if-->
      </div>
      <div id="aheart-select-v-0-listbox-option-6e-75-6d-62-65-72-3a-39-39-30" class="aheart-select__option" role="option" aria-selected="false"><span class="aheart-select__option-content">Item 990</span>
        <!--v-if-->
      </div>
      <div id="aheart-select-v-0-listbox-option-6e-75-6d-62-65-72-3a-39-39-31" class="aheart-select__option" role="option" aria-selected="false"><span class="aheart-select__option-content">Item 991</span>
        <!--v-if-->
      </div>
      <div id="aheart-select-v-0-listbox-option-6e-75-6d-62-65-72-3a-39-39-32" class="aheart-select__option" role="option" aria-selected="false"><span class="aheart-select__option-content">Item 992</span>
        <!--v-if-->
      </div>
      <div id="aheart-select-v-0-listbox-option-6e-75-6d-62-65-72-3a-39-39-33" class="aheart-select__option" role="option" aria-selected="false"><span class="aheart-select__option-content">Item 993</span>
        <!--v-if-->
      </div>
      <div id="aheart-select-v-0-listbox-option-6e-75-6d-62-65-72-3a-39-39-34" class="aheart-select__option" role="option" aria-selected="false"><span class="aheart-select__option-content">Item 994</span>
        <!--v-if-->
      </div>
      <div id="aheart-select-v-0-listbox-option-6e-75-6d-62-65-72-3a-39-39-35" class="aheart-select__option" role="option" aria-selected="false"><span class="aheart-select__option-content">Item 995</span>
        <!--v-if-->
      </div>
      <div id="aheart-select-v-0-listbox-option-6e-75-6d-62-65-72-3a-39-39-36" class="aheart-select__option" role="option" aria-selected="false"><span class="aheart-select__option-content">Item 996</span>
        <!--v-if-->
      </div>
      <div id="aheart-select-v-0-listbox-option-6e-75-6d-62-65-72-3a-39-39-37" class="aheart-select__option" role="option" aria-selected="false"><span class="aheart-select__option-content">Item 997</span>
        <!--v-if-->
      </div>
      <div id="aheart-select-v-0-listbox-option-6e-75-6d-62-65-72-3a-39-39-38" class="aheart-select__option" role="option" aria-selected="false"><span class="aheart-select__option-content">Item 998</span>
        <!--v-if-->
      </div>
      <div id="aheart-select-v-0-listbox-option-6e-75-6d-62-65-72-3a-39-39-39" class="aheart-select__option is-selected" role="option" aria-selected="true"><span class="aheart-select__option-content">Item 999</span><span class="aheart-icon" style="--aheart-icon-size: 16px;" aria-hidden="true"><svg xmlns="http://www.w3.org/2000/svg" width="24" height="24" viewBox="0 0 24 24" fill="none" stroke="currentColor" stroke-width="2" stroke-linecap="round" stroke-linejoin="round" class="lucide lucide-check-icon lucide-check aheart-icon__svg" aria-hidden="true" focusable="false"><path d="M20 6 9 17l-5-5"></path></svg></span></div>
      <!--v-if-->
    </div>
  </div>
</teleport-stub></span>
   ❯ src/select/__tests__/select-virtual.test.ts > Select virtual integration > retains typed active identity through search and replaces removed active
     → expected 'Number' to contain 'String'
   ❯ src/select/__tests__/select-virtual.test.ts > Select virtual integration > skips disabled items and emits only one multiple Enter and clear
     → expected 'Item 20' to contain 'Item 21'

⎯⎯⎯⎯⎯⎯⎯ Failed Tests 4 ⎯⎯⎯⎯⎯⎯⎯

 FAIL  src/select/__tests__/select-virtual.test.ts > Select virtual integration > keeps the default full DOM path and explicitly windows the same options
AssertionError: expected 1000 to be less than 30
 ❯ src/select/__tests__/select-virtual.test.ts:17:55
     15|     expect(create().findAll('[role="option"]')).toHaveLength(1000)
     16|     const virtual = create({ virtual: true })
     17|     expect(virtual.findAll('[role="option"]').length).toBeLessThan(30)
       |                                                       ^
     18|     expect(virtual.findAll('[role="option"]').length).toBeGreaterThan(…
     19|     expect(virtual.get('[role="option"]').attributes('aria-setsize')).…

⎯⎯⎯⎯⎯⎯⎯⎯⎯⎯⎯⎯⎯⎯⎯⎯⎯⎯⎯⎯⎯⎯⎯⎯[1/4]⎯

 FAIL  src/select/__tests__/select-virtual.test.ts > Select virtual integration > renders an initially selected tail active item and handles Home/End
Error: Unable to get .is-active[role="option"] within: <span class="aheart-select aheart-select--middle aheart-select--outlined is-open" virtual="true"><span class="aheart-select__selector" role="combobox" tabindex="0" aria-controls="aheart-select-v-0-listbox" aria-expanded="true" aria-haspopup="listbox"><!--v-if--><span class="aheart-select__selection"><!--v-if--><span class="aheart-select__value">Item 999</span></span>
<!--v-if-->
<!--v-if--><span class="aheart-select__suffix" aria-hidden="true"><span class="aheart-icon" style="--aheart-icon-size: 16px;" aria-hidden="true"><svg xmlns="http://www.w3.org/2000/svg" width="24" height="24" viewBox="0 0 24 24" fill="none" stroke="currentColor" stroke-width="2" stroke-linecap="round" stroke-linejoin="round" class="lucide lucide-chevron-down-icon lucide-chevron-down aheart-icon__svg" aria-hidden="true" focusable="false"><path d="m6 9 6 6 6-6"></path></svg></span></span></span>
<!--v-if-->
<teleport-stub to="body" disabled="true">
  <div id="aheart-select-v-0-listbox" class="aheart-select__popup aheart-floating--bottomLeft is-entered" style="position: fixed; left: 0px; top: 0px;" role="listbox">
    <div class="aheart-select__list">
      <div id="aheart-select-v-0-listbox-option-6e-75-6d-62-65-72-3a-30" class="aheart-select__option" role="option" aria-selected="false"><span class="aheart-select__option-content">Item 0</span>
        <!--v-if-->
      </div>
      <div id="aheart-select-v-0-listbox-option-6e-75-6d-62-65-72-3a-31" class="aheart-select__option" role="option" aria-selected="false"><span class="aheart-select__option-content">Item 1</span>
        <!--v-if-->
      </div>
      <div id="aheart-select-v-0-listbox-option-6e-75-6d-62-65-72-3a-32" class="aheart-select__option" role="option" aria-selected="false"><span class="aheart-select__option-content">Item 2</span>
        <!--v-if-->
      </div>
      <div id="aheart-select-v-0-listbox-option-6e-75-6d-62-65-72-3a-33" class="aheart-select__option" role="option" aria-selected="false"><span class="aheart-select__option-content">Item 3</span>
        <!--v-if-->
      </div>
      <div id="aheart-select-v-0-listbox-option-6e-75-6d-62-65-72-3a-34" class="aheart-select__option" role="option" aria-selected="false"><span class="aheart-select__option-content">Item 4</span>
        <!--v-if-->
      </div>
      <div id="aheart-select-v-0-listbox-option-6e-75-6d-62-65-72-3a-35" class="aheart-select__option" role="option" aria-selected="false"><span class="aheart-select__option-content">Item 5</span>
        <!--v-if-->
      </div>
      <div id="aheart-select-v-0-listbox-option-6e-75-6d-62-65-72-3a-36" class="aheart-select__option" role="option" aria-selected="false"><span class="aheart-select__option-content">Item 6</span>
        <!--v-if-->
      </div>
      <div id="aheart-select-v-0-listbox-option-6e-75-6d-62-65-72-3a-37" class="aheart-select__option" role="option" aria-selected="false"><span class="aheart-select__option-content">Item 7</span>
        <!--v-if-->
      </div>
      <div id="aheart-select-v-0-listbox-option-6e-75-6d-62-65-72-3a-38" class="aheart-select__option" role="option" aria-selected="false"><span class="aheart-select__option-content">Item 8</span>
        <!--v-if-->
      </div>
      <div id="aheart-select-v-0-listbox-option-6e-75-6d-62-65-72-3a-39" class="aheart-select__option" role="option" aria-selected="false"><span class="aheart-select__option-content">Item 9</span>
        <!--v-if-->
      </div>
      <div id="aheart-select-v-0-listbox-option-6e-75-6d-62-65-72-3a-31-30" class="aheart-select__option" role="option" aria-selected="false"><span class="aheart-select__option-content">Item 10</span>
        <!--v-if-->
      </div>
      <div id="aheart-select-v-0-listbox-option-6e-75-6d-62-65-72-3a-31-31" class="aheart-select__option" role="option" aria-selected="false"><span class="aheart-select__option-content">Item 11</span>
        <!--v-if-->
      </div>
      <div id="aheart-select-v-0-listbox-option-6e-75-6d-62-65-72-3a-31-32" class="aheart-select__option" role="option" aria-selected="false"><span class="aheart-select__option-content">Item 12</span>
        <!--v-if-->
      </div>
      <div id="aheart-select-v-0-listbox-option-6e-75-6d-62-65-72-3a-31-33" class="aheart-select__option" role="option" aria-selected="false"><span class="aheart-select__option-content">Item 13</span>
        <!--v-if-->
      </div>
      <div id="aheart-select-v-0-listbox-option-6e-75-6d-62-65-72-3a-31-34" class="aheart-select__option" role="option" aria-selected="false"><span class="aheart-select__option-content">Item 14</span>
        <!--v-if-->
      </div>
      <div id="aheart-select-v-0-listbox-option-6e-75-6d-62-65-72-3a-31-35" class="aheart-select__option" role="option" aria-selected="false"><span class="aheart-select__option-content">Item 15</span>
        <!--v-if-->
      </div>
      <div id="aheart-select-v-0-listbox-option-6e-75-6d-62-65-72-3a-31-36" class="aheart-select__option" role="option" aria-selected="false"><span class="aheart-select__option-content">Item 16</span>
        <!--v-if-->
      </div>
      <div id="aheart-select-v-0-listbox-option-6e-75-6d-62-65-72-3a-31-37" class="aheart-select__option is-disabled" role="option" aria-selected="false" aria-disabled="true"><span class="aheart-select__option-content">Item 17</span>
        <!--v-if-->
      </div>
      <div id="aheart-select-v-0-listbox-option-6e-75-6d-62-65-72-3a-31-38" class="aheart-select__option" role="option" aria-selected="false"><span class="aheart-select__option-content">Item 18</span>
        <!--v-if-->
      </div>
      <div id="aheart-select-v-0-listbox-option-6e-75-6d-62-65-72-3a-31-39" class="aheart-select__option" role="option" aria-selected="false"><span class="aheart-select__option-content">Item 19</span>
        <!--v-if-->
      </div>
      <div id="aheart-select-v-0-listbox-option-6e-75-6d-62-65-72-3a-32-30" class="aheart-select__option" role="option" aria-selected="false"><span class="aheart-select__option-content">Item 20</span>
        <!--v-if-->
      </div>
      <div id="aheart-select-v-0-listbox-option-6e-75-6d-62-65-72-3a-32-31" class="aheart-select__option" role="option" aria-selected="false"><span class="aheart-select__option-content">Item 21</span>
        <!--v-if-->
      </div>
      <div id="aheart-select-v-0-listbox-option-6e-75-6d-62-65-72-3a-32-32" class="aheart-select__option" role="option" aria-selected="false"><span class="aheart-select__option-content">Item 22</span>
        <!--v-if-->
      </div>
      <div id="aheart-select-v-0-listbox-option-6e-75-6d-62-65-72-3a-32-33" class="aheart-select__option" role="option" aria-selected="false"><span class="aheart-select__option-content">Item 23</span>
        <!--v-if-->
      </div>
      <div id="aheart-select-v-0-listbox-option-6e-75-6d-62-65-72-3a-32-34" class="aheart-select__option" role="option" aria-selected="false"><span class="aheart-select__option-content">Item 24</span>
        <!--v-if-->
      </div>
      <div id="aheart-select-v-0-listbox-option-6e-75-6d-62-65-72-3a-32-35" class="aheart-select__option" role="option" aria-selected="false"><span class="aheart-select__option-content">Item 25</span>
        <!--v-if-->
      </div>
      <div id="aheart-select-v-0-listbox-option-6e-75-6d-62-65-72-3a-32-36" class="aheart-select__option" role="option" aria-selected="false"><span class="aheart-select__option-content">Item 26</span>
        <!--v-if-->
      </div>
      <div id="aheart-select-v-0-listbox-option-6e-75-6d-62-65-72-3a-32-37" class="aheart-select__option" role="option" aria-selected="false"><span class="aheart-select__option-content">Item 27</span>
        <!--v-if-->
      </div>
      <div id="aheart-select-v-0-listbox-option-6e-75-6d-62-65-72-3a-32-38" class="aheart-select__option" role="option" aria-selected="false"><span class="aheart-select__option-content">Item 28</span>
        <!--v-if-->
      </div>
      <div id="aheart-select-v-0-listbox-option-6e-75-6d-62-65-72-3a-32-39" class="aheart-select__option" role="option" aria-selected="false"><span class="aheart-select__option-content">Item 29</span>
        <!--v-if-->
      </div>
      <div id="aheart-select-v-0-listbox-option-6e-75-6d-62-65-72-3a-33-30" class="aheart-select__option" role="option" aria-selected="false"><span class="aheart-select__option-content">Item 30</span>
        <!--v-if-->
      </div>
      <div id="aheart-select-v-0-listbox-option-6e-75-6d-62-65-72-3a-33-31" class="aheart-select__option" role="option" aria-selected="false"><span class="aheart-select__option-content">Item 31</span>
        <!--v-if-->
      </div>
      <div id="aheart-select-v-0-listbox-option-6e-75-6d-62-65-72-3a-33-32" class="aheart-select__option" role="option" aria-selected="false"><span class="aheart-select__option-content">Item 32</span>
        <!--v-if-->
      </div>
      <div id="aheart-select-v-0-listbox-option-6e-75-6d-62-65-72-3a-33-33" class="aheart-select__option" role="option" aria-selected="false"><span class="aheart-select__option-content">Item 33</span>
        <!--v-if-->
      </div>
      <div id="aheart-select-v-0-listbox-option-6e-75-6d-62-65-72-3a-33-34" class="aheart-select__option" role="option" aria-selected="false"><span class="aheart-select__option-content">Item 34</span>
        <!--v-if-->
      </div>
      <div id="aheart-select-v-0-listbox-option-6e-75-6d-62-65-72-3a-33-35" class="aheart-select__option" role="option" aria-selected="false"><span class="aheart-select__option-content">Item 35</span>
        <!--v-if-->
      </div>
      <div id="aheart-select-v-0-listbox-option-6e-75-6d-62-65-72-3a-33-36" class="aheart-select__option" role="option" aria-selected="false"><span class="aheart-select__option-content">Item 36</span>
        <!--v-if-->
      </div>
      <div id="aheart-select-v-0-listbox-option-6e-75-6d-62-65-72-3a-33-37" class="aheart-select__option" role="option" aria-selected="false"><span class="aheart-select__option-content">Item 37</span>
        <!--v-if-->
      </div>
      <div id="aheart-select-v-0-listbox-option-6e-75-6d-62-65-72-3a-33-38" class="aheart-select__option" role="option" aria-selected="false"><span class="aheart-select__option-content">Item 38</span>
        <!--v-if-->
      </div>
      <div id="aheart-select-v-0-listbox-option-6e-75-6d-62-65-72-3a-33-39" class="aheart-select__option" role="option" aria-selected="false"><span class="aheart-select__option-content">Item 39</span>
        <!--v-if-->
      </div>
      <div id="aheart-select-v-0-listbox-option-6e-75-6d-62-65-72-3a-34-30" class="aheart-select__option" role="option" aria-selected="false"><span class="aheart-select__option-content">Item 40</span>
        <!--v-if-->
      </div>
      <div id="aheart-select-v-0-listbox-option-6e-75-6d-62-65-72-3a-34-31" class="aheart-select__option" role="option" aria-selected="false"><span class="aheart-select__option-content">Item 41</span>
        <!--v-if-->
      </div>
      <div id="aheart-select-v-0-listbox-option-6e-75-6d-62-65-72-3a-34-32" class="aheart-select__option" role="option" aria-selected="false"><span class="aheart-select__option-content">Item 42</span>
        <!--v-if-->
      </div>
      <div id="aheart-select-v-0-listbox-option-6e-75-6d-62-65-72-3a-34-33" class="aheart-select__option" role="option" aria-selected="false"><span class="aheart-select__option-content">Item 43</span>
        <!--v-if-->
      </div>
      <div id="aheart-select-v-0-listbox-option-6e-75-6d-62-65-72-3a-34-34" class="aheart-select__option" role="option" aria-selected="false"><span class="aheart-select__option-content">Item 44</span>
        <!--v-if-->
      </div>
      <div id="aheart-select-v-0-listbox-option-6e-75-6d-62-65-72-3a-34-35" class="aheart-select__option" role="option" aria-selected="false"><span class="aheart-select__option-content">Item 45</span>
        <!--v-if-->
      </div>
      <div id="aheart-select-v-0-listbox-option-6e-75-6d-62-65-72-3a-34-36" class="aheart-select__option" role="option" aria-selected="false"><span class="aheart-select__option-content">Item 46</span>
        <!--v-if-->
      </div>
      <div id="aheart-select-v-0-listbox-option-6e-75-6d-62-65-72-3a-34-37" class="aheart-select__option" role="option" aria-selected="false"><span class="aheart-select__option-content">Item 47</span>
        <!--v-if-->
      </div>
      <div id="aheart-select-v-0-listbox-option-6e-75-6d-62-65-72-3a-34-38" class="aheart-select__option" role="option" aria-selected="false"><span class="aheart-select__option-content">Item 48</span>
        <!--v-if-->
      </div>
      <div id="aheart-select-v-0-listbox-option-6e-75-6d-62-65-72-3a-34-39" class="aheart-select__option" role="option" aria-selected="false"><span class="aheart-select__option-content">Item 49</span>
        <!--v-if-->
      </div>
      <div id="aheart-select-v-0-listbox-option-6e-75-6d-62-65-72-3a-35-30" class="aheart-select__option" role="option" aria-selected="false"><span class="aheart-select__option-content">Item 50</span>
        <!--v-if-->
      </div>
      <div id="aheart-select-v-0-listbox-option-6e-75-6d-62-65-72-3a-35-31" class="aheart-select__option" role="option" aria-selected="false"><span class="aheart-select__option-content">Item 51</span>
        <!--v-if-->
      </div>
      <div id="aheart-select-v-0-listbox-option-6e-75-6d-62-65-72-3a-35-32" class="aheart-select__option" role="option" aria-selected="false"><span class="aheart-select__option-content">Item 52</span>
        <!--v-if-->
      </div>
      <div id="aheart-select-v-0-listbox-option-6e-75-6d-62-65-72-3a-35-33" class="aheart-select__option" role="option" aria-selected="false"><span class="aheart-select__option-content">Item 53</span>
        <!--v-if-->
      </div>
      <div id="aheart-select-v-0-listbox-option-6e-75-6d-62-65-72-3a-35-34" class="aheart-select__option" role="option" aria-selected="false"><span class="aheart-select__option-content">Item 54</span>
        <!--v-if-->
      </div>
      <div id="aheart-select-v-0-listbox-option-6e-75-6d-62-65-72-3a-35-35" class="aheart-select__option" role="option" aria-selected="false"><span class="aheart-select__option-content">Item 55</span>
        <!--v-if-->
      </div>
      <div id="aheart-select-v-0-listbox-option-6e-75-6d-62-65-72-3a-35-36" class="aheart-select__option" role="option" aria-selected="false"><span class="aheart-select__option-content">Item 56</span>
        <!--v-if-->
      </div>
      <div id="aheart-select-v-0-listbox-option-6e-75-6d-62-65-72-3a-35-37" class="aheart-select__option" role="option" aria-selected="false"><span class="aheart-select__option-content">Item 57</span>
        <!--v-if-->
      </div>
      <div id="aheart-select-v-0-listbox-option-6e-75-6d-62-65-72-3a-35-38" class="aheart-select__option" role="option" aria-selected="false"><span class="aheart-select__option-content">Item 58</span>
        <!--v-if-->
      </div>
      <div id="aheart-select-v-0-listbox-option-6e-75-6d-62-65-72-3a-35-39" class="aheart-select__option" role="option" aria-selected="false"><span class="aheart-select__option-content">Item 59</span>
        <!--v-if-->
      </div>
      <div id="aheart-select-v-0-listbox-option-6e-75-6d-62-65-72-3a-36-30" class="aheart-select__option" role="option" aria-selected="false"><span class="aheart-select__option-content">Item 60</span>
        <!--v-if-->
      </div>
      <div id="aheart-select-v-0-listbox-option-6e-75-6d-62-65-72-3a-36-31" class="aheart-select__option" role="option" aria-selected="false"><span class="aheart-select__option-content">Item 61</span>
        <!--v-if-->
      </div>
      <div id="aheart-select-v-0-listbox-option-6e-75-6d-62-65-72-3a-36-32" class="aheart-select__option" role="option" aria-selected="false"><span class="aheart-select__option-content">Item 62</span>
        <!--v-if-->
      </div>
      <div id="aheart-select-v-0-listbox-option-6e-75-6d-62-65-72-3a-36-33" class="aheart-select__option" role="option" aria-selected="false"><span class="aheart-select__option-content">Item 63</span>
        <!--v-if-->
      </div>
      <div id="aheart-select-v-0-listbox-option-6e-75-6d-62-65-72-3a-36-34" class="aheart-select__option" role="option" aria-selected="false"><span class="aheart-select__option-content">Item 64</span>
        <!--v-if-->
      </div>
      <div id="aheart-select-v-0-listbox-option-6e-75-6d-62-65-72-3a-36-35" class="aheart-select__option" role="option" aria-selected="false"><span class="aheart-select__option-content">Item 65</span>
        <!--v-if-->
      </div>
      <div id="aheart-select-v-0-listbox-option-6e-75-6d-62-65-72-3a-36-36" class="aheart-select__option" role="option" aria-selected="false"><span class="aheart-select__option-content">Item 66</span>
        <!--v-if-->
      </div>
      <div id="aheart-select-v-0-listbox-option-6e-75-6d-62-65-72-3a-36-37" class="aheart-select__option" role="option" aria-selected="false"><span class="aheart-select__option-content">Item 67</span>
        <!--v-if-->
      </div>
      <div id="aheart-select-v-0-listbox-option-6e-75-6d-62-65-72-3a-36-38" class="aheart-select__option" role="option" aria-selected="false"><span class="aheart-select__option-content">Item 68</span>
        <!--v-if-->
      </div>
      <div id="aheart-select-v-0-listbox-option-6e-75-6d-62-65-72-3a-36-39" class="aheart-select__option" role="option" aria-selected="false"><span class="aheart-select__option-content">Item 69</span>
        <!--v-if-->
      </div>
      <div id="aheart-select-v-0-listbox-option-6e-75-6d-62-65-72-3a-37-30" class="aheart-select__option" role="option" aria-selected="false"><span class="aheart-select__option-content">Item 70</span>
        <!--v-if-->
      </div>
      <div id="aheart-select-v-0-listbox-option-6e-75-6d-62-65-72-3a-37-31" class="aheart-select__option" role="option" aria-selected="false"><span class="aheart-select__option-content">Item 71</span>
        <!--v-if-->
      </div>
      <div id="aheart-select-v-0-listbox-option-6e-75-6d-62-65-72-3a-37-32" class="aheart-select__option" role="option" aria-selected="false"><span class="aheart-select__option-content">Item 72</span>
        <!--v-if-->
      </div>
      <div id="aheart-select-v-0-listbox-option-6e-75-6d-62-65-72-3a-37-33" class="aheart-select__option" role="option" aria-selected="false"><span class="aheart-select__option-content">Item 73</span>
        <!--v-if-->
      </div>
      <div id="aheart-select-v-0-listbox-option-6e-75-6d-62-65-72-3a-37-34" class="aheart-select__option" role="option" aria-selected="false"><span class="aheart-select__option-content">Item 74</span>
        <!--v-if-->
      </div>
      <div id="aheart-select-v-0-listbox-option-6e-75-6d-62-65-72-3a-37-35" class="aheart-select__option" role="option" aria-selected="false"><span class="aheart-select__option-content">Item 75</span>
        <!--v-if-->
      </div>
      <div id="aheart-select-v-0-listbox-option-6e-75-6d-62-65-72-3a-37-36" class="aheart-select__option" role="option" aria-selected="false"><span class="aheart-select__option-content">Item 76</span>
        <!--v-if-->
      </div>
      <div id="aheart-select-v-0-listbox-option-6e-75-6d-62-65-72-3a-37-37" class="aheart-select__option" role="option" aria-selected="false"><span class="aheart-select__option-content">Item 77</span>
        <!--v-if-->
      </div>
      <div id="aheart-select-v-0-listbox-option-6e-75-6d-62-65-72-3a-37-38" class="aheart-select__option" role="option" aria-selected="false"><span class="aheart-select__option-content">Item 78</span>
        <!--v-if-->
      </div>
      <div id="aheart-select-v-0-listbox-option-6e-75-6d-62-65-72-3a-37-39" class="aheart-select__option" role="option" aria-selected="false"><span class="aheart-select__option-content">Item 79</span>
        <!--v-if-->
      </div>
      <div id="aheart-select-v-0-listbox-option-6e-75-6d-62-65-72-3a-38-30" class="aheart-select__option" role="option" aria-selected="false"><span class="aheart-select__option-content">Item 80</span>
        <!--v-if-->
      </div>
      <div id="aheart-select-v-0-listbox-option-6e-75-6d-62-65-72-3a-38-31" class="aheart-select__option" role="option" aria-selected="false"><span class="aheart-select__option-content">Item 81</span>
        <!--v-if-->
      </div>
      <div id="aheart-select-v-0-listbox-option-6e-75-6d-62-65-72-3a-38-32" class="aheart-select__option" role="option" aria-selected="false"><span class="aheart-select__option-content">Item 82</span>
        <!--v-if-->
      </div>
      <div id="aheart-select-v-0-listbox-option-6e-75-6d-62-65-72-3a-38-33" class="aheart-select__option" role="option" aria-selected="false"><span class="aheart-select__option-content">Item 83</span>
        <!--v-if-->
      </div>
      <div id="aheart-select-v-0-listbox-option-6e-75-6d-62-65-72-3a-38-34" class="aheart-select__option" role="option" aria-selected="false"><span class="aheart-select__option-content">Item 84</span>
        <!--v-if-->
      </div>
      <div id="aheart-select-v-0-listbox-option-6e-75-6d-62-65-72-3a-38-35" class="aheart-select__option" role="option" aria-selected="false"><span class="aheart-select__option-content">Item 85</span>
        <!--v-if-->
      </div>
      <div id="aheart-select-v-0-listbox-option-6e-75-6d-62-65-72-3a-38-36" class="aheart-select__option" role="option" aria-selected="false"><span class="aheart-select__option-content">Item 86</span>
        <!--v-if-->
      </div>
      <div id="aheart-select-v-0-listbox-option-6e-75-6d-62-65-72-3a-38-37" class="aheart-select__option" role="option" aria-selected="false"><span class="aheart-select__option-content">Item 87</span>
        <!--v-if-->
      </div>
      <div id="aheart-select-v-0-listbox-option-6e-75-6d-62-65-72-3a-38-38" class="aheart-select__option" role="option" aria-selected="false"><span class="aheart-select__option-content">Item 88</span>
        <!--v-if-->
      </div>
      <div id="aheart-select-v-0-listbox-option-6e-75-6d-62-65-72-3a-38-39" class="aheart-select__option" role="option" aria-selected="false"><span class="aheart-select__option-content">Item 89</span>
        <!--v-if-->
      </div>
      <div id="aheart-select-v-0-listbox-option-6e-75-6d-62-65-72-3a-39-30" class="aheart-select__option" role="option" aria-selected="false"><span class="aheart-select__option-content">Item 90</span>
        <!--v-if-->
      </div>
      <div id="aheart-select-v-0-listbox-option-6e-75-6d-62-65-72-3a-39-31" class="aheart-select__option" role="option" aria-selected="false"><span class="aheart-select__option-content">Item 91</span>
        <!--v-if-->
      </div>
      <div id="aheart-select-v-0-listbox-option-6e-75-6d-62-65-72-3a-39-32" class="aheart-select__option" role="option" aria-selected="false"><span class="aheart-select__option-content">Item 92</span>
        <!--v-if-->
      </div>
      <div id="aheart-select-v-0-listbox-option-6e-75-6d-62-65-72-3a-39-33" class="aheart-select__option" role="option" aria-selected="false"><span class="aheart-select__option-content">Item 93</span>
        <!--v-if-->
      </div>
      <div id="aheart-select-v-0-listbox-option-6e-75-6d-62-65-72-3a-39-34" class="aheart-select__option" role="option" aria-selected="false"><span class="aheart-select__option-content">Item 94</span>
        <!--v-if-->
      </div>
      <div id="aheart-select-v-0-listbox-option-6e-75-6d-62-65-72-3a-39-35" class="aheart-select__option" role="option" aria-selected="false"><span class="aheart-select__option-content">Item 95</span>
        <!--v-if-->
      </div>
      <div id="aheart-select-v-0-listbox-option-6e-75-6d-62-65-72-3a-39-36" class="aheart-select__option" role="option" aria-selected="false"><span class="aheart-select__option-content">Item 96</span>
        <!--v-if-->
      </div>
      <div id="aheart-select-v-0-listbox-option-6e-75-6d-62-65-72-3a-39-37" class="aheart-select__option" role="option" aria-selected="false"><span class="aheart-select__option-content">Item 97</span>
        <!--v-if-->
      </div>
      <div id="aheart-select-v-0-listbox-option-6e-75-6d-62-65-72-3a-39-38" class="aheart-select__option" role="option" aria-selected="false"><span class="aheart-select__option-content">Item 98</span>
        <!--v-if-->
      </div>
      <div id="aheart-select-v-0-listbox-option-6e-75-6d-62-65-72-3a-39-39" class="aheart-select__option" role="option" aria-selected="false"><span class="aheart-select__option-content">Item 99</span>
        <!--v-if-->
      </div>
      <div id="aheart-select-v-0-listbox-option-6e-75-6d-62-65-72-3a-31-30-30" class="aheart-select__option" role="option" aria-selected="false"><span class="aheart-select__option-content">Item 100</span>
        <!--v-if-->
      </div>
      <div id="aheart-select-v-0-listbox-option-6e-75-6d-62-65-72-3a-31-30-31" class="aheart-select__option" role="option" aria-selected="false"><span class="aheart-select__option-content">Item 101</span>
        <!--v-if-->
      </div>
      <div id="aheart-select-v-0-listbox-option-6e-75-6d-62-65-72-3a-31-30-32" class="aheart-select__option" role="option" aria-selected="false"><span class="aheart-select__option-content">Item 102</span>
        <!--v-if-->
      </div>
      <div id="aheart-select-v-0-listbox-option-6e-75-6d-62-65-72-3a-31-30-33" class="aheart-select__option" role="option" aria-selected="false"><span class="aheart-select__option-content">Item 103</span>
        <!--v-if-->
      </div>
      <div id="aheart-select-v-0-listbox-option-6e-75-6d-62-65-72-3a-31-30-34" class="aheart-select__option" role="option" aria-selected="false"><span class="aheart-select__option-content">Item 104</span>
        <!--v-if-->
      </div>
      <div id="aheart-select-v-0-listbox-option-6e-75-6d-62-65-72-3a-31-30-35" class="aheart-select__option" role="option" aria-selected="false"><span class="aheart-select__option-content">Item 105</span>
        <!--v-if-->
      </div>
      <div id="aheart-select-v-0-listbox-option-6e-75-6d-62-65-72-3a-31-30-36" class="aheart-select__option" role="option" aria-selected="false"><span class="aheart-select__option-content">Item 106</span>
        <!--v-if-->
      </div>
      <div id="aheart-select-v-0-listbox-option-6e-75-6d-62-65-72-3a-31-30-37" class="aheart-select__option" role="option" aria-selected="false"><span class="aheart-select__option-content">Item 107</span>
        <!--v-if-->
      </div>
      <div id="aheart-select-v-0-listbox-option-6e-75-6d-62-65-72-3a-31-30-38" class="aheart-select__option" role="option" aria-selected="false"><span class="aheart-select__option-content">Item 108</span>
        <!--v-if-->
      </div>
      <div id="aheart-select-v-0-listbox-option-6e-75-6d-62-65-72-3a-31-30-39" class="aheart-select__option" role="option" aria-selected="false"><span class="aheart-select__option-content">Item 109</span>
        <!--v-if-->
      </div>
      <div id="aheart-select-v-0-listbox-option-6e-75-6d-62-65-72-3a-31-31-30" class="aheart-select__option" role="option" aria-selected="false"><span class="aheart-select__option-content">Item 110</span>
        <!--v-if-->
      </div>
      <div id="aheart-select-v-0-listbox-option-6e-75-6d-62-65-72-3a-31-31-31" class="aheart-select__option" role="option" aria-selected="false"><span class="aheart-select__option-content">Item 111</span>
        <!--v-if-->
      </div>
      <div id="aheart-select-v-0-listbox-option-6e-75-6d-62-65-72-3a-31-31-32" class="aheart-select__option" role="option" aria-selected="false"><span class="aheart-select__option-content">Item 112</span>
        <!--v-if-->
      </div>
      <div id="aheart-select-v-0-listbox-option-6e-75-6d-62-65-72-3a-31-31-33" class="aheart-select__option" role="option" aria-selected="false"><span class="aheart-select__option-content">Item 113</span>
        <!--v-if-->
      </div>
      <div id="aheart-select-v-0-listbox-option-6e-75-6d-62-65-72-3a-31-31-34" class="aheart-select__option" role="option" aria-selected="false"><span class="aheart-select__option-content">Item 114</span>
        <!--v-if-->
      </div>
      <div id="aheart-select-v-0-listbox-option-6e-75-6d-62-65-72-3a-31-31-35" class="aheart-select__option" role="option" aria-selected="false"><span class="aheart-select__option-content">Item 115</span>
        <!--v-if-->
      </div>
      <div id="aheart-select-v-0-listbox-option-6e-75-6d-62-65-72-3a-31-31-36" class="aheart-select__option" role="option" aria-selected="false"><span class="aheart-select__option-content">Item 116</span>
        <!--v-if-->
      </div>
      <div id="aheart-select-v-0-listbox-option-6e-75-6d-62-65-72-3a-31-31-37" class="aheart-select__option" role="option" aria-selected="false"><span class="aheart-select__option-content">Item 117</span>
        <!--v-if-->
      </div>
      <div id="aheart-select-v-0-listbox-option-6e-75-6d-62-65-72-3a-31-31-38" class="aheart-select__option" role="option" aria-selected="false"><span class="aheart-select__option-content">Item 118</span>
        <!--v-if-->
      </div>
      <div id="aheart-select-v-0-listbox-option-6e-75-6d-62-65-72-3a-31-31-39" class="aheart-select__option" role="option" aria-selected="false"><span class="aheart-select__option-content">Item 119</span>
        <!--v-if-->
      </div>
      <div id="aheart-select-v-0-listbox-option-6e-75-6d-62-65-72-3a-31-32-30" class="aheart-select__option" role="option" aria-selected="false"><span class="aheart-select__option-content">Item 120</span>
        <!--v-if-->
      </div>
      <div id="aheart-select-v-0-listbox-option-6e-75-6d-62-65-72-3a-31-32-31" class="aheart-select__option" role="option" aria-selected="false"><span class="aheart-select__option-content">Item 121</span>
        <!--v-if-->
      </div>
      <div id="aheart-select-v-0-listbox-option-6e-75-6d-62-65-72-3a-31-32-32" class="aheart-select__option" role="option" aria-selected="false"><span class="aheart-select__option-content">Item 122</span>
        <!--v-if-->
      </div>
      <div id="aheart-select-v-0-listbox-option-6e-75-6d-62-65-72-3a-31-32-33" class="aheart-select__option" role="option" aria-selected="false"><span class="aheart-select__option-content">Item 123</span>
        <!--v-if-->
      </div>
      <div id="aheart-select-v-0-listbox-option-6e-75-6d-62-65-72-3a-31-32-34" class="aheart-select__option" role="option" aria-selected="false"><span class="aheart-select__option-content">Item 124</span>
        <!--v-if-->
      </div>
      <div id="aheart-select-v-0-listbox-option-6e-75-6d-62-65-72-3a-31-32-35" class="aheart-select__option" role="option" aria-selected="false"><span class="aheart-select__option-content">Item 125</span>
        <!--v-if-->
      </div>
      <div id="aheart-select-v-0-listbox-option-6e-75-6d-62-65-72-3a-31-32-36" class="aheart-select__option" role="option" aria-selected="false"><span class="aheart-select__option-content">Item 126</span>
        <!--v-if-->
      </div>
      <div id="aheart-select-v-0-listbox-option-6e-75-6d-62-65-72-3a-31-32-37" class="aheart-select__option" role="option" aria-selected="false"><span class="aheart-select__option-content">Item 127</span>
        <!--v-if-->
      </div>
      <div id="aheart-select-v-0-listbox-option-6e-75-6d-62-65-72-3a-31-32-38" class="aheart-select__option" role="option" aria-selected="false"><span class="aheart-select__option-content">Item 128</span>
        <!--v-if-->
      </div>
      <div id="aheart-select-v-0-listbox-option-6e-75-6d-62-65-72-3a-31-32-39" class="aheart-select__option" role="option" aria-selected="false"><span class="aheart-select__option-content">Item 129</span>
        <!--v-if-->
      </div>
      <div id="aheart-select-v-0-listbox-option-6e-75-6d-62-65-72-3a-31-33-30" class="aheart-select__option" role="option" aria-selected="false"><span class="aheart-select__option-content">Item 130</span>
        <!--v-if-->
      </div>
      <div id="aheart-select-v-0-listbox-option-6e-75-6d-62-65-72-3a-31-33-31" class="aheart-select__option" role="option" aria-selected="false"><span class="aheart-select__option-content">Item 131</span>
        <!--v-if-->
      </div>
      <div id="aheart-select-v-0-listbox-option-6e-75-6d-62-65-72-3a-31-33-32" class="aheart-select__option" role="option" aria-selected="false"><span class="aheart-select__option-content">Item 132</span>
        <!--v-if-->
      </div>
      <div id="aheart-select-v-0-listbox-option-6e-75-6d-62-65-72-3a-31-33-33" class="aheart-select__option" role="option" aria-selected="false"><span class="aheart-select__option-content">Item 133</span>
        <!--v-if-->
      </div>
      <div id="aheart-select-v-0-listbox-option-6e-75-6d-62-65-72-3a-31-33-34" class="aheart-select__option" role="option" aria-selected="false"><span class="aheart-select__option-content">Item 134</span>
        <!--v-if-->
      </div>
      <div id="aheart-select-v-0-listbox-option-6e-75-6d-62-65-72-3a-31-33-35" class="aheart-select__option" role="option" aria-selected="false"><span class="aheart-select__option-content">Item 135</span>
        <!--v-if-->
      </div>
      <div id="aheart-select-v-0-listbox-option-6e-75-6d-62-65-72-3a-31-33-36" class="aheart-select__option" role="option" aria-selected="false"><span class="aheart-select__option-content">Item 136</span>
        <!--v-if-->
      </div>
      <div id="aheart-select-v-0-listbox-option-6e-75-6d-62-65-72-3a-31-33-37" class="aheart-select__option" role="option" aria-selected="false"><span class="aheart-select__option-content">Item 137</span>
        <!--v-if-->
      </div>
      <div id="aheart-select-v-0-listbox-option-6e-75-6d-62-65-72-3a-31-33-38" class="aheart-select__option" role="option" aria-selected="false"><span class="aheart-select__option-content">Item 138</span>
        <!--v-if-->
      </div>
      <div id="aheart-select-v-0-listbox-option-6e-75-6d-62-65-72-3a-31-33-39" class="aheart-select__option" role="option" aria-selected="false"><span class="aheart-select__option-content">Item 139</span>
        <!--v-if-->
      </div>
      <div id="aheart-select-v-0-listbox-option-6e-75-6d-62-65-72-3a-31-34-30" class="aheart-select__option" role="option" aria-selected="false"><span class="aheart-select__option-content">Item 140</span>
        <!--v-if-->
      </div>
      <div id="aheart-select-v-0-listbox-option-6e-75-6d-62-65-72-3a-31-34-31" class="aheart-select__option" role="option" aria-selected="false"><span class="aheart-select__option-content">Item 141</span>
        <!--v-if-->
      </div>
      <div id="aheart-select-v-0-listbox-option-6e-75-6d-62-65-72-3a-31-34-32" class="aheart-select__option" role="option" aria-selected="false"><span class="aheart-select__option-content">Item 142</span>
        <!--v-if-->
      </div>
      <div id="aheart-select-v-0-listbox-option-6e-75-6d-62-65-72-3a-31-34-33" class="aheart-select__option" role="option" aria-selected="false"><span class="aheart-select__option-content">Item 143</span>
        <!--v-if-->
      </div>
      <div id="aheart-select-v-0-listbox-option-6e-75-6d-62-65-72-3a-31-34-34" class="aheart-select__option" role="option" aria-selected="false"><span class="aheart-select__option-content">Item 144</span>
        <!--v-if-->
      </div>
      <div id="aheart-select-v-0-listbox-option-6e-75-6d-62-65-72-3a-31-34-35" class="aheart-select__option" role="option" aria-selected="false"><span class="aheart-select__option-content">Item 145</span>
        <!--v-if-->
      </div>
      <div id="aheart-select-v-0-listbox-option-6e-75-6d-62-65-72-3a-31-34-36" class="aheart-select__option" role="option" aria-selected="false"><span class="aheart-select__option-content">Item 146</span>
        <!--v-if-->
      </div>
      <div id="aheart-select-v-0-listbox-option-6e-75-6d-62-65-72-3a-31-34-37" class="aheart-select__option" role="option" aria-selected="false"><span class="aheart-select__option-content">Item 147</span>
        <!--v-if-->
      </div>
      <div id="aheart-select-v-0-listbox-option-6e-75-6d-62-65-72-3a-31-34-38" class="aheart-select__option" role="option" aria-selected="false"><span class="aheart-select__option-content">Item 148</span>
        <!--v-if-->
      </div>
      <div id="aheart-select-v-0-listbox-option-6e-75-6d-62-65-72-3a-31-34-39" class="aheart-select__option" role="option" aria-selected="false"><span class="aheart-select__option-content">Item 149</span>
        <!--v-if-->
      </div>
      <div id="aheart-select-v-0-listbox-option-6e-75-6d-62-65-72-3a-31-35-30" class="aheart-select__option" role="option" aria-selected="false"><span class="aheart-select__option-content">Item 150</span>
        <!--v-if-->
      </div>
      <div id="aheart-select-v-0-listbox-option-6e-75-6d-62-65-72-3a-31-35-31" class="aheart-select__option" role="option" aria-selected="false"><span class="aheart-select__option-content">Item 151</span>
        <!--v-if-->
      </div>
      <div id="aheart-select-v-0-listbox-option-6e-75-6d-62-65-72-3a-31-35-32" class="aheart-select__option" role="option" aria-selected="false"><span class="aheart-select__option-content">Item 152</span>
        <!--v-if-->
      </div>
      <div id="aheart-select-v-0-listbox-option-6e-75-6d-62-65-72-3a-31-35-33" class="aheart-select__option" role="option" aria-selected="false"><span class="aheart-select__option-content">Item 153</span>
        <!--v-if-->
      </div>
      <div id="aheart-select-v-0-listbox-option-6e-75-6d-62-65-72-3a-31-35-34" class="aheart-select__option" role="option" aria-selected="false"><span class="aheart-select__option-content">Item 154</span>
        <!--v-if-->
      </div>
      <div id="aheart-select-v-0-listbox-option-6e-75-6d-62-65-72-3a-31-35-35" class="aheart-select__option" role="option" aria-selected="false"><span class="aheart-select__option-content">Item 155</span>
        <!--v-if-->
      </div>
      <div id="aheart-select-v-0-listbox-option-6e-75-6d-62-65-72-3a-31-35-36" class="aheart-select__option" role="option" aria-selected="false"><span class="aheart-select__option-content">Item 156</span>
        <!--v-if-->
      </div>
      <div id="aheart-select-v-0-listbox-option-6e-75-6d-62-65-72-3a-31-35-37" class="aheart-select__option" role="option" aria-selected="false"><span class="aheart-select__option-content">Item 157</span>
        <!--v-if-->
      </div>
      <div id="aheart-select-v-0-listbox-option-6e-75-6d-62-65-72-3a-31-35-38" class="aheart-select__option" role="option" aria-selected="false"><span class="aheart-select__option-content">Item 158</span>
        <!--v-if-->
      </div>
      <div id="aheart-select-v-0-listbox-option-6e-75-6d-62-65-72-3a-31-35-39" class="aheart-select__option" role="option" aria-selected="false"><span class="aheart-select__option-content">Item 159</span>
        <!--v-if-->
      </div>
      <div id="aheart-select-v-0-listbox-option-6e-75-6d-62-65-72-3a-31-36-30" class="aheart-select__option" role="option" aria-selected="false"><span class="aheart-select__option-content">Item 160</span>
        <!--v-if-->
      </div>
      <div id="aheart-select-v-0-listbox-option-6e-75-6d-62-65-72-3a-31-36-31" class="aheart-select__option" role="option" aria-selected="false"><span class="aheart-select__option-content">Item 161</span>
        <!--v-if-->
      </div>
      <div id="aheart-select-v-0-listbox-option-6e-75-6d-62-65-72-3a-31-36-32" class="aheart-select__option" role="option" aria-selected="false"><span class="aheart-select__option-content">Item 162</span>
        <!--v-if-->
      </div>
      <div id="aheart-select-v-0-listbox-option-6e-75-6d-62-65-72-3a-31-36-33" class="aheart-select__option" role="option" aria-selected="false"><span class="aheart-select__option-content">Item 163</span>
        <!--v-if-->
      </div>
      <div id="aheart-select-v-0-listbox-option-6e-75-6d-62-65-72-3a-31-36-34" class="aheart-select__option" role="option" aria-selected="false"><span class="aheart-select__option-content">Item 164</span>
        <!--v-if-->
      </div>
      <div id="aheart-select-v-0-listbox-option-6e-75-6d-62-65-72-3a-31-36-35" class="aheart-select__option" role="option" aria-selected="false"><span class="aheart-select__option-content">Item 165</span>
        <!--v-if-->
      </div>
      <div id="aheart-select-v-0-listbox-option-6e-75-6d-62-65-72-3a-31-36-36" class="aheart-select__option" role="option" aria-selected="false"><span class="aheart-select__option-content">Item 166</span>
        <!--v-if-->
      </div>
      <div id="aheart-select-v-0-listbox-option-6e-75-6d-62-65-72-3a-31-36-37" class="aheart-select__option" role="option" aria-selected="false"><span class="aheart-select__option-content">Item 167</span>
        <!--v-if-->
      </div>
      <div id="aheart-select-v-0-listbox-option-6e-75-6d-62-65-72-3a-31-36-38" class="aheart-select__option" role="option" aria-selected="false"><span class="aheart-select__option-content">Item 168</span>
        <!--v-if-->
      </div>
      <div id="aheart-select-v-0-listbox-option-6e-75-6d-62-65-72-3a-31-36-39" class="aheart-select__option" role="option" aria-selected="false"><span class="aheart-select__option-content">Item 169</span>
        <!--v-if-->
      </div>
      <div id="aheart-select-v-0-listbox-option-6e-75-6d-62-65-72-3a-31-37-30" class="aheart-select__option" role="option" aria-selected="false"><span class="aheart-select__option-content">Item 170</span>
        <!--v-if-->
      </div>
      <div id="aheart-select-v-0-listbox-option-6e-75-6d-62-65-72-3a-31-37-31" class="aheart-select__option" role="option" aria-selected="false"><span class="aheart-select__option-content">Item 171</span>
        <!--v-if-->
      </div>
      <div id="aheart-select-v-0-listbox-option-6e-75-6d-62-65-72-3a-31-37-32" class="aheart-select__option" role="option" aria-selected="false"><span class="aheart-select__option-content">Item 172</span>
        <!--v-if-->
      </div>
      <div id="aheart-select-v-0-listbox-option-6e-75-6d-62-65-72-3a-31-37-33" class="aheart-select__option" role="option" aria-selected="false"><span class="aheart-select__option-content">Item 173</span>
        <!--v-if-->
      </div>
      <div id="aheart-select-v-0-listbox-option-6e-75-6d-62-65-72-3a-31-37-34" class="aheart-select__option" role="option" aria-selected="false"><span class="aheart-select__option-content">Item 174</span>
        <!--v-if-->
      </div>
      <div id="aheart-select-v-0-listbox-option-6e-75-6d-62-65-72-3a-31-37-35" class="aheart-select__option" role="option" aria-selected="false"><span class="aheart-select__option-content">Item 175</span>
        <!--v-if-->
      </div>
      <div id="aheart-select-v-0-listbox-option-6e-75-6d-62-65-72-3a-31-37-36" class="aheart-select__option" role="option" aria-selected="false"><span class="aheart-select__option-content">Item 176</span>
        <!--v-if-->
      </div>
      <div id="aheart-select-v-0-listbox-option-6e-75-6d-62-65-72-3a-31-37-37" class="aheart-select__option" role="option" aria-selected="false"><span class="aheart-select__option-content">Item 177</span>
        <!--v-if-->
      </div>
      <div id="aheart-select-v-0-listbox-option-6e-75-6d-62-65-72-3a-31-37-38" class="aheart-select__option" role="option" aria-selected="false"><span class="aheart-select__option-content">Item 178</span>
        <!--v-if-->
      </div>
      <div id="aheart-select-v-0-listbox-option-6e-75-6d-62-65-72-3a-31-37-39" class="aheart-select__option" role="option" aria-selected="false"><span class="aheart-select__option-content">Item 179</span>
        <!--v-if-->
      </div>
      <div id="aheart-select-v-0-listbox-option-6e-75-6d-62-65-72-3a-31-38-30" class="aheart-select__option" role="option" aria-selected="false"><span class="aheart-select__option-content">Item 180</span>
        <!--v-if-->
      </div>
      <div id="aheart-select-v-0-listbox-option-6e-75-6d-62-65-72-3a-31-38-31" class="aheart-select__option" role="option" aria-selected="false"><span class="aheart-select__option-content">Item 181</span>
        <!--v-if-->
      </div>
      <div id="aheart-select-v-0-listbox-option-6e-75-6d-62-65-72-3a-31-38-32" class="aheart-select__option" role="option" aria-selected="false"><span class="aheart-select__option-content">Item 182</span>
        <!--v-if-->
      </div>
      <div id="aheart-select-v-0-listbox-option-6e-75-6d-62-65-72-3a-31-38-33" class="aheart-select__option" role="option" aria-selected="false"><span class="aheart-select__option-content">Item 183</span>
        <!--v-if-->
      </div>
      <div id="aheart-select-v-0-listbox-option-6e-75-6d-62-65-72-3a-31-38-34" class="aheart-select__option" role="option" aria-selected="false"><span class="aheart-select__option-content">Item 184</span>
        <!--v-if-->
      </div>
      <div id="aheart-select-v-0-listbox-option-6e-75-6d-62-65-72-3a-31-38-35" class="aheart-select__option" role="option" aria-selected="false"><span class="aheart-select__option-content">Item 185</span>
        <!--v-if-->
      </div>
      <div id="aheart-select-v-0-listbox-option-6e-75-6d-62-65-72-3a-31-38-36" class="aheart-select__option" role="option" aria-selected="false"><span class="aheart-select__option-content">Item 186</span>
        <!--v-if-->
      </div>
      <div id="aheart-select-v-0-listbox-option-6e-75-6d-62-65-72-3a-31-38-37" class="aheart-select__option" role="option" aria-selected="false"><span class="aheart-select__option-content">Item 187</span>
        <!--v-if-->
      </div>
      <div id="aheart-select-v-0-listbox-option-6e-75-6d-62-65-72-3a-31-38-38" class="aheart-select__option" role="option" aria-selected="false"><span class="aheart-select__option-content">Item 188</span>
        <!--v-if-->
      </div>
      <div id="aheart-select-v-0-listbox-option-6e-75-6d-62-65-72-3a-31-38-39" class="aheart-select__option" role="option" aria-selected="false"><span class="aheart-select__option-content">Item 189</span>
        <!--v-if-->
      </div>
      <div id="aheart-select-v-0-listbox-option-6e-75-6d-62-65-72-3a-31-39-30" class="aheart-select__option" role="option" aria-selected="false"><span class="aheart-select__option-content">Item 190</span>
        <!--v-if-->
      </div>
      <div id="aheart-select-v-0-listbox-option-6e-75-6d-62-65-72-3a-31-39-31" class="aheart-select__option" role="option" aria-selected="false"><span class="aheart-select__option-content">Item 191</span>
        <!--v-if-->
      </div>
      <div id="aheart-select-v-0-listbox-option-6e-75-6d-62-65-72-3a-31-39-32" class="aheart-select__option" role="option" aria-selected="false"><span class="aheart-select__option-content">Item 192</span>
        <!--v-if-->
      </div>
      <div id="aheart-select-v-0-listbox-option-6e-75-6d-62-65-72-3a-31-39-33" class="aheart-select__option" role="option" aria-selected="false"><span class="aheart-select__option-content">Item 193</span>
        <!--v-if-->
      </div>
      <div id="aheart-select-v-0-listbox-option-6e-75-6d-62-65-72-3a-31-39-34" class="aheart-select__option" role="option" aria-selected="false"><span class="aheart-select__option-content">Item 194</span>
        <!--v-if-->
      </div>
      <div id="aheart-select-v-0-listbox-option-6e-75-6d-62-65-72-3a-31-39-35" class="aheart-select__option" role="option" aria-selected="false"><span class="aheart-select__option-content">Item 195</span>
        <!--v-if-->
      </div>
      <div id="aheart-select-v-0-listbox-option-6e-75-6d-62-65-72-3a-31-39-36" class="aheart-select__option" role="option" aria-selected="false"><span class="aheart-select__option-content">Item 196</span>
        <!--v-if-->
      </div>
      <div id="aheart-select-v-0-listbox-option-6e-75-6d-62-65-72-3a-31-39-37" class="aheart-select__option" role="option" aria-selected="false"><span class="aheart-select__option-content">Item 197</span>
        <!--v-if-->
      </div>
      <div id="aheart-select-v-0-listbox-option-6e-75-6d-62-65-72-3a-31-39-38" class="aheart-select__option" role="option" aria-selected="false"><span class="aheart-select__option-content">Item 198</span>
        <!--v-if-->
      </div>
      <div id="aheart-select-v-0-listbox-option-6e-75-6d-62-65-72-3a-31-39-39" class="aheart-select__option" role="option" aria-selected="false"><span class="aheart-select__option-content">Item 199</span>
        <!--v-if-->
      </div>
      <div id="aheart-select-v-0-listbox-option-6e-75-6d-62-65-72-3a-32-30-30" class="aheart-select__option" role="option" aria-selected="false"><span class="aheart-select__option-content">Item 200</span>
        <!--v-if-->
      </div>
      <div id="aheart-select-v-0-listbox-option-6e-75-6d-62-65-72-3a-32-30-31" class="aheart-select__option" role="option" aria-selected="false"><span class="aheart-select__option-content">Item 201</span>
        <!--v-if-->
      </div>
      <div id="aheart-select-v-0-listbox-option-6e-75-6d-62-65-72-3a-32-30-32" class="aheart-select__option" role="option" aria-selected="false"><span class="aheart-select__option-content">Item 202</span>
        <!--v-if-->
      </div>
      <div id="aheart-select-v-0-listbox-option-6e-75-6d-62-65-72-3a-32-30-33" class="aheart-select__option" role="option" aria-selected="false"><span class="aheart-select__option-content">Item 203</span>
        <!--v-if-->
      </div>
      <div id="aheart-select-v-0-listbox-option-6e-75-6d-62-65-72-3a-32-30-34" class="aheart-select__option" role="option" aria-selected="false"><span class="aheart-select__option-content">Item 204</span>
        <!--v-if-->
      </div>
      <div id="aheart-select-v-0-listbox-option-6e-75-6d-62-65-72-3a-32-30-35" class="aheart-select__option" role="option" aria-selected="false"><span class="aheart-select__option-content">Item 205</span>
        <!--v-if-->
      </div>
      <div id="aheart-select-v-0-listbox-option-6e-75-6d-62-65-72-3a-32-30-36" class="aheart-select__option" role="option" aria-selected="false"><span class="aheart-select__option-content">Item 206</span>
        <!--v-if-->
      </div>
      <div id="aheart-select-v-0-listbox-option-6e-75-6d-62-65-72-3a-32-30-37" class="aheart-select__option" role="option" aria-selected="false"><span class="aheart-select__option-content">Item 207</span>
        <!--v-if-->
      </div>
      <div id="aheart-select-v-0-listbox-option-6e-75-6d-62-65-72-3a-32-30-38" class="aheart-select__option" role="option" aria-selected="false"><span class="aheart-select__option-content">Item 208</span>
        <!--v-if-->
      </div>
      <div id="aheart-select-v-0-listbox-option-6e-75-6d-62-65-72-3a-32-30-39" class="aheart-select__option" role="option" aria-selected="false"><span class="aheart-select__option-content">Item 209</span>
        <!--v-if-->
      </div>
      <div id="aheart-select-v-0-listbox-option-6e-75-6d-62-65-72-3a-32-31-30" class="aheart-select__option" role="option" aria-selected="false"><span class="aheart-select__option-content">Item 210</span>
        <!--v-if-->
      </div>
      <div id="aheart-select-v-0-listbox-option-6e-75-6d-62-65-72-3a-32-31-31" class="aheart-select__option" role="option" aria-selected="false"><span class="aheart-select__option-content">Item 211</span>
        <!--v-if-->
      </div>
      <div id="aheart-select-v-0-listbox-option-6e-75-6d-62-65-72-3a-32-31-32" class="aheart-select__option" role="option" aria-selected="false"><span class="aheart-select__option-content">Item 212</span>
        <!--v-if-->
      </div>
      <div id="aheart-select-v-0-listbox-option-6e-75-6d-62-65-72-3a-32-31-33" class="aheart-select__option" role="option" aria-selected="false"><span class="aheart-select__option-content">Item 213</span>
        <!--v-if-->
      </div>
      <div id="aheart-select-v-0-listbox-option-6e-75-6d-62-65-72-3a-32-31-34" class="aheart-select__option" role="option" aria-selected="false"><span class="aheart-select__option-content">Item 214</span>
        <!--v-if-->
      </div>
      <div id="aheart-select-v-0-listbox-option-6e-75-6d-62-65-72-3a-32-31-35" class="aheart-select__option" role="option" aria-selected="false"><span class="aheart-select__option-content">Item 215</span>
        <!--v-if-->
      </div>
      <div id="aheart-select-v-0-listbox-option-6e-75-6d-62-65-72-3a-32-31-36" class="aheart-select__option" role="option" aria-selected="false"><span class="aheart-select__option-content">Item 216</span>
        <!--v-if-->
      </div>
      <div id="aheart-select-v-0-listbox-option-6e-75-6d-62-65-72-3a-32-31-37" class="aheart-select__option" role="option" aria-selected="false"><span class="aheart-select__option-content">Item 217</span>
        <!--v-if-->
      </div>
      <div id="aheart-select-v-0-listbox-option-6e-75-6d-62-65-72-3a-32-31-38" class="aheart-select__option" role="option" aria-selected="false"><span class="aheart-select__option-content">Item 218</span>
        <!--v-if-->
      </div>
      <div id="aheart-select-v-0-listbox-option-6e-75-6d-62-65-72-3a-32-31-39" class="aheart-select__option" role="option" aria-selected="false"><span class="aheart-select__option-content">Item 219</span>
        <!--v-if-->
      </div>
      <div id="aheart-select-v-0-listbox-option-6e-75-6d-62-65-72-3a-32-32-30" class="aheart-select__option" role="option" aria-selected="false"><span class="aheart-select__option-content">Item 220</span>
        <!--v-if-->
      </div>
      <div id="aheart-select-v-0-listbox-option-6e-75-6d-62-65-72-3a-32-32-31" class="aheart-select__option" role="option" aria-selected="false"><span class="aheart-select__option-content">Item 221</span>
        <!--v-if-->
      </div>
      <div id="aheart-select-v-0-listbox-option-6e-75-6d-62-65-72-3a-32-32-32" class="aheart-select__option" role="option" aria-selected="false"><span class="aheart-select__option-content">Item 222</span>
        <!--v-if-->
      </div>
      <div id="aheart-select-v-0-listbox-option-6e-75-6d-62-65-72-3a-32-32-33" class="aheart-select__option" role="option" aria-selected="false"><span class="aheart-select__option-content">Item 223</span>
        <!--v-if-->
      </div>
      <div id="aheart-select-v-0-listbox-option-6e-75-6d-62-65-72-3a-32-32-34" class="aheart-select__option" role="option" aria-selected="false"><span class="aheart-select__option-content">Item 224</span>
        <!--v-if-->
      </div>
      <div id="aheart-select-v-0-listbox-option-6e-75-6d-62-65-72-3a-32-32-35" class="aheart-select__option" role="option" aria-selected="false"><span class="aheart-select__option-content">Item 225</span>
        <!--v-if-->
      </div>
      <div id="aheart-select-v-0-listbox-option-6e-75-6d-62-65-72-3a-32-32-36" class="aheart-select__option" role="option" aria-selected="false"><span class="aheart-select__option-content">Item 226</span>
        <!--v-if-->
      </div>
      <div id="aheart-select-v-0-listbox-option-6e-75-6d-62-65-72-3a-32-32-37" class="aheart-select__option" role="option" aria-selected="false"><span class="aheart-select__option-content">Item 227</span>
        <!--v-if-->
      </div>
      <div id="aheart-select-v-0-listbox-option-6e-75-6d-62-65-72-3a-32-32-38" class="aheart-select__option" role="option" aria-selected="false"><span class="aheart-select__option-content">Item 228</span>
        <!--v-if-->
      </div>
      <div id="aheart-select-v-0-listbox-option-6e-75-6d-62-65-72-3a-32-32-39" class="aheart-select__option" role="option" aria-selected="false"><span class="aheart-select__option-content">Item 229</span>
        <!--v-if-->
      </div>
      <div id="aheart-select-v-0-listbox-option-6e-75-6d-62-65-72-3a-32-33-30" class="aheart-select__option" role="option" aria-selected="false"><span class="aheart-select__option-content">Item 230</span>
        <!--v-if-->
      </div>
      <div id="aheart-select-v-0-listbox-option-6e-75-6d-62-65-72-3a-32-33-31" class="aheart-select__option" role="option" aria-selected="false"><span class="aheart-select__option-content">Item 231</span>
        <!--v-if-->
      </div>
      <div id="aheart-select-v-0-listbox-option-6e-75-6d-62-65-72-3a-32-33-32" class="aheart-select__option" role="option" aria-selected="false"><span class="aheart-select__option-content">Item 232</span>
        <!--v-if-->
      </div>
      <div id="aheart-select-v-0-listbox-option-6e-75-6d-62-65-72-3a-32-33-33" class="aheart-select__option" role="option" aria-selected="false"><span class="aheart-select__option-content">Item 233</span>
        <!--v-if-->
      </div>
      <div id="aheart-select-v-0-listbox-option-6e-75-6d-62-65-72-3a-32-33-34" class="aheart-select__option" role="option" aria-selected="false"><span class="aheart-select__option-content">Item 234</span>
        <!--v-if-->
      </div>
      <div id="aheart-select-v-0-listbox-option-6e-75-6d-62-65-72-3a-32-33-35" class="aheart-select__option" role="option" aria-selected="false"><span class="aheart-select__option-content">Item 235</span>
        <!--v-if-->
      </div>
      <div id="aheart-select-v-0-listbox-option-6e-75-6d-62-65-72-3a-32-33-36" class="aheart-select__option" role="option" aria-selected="false"><span class="aheart-select__option-content">Item 236</span>
        <!--v-if-->
      </div>
      <div id="aheart-select-v-0-listbox-option-6e-75-6d-62-65-72-3a-32-33-37" class="aheart-select__option" role="option" aria-selected="false"><span class="aheart-select__option-content">Item 237</span>
        <!--v-if-->
      </div>
      <div id="aheart-select-v-0-listbox-option-6e-75-6d-62-65-72-3a-32-33-38" class="aheart-select__option" role="option" aria-selected="false"><span class="aheart-select__option-content">Item 238</span>
        <!--v-if-->
      </div>
      <div id="aheart-select-v-0-listbox-option-6e-75-6d-62-65-72-3a-32-33-39" class="aheart-select__option" role="option" aria-selected="false"><span class="aheart-select__option-content">Item 239</span>
        <!--v-if-->
      </div>
      <div id="aheart-select-v-0-listbox-option-6e-75-6d-62-65-72-3a-32-34-30" class="aheart-select__option" role="option" aria-selected="false"><span class="aheart-select__option-content">Item 240</span>
        <!--v-if-->
      </div>
      <div id="aheart-select-v-0-listbox-option-6e-75-6d-62-65-72-3a-32-34-31" class="aheart-select__option" role="option" aria-selected="false"><span class="aheart-select__option-content">Item 241</span>
        <!--v-if-->
      </div>
      <div id="aheart-select-v-0-listbox-option-6e-75-6d-62-65-72-3a-32-34-32" class="aheart-select__option" role="option" aria-selected="false"><span class="aheart-select__option-content">Item 242</span>
        <!--v-if-->
      </div>
      <div id="aheart-select-v-0-listbox-option-6e-75-6d-62-65-72-3a-32-34-33" class="aheart-select__option" role="option" aria-selected="false"><span class="aheart-select__option-content">Item 243</span>
        <!--v-if-->
      </div>
      <div id="aheart-select-v-0-listbox-option-6e-75-6d-62-65-72-3a-32-34-34" class="aheart-select__option" role="option" aria-selected="false"><span class="aheart-select__option-content">Item 244</span>
        <!--v-if-->
      </div>
      <div id="aheart-select-v-0-listbox-option-6e-75-6d-62-65-72-3a-32-34-35" class="aheart-select__option" role="option" aria-selected="false"><span class="aheart-select__option-content">Item 245</span>
        <!--v-if-->
      </div>
      <div id="aheart-select-v-0-listbox-option-6e-75-6d-62-65-72-3a-32-34-36" class="aheart-select__option" role="option" aria-selected="false"><span class="aheart-select__option-content">Item 246</span>
        <!--v-if-->
      </div>
      <div id="aheart-select-v-0-listbox-option-6e-75-6d-62-65-72-3a-32-34-37" class="aheart-select__option" role="option" aria-selected="false"><span class="aheart-select__option-content">Item 247</span>
        <!--v-if-->
      </div>
      <div id="aheart-select-v-0-listbox-option-6e-75-6d-62-65-72-3a-32-34-38" class="aheart-select__option" role="option" aria-selected="false"><span class="aheart-select__option-content">Item 248</span>
        <!--v-if-->
      </div>
      <div id="aheart-select-v-0-listbox-option-6e-75-6d-62-65-72-3a-32-34-39" class="aheart-select__option" role="option" aria-selected="false"><span class="aheart-select__option-content">Item 249</span>
        <!--v-if-->
      </div>
      <div id="aheart-select-v-0-listbox-option-6e-75-6d-62-65-72-3a-32-35-30" class="aheart-select__option" role="option" aria-selected="false"><span class="aheart-select__option-content">Item 250</span>
        <!--v-if-->
      </div>
      <div id="aheart-select-v-0-listbox-option-6e-75-6d-62-65-72-3a-32-35-31" class="aheart-select__option" role="option" aria-selected="false"><span class="aheart-select__option-content">Item 251</span>
        <!--v-if-->
      </div>
      <div id="aheart-select-v-0-listbox-option-6e-75-6d-62-65-72-3a-32-35-32" class="aheart-select__option" role="option" aria-selected="false"><span class="aheart-select__option-content">Item 252</span>
        <!--v-if-->
      </div>
      <div id="aheart-select-v-0-listbox-option-6e-75-6d-62-65-72-3a-32-35-33" class="aheart-select__option" role="option" aria-selected="false"><span class="aheart-select__option-content">Item 253</span>
        <!--v-if-->
      </div>
      <div id="aheart-select-v-0-listbox-option-6e-75-6d-62-65-72-3a-32-35-34" class="aheart-select__option" role="option" aria-selected="false"><span class="aheart-select__option-content">Item 254</span>
        <!--v-if-->
      </div>
      <div id="aheart-select-v-0-listbox-option-6e-75-6d-62-65-72-3a-32-35-35" class="aheart-select__option" role="option" aria-selected="false"><span class="aheart-select__option-content">Item 255</span>
        <!--v-if-->
      </div>
      <div id="aheart-select-v-0-listbox-option-6e-75-6d-62-65-72-3a-32-35-36" class="aheart-select__option" role="option" aria-selected="false"><span class="aheart-select__option-content">Item 256</span>
        <!--v-if-->
      </div>
      <div id="aheart-select-v-0-listbox-option-6e-75-6d-62-65-72-3a-32-35-37" class="aheart-select__option" role="option" aria-selected="false"><span class="aheart-select__option-content">Item 257</span>
        <!--v-if-->
      </div>
      <div id="aheart-select-v-0-listbox-option-6e-75-6d-62-65-72-3a-32-35-38" class="aheart-select__option" role="option" aria-selected="false"><span class="aheart-select__option-content">Item 258</span>
        <!--v-if-->
      </div>
      <div id="aheart-select-v-0-listbox-option-6e-75-6d-62-65-72-3a-32-35-39" class="aheart-select__option" role="option" aria-selected="false"><span class="aheart-select__option-content">Item 259</span>
        <!--v-if-->
      </div>
      <div id="aheart-select-v-0-listbox-option-6e-75-6d-62-65-72-3a-32-36-30" class="aheart-select__option" role="option" aria-selected="false"><span class="aheart-select__option-content">Item 260</span>
        <!--v-if-->
      </div>
      <div id="aheart-select-v-0-listbox-option-6e-75-6d-62-65-72-3a-32-36-31" class="aheart-select__option" role="option" aria-selected="false"><span class="aheart-select__option-content">Item 261</span>
        <!--v-if-->
      </div>
      <div id="aheart-select-v-0-listbox-option-6e-75-6d-62-65-72-3a-32-36-32" class="aheart-select__option" role="option" aria-selected="false"><span class="aheart-select__option-content">Item 262</span>
        <!--v-if-->
      </div>
      <div id="aheart-select-v-0-listbox-option-6e-75-6d-62-65-72-3a-32-36-33" class="aheart-select__option" role="option" aria-selected="false"><span class="aheart-select__option-content">Item 263</span>
        <!--v-if-->
      </div>
      <div id="aheart-select-v-0-listbox-option-6e-75-6d-62-65-72-3a-32-36-34" class="aheart-select__option" role="option" aria-selected="false"><span class="aheart-select__option-content">Item 264</span>
        <!--v-if-->
      </div>
      <div id="aheart-select-v-0-listbox-option-6e-75-6d-62-65-72-3a-32-36-35" class="aheart-select__option" role="option" aria-selected="false"><span class="aheart-select__option-content">Item 265</span>
        <!--v-if-->
      </div>
      <div id="aheart-select-v-0-listbox-option-6e-75-6d-62-65-72-3a-32-36-36" class="aheart-select__option" role="option" aria-selected="false"><span class="aheart-select__option-content">Item 266</span>
        <!--v-if-->
      </div>
      <div id="aheart-select-v-0-listbox-option-6e-75-6d-62-65-72-3a-32-36-37" class="aheart-select__option" role="option" aria-selected="false"><span class="aheart-select__option-content">Item 267</span>
        <!--v-if-->
      </div>
      <div id="aheart-select-v-0-listbox-option-6e-75-6d-62-65-72-3a-32-36-38" class="aheart-select__option" role="option" aria-selected="false"><span class="aheart-select__option-content">Item 268</span>
        <!--v-if-->
      </div>
      <div id="aheart-select-v-0-listbox-option-6e-75-6d-62-65-72-3a-32-36-39" class="aheart-select__option" role="option" aria-selected="false"><span class="aheart-select__option-content">Item 269</span>
        <!--v-if-->
      </div>
      <div id="aheart-select-v-0-listbox-option-6e-75-6d-62-65-72-3a-32-37-30" class="aheart-select__option" role="option" aria-selected="false"><span class="aheart-select__option-content">Item 270</span>
        <!--v-if-->
      </div>
      <div id="aheart-select-v-0-listbox-option-6e-75-6d-62-65-72-3a-32-37-31" class="aheart-select__option" role="option" aria-selected="false"><span class="aheart-select__option-content">Item 271</span>
        <!--v-if-->
      </div>
      <div id="aheart-select-v-0-listbox-option-6e-75-6d-62-65-72-3a-32-37-32" class="aheart-select__option" role="option" aria-selected="false"><span class="aheart-select__option-content">Item 272</span>
        <!--v-if-->
      </div>
      <div id="aheart-select-v-0-listbox-option-6e-75-6d-62-65-72-3a-32-37-33" class="aheart-select__option" role="option" aria-selected="false"><span class="aheart-select__option-content">Item 273</span>
        <!--v-if-->
      </div>
      <div id="aheart-select-v-0-listbox-option-6e-75-6d-62-65-72-3a-32-37-34" class="aheart-select__option" role="option" aria-selected="false"><span class="aheart-select__option-content">Item 274</span>
        <!--v-if-->
      </div>
      <div id="aheart-select-v-0-listbox-option-6e-75-6d-62-65-72-3a-32-37-35" class="aheart-select__option" role="option" aria-selected="false"><span class="aheart-select__option-content">Item 275</span>
        <!--v-if-->
      </div>
      <div id="aheart-select-v-0-listbox-option-6e-75-6d-62-65-72-3a-32-37-36" class="aheart-select__option" role="option" aria-selected="false"><span class="aheart-select__option-content">Item 276</span>
        <!--v-if-->
      </div>
      <div id="aheart-select-v-0-listbox-option-6e-75-6d-62-65-72-3a-32-37-37" class="aheart-select__option" role="option" aria-selected="false"><span class="aheart-select__option-content">Item 277</span>
        <!--v-if-->
      </div>
      <div id="aheart-select-v-0-listbox-option-6e-75-6d-62-65-72-3a-32-37-38" class="aheart-select__option" role="option" aria-selected="false"><span class="aheart-select__option-content">Item 278</span>
        <!--v-if-->
      </div>
      <div id="aheart-select-v-0-listbox-option-6e-75-6d-62-65-72-3a-32-37-39" class="aheart-select__option" role="option" aria-selected="false"><span class="aheart-select__option-content">Item 279</span>
        <!--v-if-->
      </div>
      <div id="aheart-select-v-0-listbox-option-6e-75-6d-62-65-72-3a-32-38-30" class="aheart-select__option" role="option" aria-selected="false"><span class="aheart-select__option-content">Item 280</span>
        <!--v-if-->
      </div>
      <div id="aheart-select-v-0-listbox-option-6e-75-6d-62-65-72-3a-32-38-31" class="aheart-select__option" role="option" aria-selected="false"><span class="aheart-select__option-content">Item 281</span>
        <!--v-if-->
      </div>
      <div id="aheart-select-v-0-listbox-option-6e-75-6d-62-65-72-3a-32-38-32" class="aheart-select__option" role="option" aria-selected="false"><span class="aheart-select__option-content">Item 282</span>
        <!--v-if-->
      </div>
      <div id="aheart-select-v-0-listbox-option-6e-75-6d-62-65-72-3a-32-38-33" class="aheart-select__option" role="option" aria-selected="false"><span class="aheart-select__option-content">Item 283</span>
        <!--v-if-->
      </div>
      <div id="aheart-select-v-0-listbox-option-6e-75-6d-62-65-72-3a-32-38-34" class="aheart-select__option" role="option" aria-selected="false"><span class="aheart-select__option-content">Item 284</span>
        <!--v-if-->
      </div>
      <div id="aheart-select-v-0-listbox-option-6e-75-6d-62-65-72-3a-32-38-35" class="aheart-select__option" role="option" aria-selected="false"><span class="aheart-select__option-content">Item 285</span>
        <!--v-if-->
      </div>
      <div id="aheart-select-v-0-listbox-option-6e-75-6d-62-65-72-3a-32-38-36" class="aheart-select__option" role="option" aria-selected="false"><span class="aheart-select__option-content">Item 286</span>
        <!--v-if-->
      </div>
      <div id="aheart-select-v-0-listbox-option-6e-75-6d-62-65-72-3a-32-38-37" class="aheart-select__option" role="option" aria-selected="false"><span class="aheart-select__option-content">Item 287</span>
        <!--v-if-->
      </div>
      <div id="aheart-select-v-0-listbox-option-6e-75-6d-62-65-72-3a-32-38-38" class="aheart-select__option" role="option" aria-selected="false"><span class="aheart-select__option-content">Item 288</span>
        <!--v-if-->
      </div>
      <div id="aheart-select-v-0-listbox-option-6e-75-6d-62-65-72-3a-32-38-39" class="aheart-select__option" role="option" aria-selected="false"><span class="aheart-select__option-content">Item 289</span>
        <!--v-if-->
      </div>
      <div id="aheart-select-v-0-listbox-option-6e-75-6d-62-65-72-3a-32-39-30" class="aheart-select__option" role="option" aria-selected="false"><span class="aheart-select__option-content">Item 290</span>
        <!--v-if-->
      </div>
      <div id="aheart-select-v-0-listbox-option-6e-75-6d-62-65-72-3a-32-39-31" class="aheart-select__option" role="option" aria-selected="false"><span class="aheart-select__option-content">Item 291</span>
        <!--v-if-->
      </div>
      <div id="aheart-select-v-0-listbox-option-6e-75-6d-62-65-72-3a-32-39-32" class="aheart-select__option" role="option" aria-selected="false"><span class="aheart-select__option-content">Item 292</span>
        <!--v-if-->
      </div>
      <div id="aheart-select-v-0-listbox-option-6e-75-6d-62-65-72-3a-32-39-33" class="aheart-select__option" role="option" aria-selected="false"><span class="aheart-select__option-content">Item 293</span>
        <!--v-if-->
      </div>
      <div id="aheart-select-v-0-listbox-option-6e-75-6d-62-65-72-3a-32-39-34" class="aheart-select__option" role="option" aria-selected="false"><span class="aheart-select__option-content">Item 294</span>
        <!--v-if-->
      </div>
      <div id="aheart-select-v-0-listbox-option-6e-75-6d-62-65-72-3a-32-39-35" class="aheart-select__option" role="option" aria-selected="false"><span class="aheart-select__option-content">Item 295</span>
        <!--v-if-->
      </div>
      <div id="aheart-select-v-0-listbox-option-6e-75-6d-62-65-72-3a-32-39-36" class="aheart-select__option" role="option" aria-selected="false"><span class="aheart-select__option-content">Item 296</span>
        <!--v-if-->
      </div>
      <div id="aheart-select-v-0-listbox-option-6e-75-6d-62-65-72-3a-32-39-37" class="aheart-select__option" role="option" aria-selected="false"><span class="aheart-select__option-content">Item 297</span>
        <!--v-if-->
      </div>
      <div id="aheart-select-v-0-listbox-option-6e-75-6d-62-65-72-3a-32-39-38" class="aheart-select__option" role="option" aria-selected="false"><span class="aheart-select__option-content">Item 298</span>
        <!--v-if-->
      </div>
      <div id="aheart-select-v-0-listbox-option-6e-75-6d-62-65-72-3a-32-39-39" class="aheart-select__option" role="option" aria-selected="false"><span class="aheart-select__option-content">Item 299</span>
        <!--v-if-->
      </div>
      <div id="aheart-select-v-0-listbox-option-6e-75-6d-62-65-72-3a-33-30-30" class="aheart-select__option" role="option" aria-selected="false"><span class="aheart-select__option-content">Item 300</span>
        <!--v-if-->
      </div>
      <div id="aheart-select-v-0-listbox-option-6e-75-6d-62-65-72-3a-33-30-31" class="aheart-select__option" role="option" aria-selected="false"><span class="aheart-select__option-content">Item 301</span>
        <!--v-if-->
      </div>
      <div id="aheart-select-v-0-listbox-option-6e-75-6d-62-65-72-3a-33-30-32" class="aheart-select__option" role="option" aria-selected="false"><span class="aheart-select__option-content">Item 302</span>
        <!--v-if-->
      </div>
      <div id="aheart-select-v-0-listbox-option-6e-75-6d-62-65-72-3a-33-30-33" class="aheart-select__option" role="option" aria-selected="false"><span class="aheart-select__option-content">Item 303</span>
        <!--v-if-->
      </div>
      <div id="aheart-select-v-0-listbox-option-6e-75-6d-62-65-72-3a-33-30-34" class="aheart-select__option" role="option" aria-selected="false"><span class="aheart-select__option-content">Item 304</span>
        <!--v-if-->
      </div>
      <div id="aheart-select-v-0-listbox-option-6e-75-6d-62-65-72-3a-33-30-35" class="aheart-select__option" role="option" aria-selected="false"><span class="aheart-select__option-content">Item 305</span>
        <!--v-if-->
      </div>
      <div id="aheart-select-v-0-listbox-option-6e-75-6d-62-65-72-3a-33-30-36" class="aheart-select__option" role="option" aria-selected="false"><span class="aheart-select__option-content">Item 306</span>
        <!--v-if-->
      </div>
      <div id="aheart-select-v-0-listbox-option-6e-75-6d-62-65-72-3a-33-30-37" class="aheart-select__option" role="option" aria-selected="false"><span class="aheart-select__option-content">Item 307</span>
        <!--v-if-->
      </div>
      <div id="aheart-select-v-0-listbox-option-6e-75-6d-62-65-72-3a-33-30-38" class="aheart-select__option" role="option" aria-selected="false"><span class="aheart-select__option-content">Item 308</span>
        <!--v-if-->
      </div>
      <div id="aheart-select-v-0-listbox-option-6e-75-6d-62-65-72-3a-33-30-39" class="aheart-select__option" role="option" aria-selected="false"><span class="aheart-select__option-content">Item 309</span>
        <!--v-if-->
      </div>
      <div id="aheart-select-v-0-listbox-option-6e-75-6d-62-65-72-3a-33-31-30" class="aheart-select__option" role="option" aria-selected="false"><span class="aheart-select__option-content">Item 310</span>
        <!--v-if-->
      </div>
      <div id="aheart-select-v-0-listbox-option-6e-75-6d-62-65-72-3a-33-31-31" class="aheart-select__option" role="option" aria-selected="false"><span class="aheart-select__option-content">Item 311</span>
        <!--v-if-->
      </div>
      <div id="aheart-select-v-0-listbox-option-6e-75-6d-62-65-72-3a-33-31-32" class="aheart-select__option" role="option" aria-selected="false"><span class="aheart-select__option-content">Item 312</span>
        <!--v-if-->
      </div>
      <div id="aheart-select-v-0-listbox-option-6e-75-6d-62-65-72-3a-33-31-33" class="aheart-select__option" role="option" aria-selected="false"><span class="aheart-select__option-content">Item 313</span>
        <!--v-if-->
      </div>
      <div id="aheart-select-v-0-listbox-option-6e-75-6d-62-65-72-3a-33-31-34" class="aheart-select__option" role="option" aria-selected="false"><span class="aheart-select__option-content">Item 314</span>
        <!--v-if-->
      </div>
      <div id="aheart-select-v-0-listbox-option-6e-75-6d-62-65-72-3a-33-31-35" class="aheart-select__option" role="option" aria-selected="false"><span class="aheart-select__option-content">Item 315</span>
        <!--v-if-->
      </div>
      <div id="aheart-select-v-0-listbox-option-6e-75-6d-62-65-72-3a-33-31-36" class="aheart-select__option" role="option" aria-selected="false"><span class="aheart-select__option-content">Item 316</span>
        <!--v-if-->
      </div>
      <div id="aheart-select-v-0-listbox-option-6e-75-6d-62-65-72-3a-33-31-37" class="aheart-select__option" role="option" aria-selected="false"><span class="aheart-select__option-content">Item 317</span>
        <!--v-if-->
      </div>
      <div id="aheart-select-v-0-listbox-option-6e-75-6d-62-65-72-3a-33-31-38" class="aheart-select__option" role="option" aria-selected="false"><span class="aheart-select__option-content">Item 318</span>
        <!--v-if-->
      </div>
      <div id="aheart-select-v-0-listbox-option-6e-75-6d-62-65-72-3a-33-31-39" class="aheart-select__option" role="option" aria-selected="false"><span class="aheart-select__option-content">Item 319</span>
        <!--v-if-->
      </div>
      <div id="aheart-select-v-0-listbox-option-6e-75-6d-62-65-72-3a-33-32-30" class="aheart-select__option" role="option" aria-selected="false"><span class="aheart-select__option-content">Item 320</span>
        <!--v-if-->
      </div>
      <div id="aheart-select-v-0-listbox-option-6e-75-6d-62-65-72-3a-33-32-31" class="aheart-select__option" role="option" aria-selected="false"><span class="aheart-select__option-content">Item 321</span>
        <!--v-if-->
      </div>
      <div id="aheart-select-v-0-listbox-option-6e-75-6d-62-65-72-3a-33-32-32" class="aheart-select__option" role="option" aria-selected="false"><span class="aheart-select__option-content">Item 322</span>
        <!--v-if-->
      </div>
      <div id="aheart-select-v-0-listbox-option-6e-75-6d-62-65-72-3a-33-32-33" class="aheart-select__option" role="option" aria-selected="false"><span class="aheart-select__option-content">Item 323</span>
        <!--v-if-->
      </div>
      <div id="aheart-select-v-0-listbox-option-6e-75-6d-62-65-72-3a-33-32-34" class="aheart-select__option" role="option" aria-selected="false"><span class="aheart-select__option-content">Item 324</span>
        <!--v-if-->
      </div>
      <div id="aheart-select-v-0-listbox-option-6e-75-6d-62-65-72-3a-33-32-35" class="aheart-select__option" role="option" aria-selected="false"><span class="aheart-select__option-content">Item 325</span>
        <!--v-if-->
      </div>
      <div id="aheart-select-v-0-listbox-option-6e-75-6d-62-65-72-3a-33-32-36" class="aheart-select__option" role="option" aria-selected="false"><span class="aheart-select__option-content">Item 326</span>
        <!--v-if-->
      </div>
      <div id="aheart-select-v-0-listbox-option-6e-75-6d-62-65-72-3a-33-32-37" class="aheart-select__option" role="option" aria-selected="false"><span class="aheart-select__option-content">Item 327</span>
        <!--v-if-->
      </div>
      <div id="aheart-select-v-0-listbox-option-6e-75-6d-62-65-72-3a-33-32-38" class="aheart-select__option" role="option" aria-selected="false"><span class="aheart-select__option-content">Item 328</span>
        <!--v-if-->
      </div>
      <div id="aheart-select-v-0-listbox-option-6e-75-6d-62-65-72-3a-33-32-39" class="aheart-select__option" role="option" aria-selected="false"><span class="aheart-select__option-content">Item 329</span>
        <!--v-if-->
      </div>
      <div id="aheart-select-v-0-listbox-option-6e-75-6d-62-65-72-3a-33-33-30" class="aheart-select__option" role="option" aria-selected="false"><span class="aheart-select__option-content">Item 330</span>
        <!--v-if-->
      </div>
      <div id="aheart-select-v-0-listbox-option-6e-75-6d-62-65-72-3a-33-33-31" class="aheart-select__option" role="option" aria-selected="false"><span class="aheart-select__option-content">Item 331</span>
        <!--v-if-->
      </div>
      <div id="aheart-select-v-0-listbox-option-6e-75-6d-62-65-72-3a-33-33-32" class="aheart-select__option" role="option" aria-selected="false"><span class="aheart-select__option-content">Item 332</span>
        <!--v-if-->
      </div>
      <div id="aheart-select-v-0-listbox-option-6e-75-6d-62-65-72-3a-33-33-33" class="aheart-select__option" role="option" aria-selected="false"><span class="aheart-select__option-content">Item 333</span>
        <!--v-if-->
      </div>
      <div id="aheart-select-v-0-listbox-option-6e-75-6d-62-65-72-3a-33-33-34" class="aheart-select__option" role="option" aria-selected="false"><span class="aheart-select__option-content">Item 334</span>
        <!--v-if-->
      </div>
      <div id="aheart-select-v-0-listbox-option-6e-75-6d-62-65-72-3a-33-33-35" class="aheart-select__option" role="option" aria-selected="false"><span class="aheart-select__option-content">Item 335</span>
        <!--v-if-->
      </div>
      <div id="aheart-select-v-0-listbox-option-6e-75-6d-62-65-72-3a-33-33-36" class="aheart-select__option" role="option" aria-selected="false"><span class="aheart-select__option-content">Item 336</span>
        <!--v-if-->
      </div>
      <div id="aheart-select-v-0-listbox-option-6e-75-6d-62-65-72-3a-33-33-37" class="aheart-select__option" role="option" aria-selected="false"><span class="aheart-select__option-content">Item 337</span>
        <!--v-if-->
      </div>
      <div id="aheart-select-v-0-listbox-option-6e-75-6d-62-65-72-3a-33-33-38" class="aheart-select__option" role="option" aria-selected="false"><span class="aheart-select__option-content">Item 338</span>
        <!--v-if-->
      </div>
      <div id="aheart-select-v-0-listbox-option-6e-75-6d-62-65-72-3a-33-33-39" class="aheart-select__option" role="option" aria-selected="false"><span class="aheart-select__option-content">Item 339</span>
        <!--v-if-->
      </div>
      <div id="aheart-select-v-0-listbox-option-6e-75-6d-62-65-72-3a-33-34-30" class="aheart-select__option" role="option" aria-selected="false"><span class="aheart-select__option-content">Item 340</span>
        <!--v-if-->
      </div>
      <div id="aheart-select-v-0-listbox-option-6e-75-6d-62-65-72-3a-33-34-31" class="aheart-select__option" role="option" aria-selected="false"><span class="aheart-select__option-content">Item 341</span>
        <!--v-if-->
      </div>
      <div id="aheart-select-v-0-listbox-option-6e-75-6d-62-65-72-3a-33-34-32" class="aheart-select__option" role="option" aria-selected="false"><span class="aheart-select__option-content">Item 342</span>
        <!--v-if-->
      </div>
      <div id="aheart-select-v-0-listbox-option-6e-75-6d-62-65-72-3a-33-34-33" class="aheart-select__option" role="option" aria-selected="false"><span class="aheart-select__option-content">Item 343</span>
        <!--v-if-->
      </div>
      <div id="aheart-select-v-0-listbox-option-6e-75-6d-62-65-72-3a-33-34-34" class="aheart-select__option" role="option" aria-selected="false"><span class="aheart-select__option-content">Item 344</span>
        <!--v-if-->
      </div>
      <div id="aheart-select-v-0-listbox-option-6e-75-6d-62-65-72-3a-33-34-35" class="aheart-select__option" role="option" aria-selected="false"><span class="aheart-select__option-content">Item 345</span>
        <!--v-if-->
      </div>
      <div id="aheart-select-v-0-listbox-option-6e-75-6d-62-65-72-3a-33-34-36" class="aheart-select__option" role="option" aria-selected="false"><span class="aheart-select__option-content">Item 346</span>
        <!--v-if-->
      </div>
      <div id="aheart-select-v-0-listbox-option-6e-75-6d-62-65-72-3a-33-34-37" class="aheart-select__option" role="option" aria-selected="false"><span class="aheart-select__option-content">Item 347</span>
        <!--v-if-->
      </div>
      <div id="aheart-select-v-0-listbox-option-6e-75-6d-62-65-72-3a-33-34-38" class="aheart-select__option" role="option" aria-selected="false"><span class="aheart-select__option-content">Item 348</span>
        <!--v-if-->
      </div>
      <div id="aheart-select-v-0-listbox-option-6e-75-6d-62-65-72-3a-33-34-39" class="aheart-select__option" role="option" aria-selected="false"><span class="aheart-select__option-content">Item 349</span>
        <!--v-if-->
      </div>
      <div id="aheart-select-v-0-listbox-option-6e-75-6d-62-65-72-3a-33-35-30" class="aheart-select__option" role="option" aria-selected="false"><span class="aheart-select__option-content">Item 350</span>
        <!--v-if-->
      </div>
      <div id="aheart-select-v-0-listbox-option-6e-75-6d-62-65-72-3a-33-35-31" class="aheart-select__option" role="option" aria-selected="false"><span class="aheart-select__option-content">Item 351</span>
        <!--v-if-->
      </div>
      <div id="aheart-select-v-0-listbox-option-6e-75-6d-62-65-72-3a-33-35-32" class="aheart-select__option" role="option" aria-selected="false"><span class="aheart-select__option-content">Item 352</span>
        <!--v-if-->
      </div>
      <div id="aheart-select-v-0-listbox-option-6e-75-6d-62-65-72-3a-33-35-33" class="aheart-select__option" role="option" aria-selected="false"><span class="aheart-select__option-content">Item 353</span>
        <!--v-if-->
      </div>
      <div id="aheart-select-v-0-listbox-option-6e-75-6d-62-65-72-3a-33-35-34" class="aheart-select__option" role="option" aria-selected="false"><span class="aheart-select__option-content">Item 354</span>
        <!--v-if-->
      </div>
      <div id="aheart-select-v-0-listbox-option-6e-75-6d-62-65-72-3a-33-35-35" class="aheart-select__option" role="option" aria-selected="false"><span class="aheart-select__option-content">Item 355</span>
        <!--v-if-->
      </div>
      <div id="aheart-select-v-0-listbox-option-6e-75-6d-62-65-72-3a-33-35-36" class="aheart-select__option" role="option" aria-selected="false"><span class="aheart-select__option-content">Item 356</span>
        <!--v-if-->
      </div>
      <div id="aheart-select-v-0-listbox-option-6e-75-6d-62-65-72-3a-33-35-37" class="aheart-select__option" role="option" aria-selected="false"><span class="aheart-select__option-content">Item 357</span>
        <!--v-if-->
      </div>
      <div id="aheart-select-v-0-listbox-option-6e-75-6d-62-65-72-3a-33-35-38" class="aheart-select__option" role="option" aria-selected="false"><span class="aheart-select__option-content">Item 358</span>
        <!--v-if-->
      </div>
      <div id="aheart-select-v-0-listbox-option-6e-75-6d-62-65-72-3a-33-35-39" class="aheart-select__option" role="option" aria-selected="false"><span class="aheart-select__option-content">Item 359</span>
        <!--v-if-->
      </div>
      <div id="aheart-select-v-0-listbox-option-6e-75-6d-62-65-72-3a-33-36-30" class="aheart-select__option" role="option" aria-selected="false"><span class="aheart-select__option-content">Item 360</span>
        <!--v-if-->
      </div>
      <div id="aheart-select-v-0-listbox-option-6e-75-6d-62-65-72-3a-33-36-31" class="aheart-select__option" role="option" aria-selected="false"><span class="aheart-select__option-content">Item 361</span>
        <!--v-if-->
      </div>
      <div id="aheart-select-v-0-listbox-option-6e-75-6d-62-65-72-3a-33-36-32" class="aheart-select__option" role="option" aria-selected="false"><span class="aheart-select__option-content">Item 362</span>
        <!--v-if-->
      </div>
      <div id="aheart-select-v-0-listbox-option-6e-75-6d-62-65-72-3a-33-36-33" class="aheart-select__option" role="option" aria-selected="false"><span class="aheart-select__option-content">Item 363</span>
        <!--v-if-->
      </div>
      <div id="aheart-select-v-0-listbox-option-6e-75-6d-62-65-72-3a-33-36-34" class="aheart-select__option" role="option" aria-selected="false"><span class="aheart-select__option-content">Item 364</span>
        <!--v-if-->
      </div>
      <div id="aheart-select-v-0-listbox-option-6e-75-6d-62-65-72-3a-33-36-35" class="aheart-select__option" role="option" aria-selected="false"><span class="aheart-select__option-content">Item 365</span>
        <!--v-if-->
      </div>
      <div id="aheart-select-v-0-listbox-option-6e-75-6d-62-65-72-3a-33-36-36" class="aheart-select__option" role="option" aria-selected="false"><span class="aheart-select__option-content">Item 366</span>
        <!--v-if-->
      </div>
      <div id="aheart-select-v-0-listbox-option-6e-75-6d-62-65-72-3a-33-36-37" class="aheart-select__option" role="option" aria-selected="false"><span class="aheart-select__option-content">Item 367</span>
        <!--v-if-->
      </div>
      <div id="aheart-select-v-0-listbox-option-6e-75-6d-62-65-72-3a-33-36-38" class="aheart-select__option" role="option" aria-selected="false"><span class="aheart-select__option-content">Item 368</span>
        <!--v-if-->
      </div>
      <div id="aheart-select-v-0-listbox-option-6e-75-6d-62-65-72-3a-33-36-39" class="aheart-select__option" role="option" aria-selected="false"><span class="aheart-select__option-content">Item 369</span>
        <!--v-if-->
      </div>
      <div id="aheart-select-v-0-listbox-option-6e-75-6d-62-65-72-3a-33-37-30" class="aheart-select__option" role="option" aria-selected="false"><span class="aheart-select__option-content">Item 370</span>
        <!--v-if-->
      </div>
      <div id="aheart-select-v-0-listbox-option-6e-75-6d-62-65-72-3a-33-37-31" class="aheart-select__option" role="option" aria-selected="false"><span class="aheart-select__option-content">Item 371</span>
        <!--v-if-->
      </div>
      <div id="aheart-select-v-0-listbox-option-6e-75-6d-62-65-72-3a-33-37-32" class="aheart-select__option" role="option" aria-selected="false"><span class="aheart-select__option-content">Item 372</span>
        <!--v-if-->
      </div>
      <div id="aheart-select-v-0-listbox-option-6e-75-6d-62-65-72-3a-33-37-33" class="aheart-select__option" role="option" aria-selected="false"><span class="aheart-select__option-content">Item 373</span>
        <!--v-if-->
      </div>
      <div id="aheart-select-v-0-listbox-option-6e-75-6d-62-65-72-3a-33-37-34" class="aheart-select__option" role="option" aria-selected="false"><span class="aheart-select__option-content">Item 374</span>
        <!--v-if-->
      </div>
      <div id="aheart-select-v-0-listbox-option-6e-75-6d-62-65-72-3a-33-37-35" class="aheart-select__option" role="option" aria-selected="false"><span class="aheart-select__option-content">Item 375</span>
        <!--v-if-->
      </div>
      <div id="aheart-select-v-0-listbox-option-6e-75-6d-62-65-72-3a-33-37-36" class="aheart-select__option" role="option" aria-selected="false"><span class="aheart-select__option-content">Item 376</span>
        <!--v-if-->
      </div>
      <div id="aheart-select-v-0-listbox-option-6e-75-6d-62-65-72-3a-33-37-37" class="aheart-select__option" role="option" aria-selected="false"><span class="aheart-select__option-content">Item 377</span>
        <!--v-if-->
      </div>
      <div id="aheart-select-v-0-listbox-option-6e-75-6d-62-65-72-3a-33-37-38" class="aheart-select__option" role="option" aria-selected="false"><span class="aheart-select__option-content">Item 378</span>
        <!--v-if-->
      </div>
      <div id="aheart-select-v-0-listbox-option-6e-75-6d-62-65-72-3a-33-37-39" class="aheart-select__option" role="option" aria-selected="false"><span class="aheart-select__option-content">Item 379</span>
        <!--v-if-->
      </div>
      <div id="aheart-select-v-0-listbox-option-6e-75-6d-62-65-72-3a-33-38-30" class="aheart-select__option" role="option" aria-selected="false"><span class="aheart-select__option-content">Item 380</span>
        <!--v-if-->
      </div>
      <div id="aheart-select-v-0-listbox-option-6e-75-6d-62-65-72-3a-33-38-31" class="aheart-select__option" role="option" aria-selected="false"><span class="aheart-select__option-content">Item 381</span>
        <!--v-if-->
      </div>
      <div id="aheart-select-v-0-listbox-option-6e-75-6d-62-65-72-3a-33-38-32" class="aheart-select__option" role="option" aria-selected="false"><span class="aheart-select__option-content">Item 382</span>
        <!--v-if-->
      </div>
      <div id="aheart-select-v-0-listbox-option-6e-75-6d-62-65-72-3a-33-38-33" class="aheart-select__option" role="option" aria-selected="false"><span class="aheart-select__option-content">Item 383</span>
        <!--v-if-->
      </div>
      <div id="aheart-select-v-0-listbox-option-6e-75-6d-62-65-72-3a-33-38-34" class="aheart-select__option" role="option" aria-selected="false"><span class="aheart-select__option-content">Item 384</span>
        <!--v-if-->
      </div>
      <div id="aheart-select-v-0-listbox-option-6e-75-6d-62-65-72-3a-33-38-35" class="aheart-select__option" role="option" aria-selected="false"><span class="aheart-select__option-content">Item 385</span>
        <!--v-if-->
      </div>
      <div id="aheart-select-v-0-listbox-option-6e-75-6d-62-65-72-3a-33-38-36" class="aheart-select__option" role="option" aria-selected="false"><span class="aheart-select__option-content">Item 386</span>
        <!--v-if-->
      </div>
      <div id="aheart-select-v-0-listbox-option-6e-75-6d-62-65-72-3a-33-38-37" class="aheart-select__option" role="option" aria-selected="false"><span class="aheart-select__option-content">Item 387</span>
        <!--v-if-->
      </div>
      <div id="aheart-select-v-0-listbox-option-6e-75-6d-62-65-72-3a-33-38-38" class="aheart-select__option" role="option" aria-selected="false"><span class="aheart-select__option-content">Item 388</span>
        <!--v-if-->
      </div>
      <div id="aheart-select-v-0-listbox-option-6e-75-6d-62-65-72-3a-33-38-39" class="aheart-select__option" role="option" aria-selected="false"><span class="aheart-select__option-content">Item 389</span>
        <!--v-if-->
      </div>
      <div id="aheart-select-v-0-listbox-option-6e-75-6d-62-65-72-3a-33-39-30" class="aheart-select__option" role="option" aria-selected="false"><span class="aheart-select__option-content">Item 390</span>
        <!--v-if-->
      </div>
      <div id="aheart-select-v-0-listbox-option-6e-75-6d-62-65-72-3a-33-39-31" class="aheart-select__option" role="option" aria-selected="false"><span class="aheart-select__option-content">Item 391</span>
        <!--v-if-->
      </div>
      <div id="aheart-select-v-0-listbox-option-6e-75-6d-62-65-72-3a-33-39-32" class="aheart-select__option" role="option" aria-selected="false"><span class="aheart-select__option-content">Item 392</span>
        <!--v-if-->
      </div>
      <div id="aheart-select-v-0-listbox-option-6e-75-6d-62-65-72-3a-33-39-33" class="aheart-select__option" role="option" aria-selected="false"><span class="aheart-select__option-content">Item 393</span>
        <!--v-if-->
      </div>
      <div id="aheart-select-v-0-listbox-option-6e-75-6d-62-65-72-3a-33-39-34" class="aheart-select__option" role="option" aria-selected="false"><span class="aheart-select__option-content">Item 394</span>
        <!--v-if-->
      </div>
      <div id="aheart-select-v-0-listbox-option-6e-75-6d-62-65-72-3a-33-39-35" class="aheart-select__option" role="option" aria-selected="false"><span class="aheart-select__option-content">Item 395</span>
        <!--v-if-->
      </div>
      <div id="aheart-select-v-0-listbox-option-6e-75-6d-62-65-72-3a-33-39-36" class="aheart-select__option" role="option" aria-selected="false"><span class="aheart-select__option-content">Item 396</span>
        <!--v-if-->
      </div>
      <div id="aheart-select-v-0-listbox-option-6e-75-6d-62-65-72-3a-33-39-37" class="aheart-select__option" role="option" aria-selected="false"><span class="aheart-select__option-content">Item 397</span>
        <!--v-if-->
      </div>
      <div id="aheart-select-v-0-listbox-option-6e-75-6d-62-65-72-3a-33-39-38" class="aheart-select__option" role="option" aria-selected="false"><span class="aheart-select__option-content">Item 398</span>
        <!--v-if-->
      </div>
      <div id="aheart-select-v-0-listbox-option-6e-75-6d-62-65-72-3a-33-39-39" class="aheart-select__option" role="option" aria-selected="false"><span class="aheart-select__option-content">Item 399</span>
        <!--v-if-->
      </div>
      <div id="aheart-select-v-0-listbox-option-6e-75-6d-62-65-72-3a-34-30-30" class="aheart-select__option" role="option" aria-selected="false"><span class="aheart-select__option-content">Item 400</span>
        <!--v-if-->
      </div>
      <div id="aheart-select-v-0-listbox-option-6e-75-6d-62-65-72-3a-34-30-31" class="aheart-select__option" role="option" aria-selected="false"><span class="aheart-select__option-content">Item 401</span>
        <!--v-if-->
      </div>
      <div id="aheart-select-v-0-listbox-option-6e-75-6d-62-65-72-3a-34-30-32" class="aheart-select__option" role="option" aria-selected="false"><span class="aheart-select__option-content">Item 402</span>
        <!--v-if-->
      </div>
      <div id="aheart-select-v-0-listbox-option-6e-75-6d-62-65-72-3a-34-30-33" class="aheart-select__option" role="option" aria-selected="false"><span class="aheart-select__option-content">Item 403</span>
        <!--v-if-->
      </div>
      <div id="aheart-select-v-0-listbox-option-6e-75-6d-62-65-72-3a-34-30-34" class="aheart-select__option" role="option" aria-selected="false"><span class="aheart-select__option-content">Item 404</span>
        <!--v-if-->
      </div>
      <div id="aheart-select-v-0-listbox-option-6e-75-6d-62-65-72-3a-34-30-35" class="aheart-select__option" role="option" aria-selected="false"><span class="aheart-select__option-content">Item 405</span>
        <!--v-if-->
      </div>
      <div id="aheart-select-v-0-listbox-option-6e-75-6d-62-65-72-3a-34-30-36" class="aheart-select__option" role="option" aria-selected="false"><span class="aheart-select__option-content">Item 406</span>
        <!--v-if-->
      </div>
      <div id="aheart-select-v-0-listbox-option-6e-75-6d-62-65-72-3a-34-30-37" class="aheart-select__option" role="option" aria-selected="false"><span class="aheart-select__option-content">Item 407</span>
        <!--v-if-->
      </div>
      <div id="aheart-select-v-0-listbox-option-6e-75-6d-62-65-72-3a-34-30-38" class="aheart-select__option" role="option" aria-selected="false"><span class="aheart-select__option-content">Item 408</span>
        <!--v-if-->
      </div>
      <div id="aheart-select-v-0-listbox-option-6e-75-6d-62-65-72-3a-34-30-39" class="aheart-select__option" role="option" aria-selected="false"><span class="aheart-select__option-content">Item 409</span>
        <!--v-if-->
      </div>
      <div id="aheart-select-v-0-listbox-option-6e-75-6d-62-65-72-3a-34-31-30" class="aheart-select__option" role="option" aria-selected="false"><span class="aheart-select__option-content">Item 410</span>
        <!--v-if-->
      </div>
      <div id="aheart-select-v-0-listbox-option-6e-75-6d-62-65-72-3a-34-31-31" class="aheart-select__option" role="option" aria-selected="false"><span class="aheart-select__option-content">Item 411</span>
        <!--v-if-->
      </div>
      <div id="aheart-select-v-0-listbox-option-6e-75-6d-62-65-72-3a-34-31-32" class="aheart-select__option" role="option" aria-selected="false"><span class="aheart-select__option-content">Item 412</span>
        <!--v-if-->
      </div>
      <div id="aheart-select-v-0-listbox-option-6e-75-6d-62-65-72-3a-34-31-33" class="aheart-select__option" role="option" aria-selected="false"><span class="aheart-select__option-content">Item 413</span>
        <!--v-if-->
      </div>
      <div id="aheart-select-v-0-listbox-option-6e-75-6d-62-65-72-3a-34-31-34" class="aheart-select__option" role="option" aria-selected="false"><span class="aheart-select__option-content">Item 414</span>
        <!--v-if-->
      </div>
      <div id="aheart-select-v-0-listbox-option-6e-75-6d-62-65-72-3a-34-31-35" class="aheart-select__option" role="option" aria-selected="false"><span class="aheart-select__option-content">Item 415</span>
        <!--v-if-->
      </div>
      <div id="aheart-select-v-0-listbox-option-6e-75-6d-62-65-72-3a-34-31-36" class="aheart-select__option" role="option" aria-selected="false"><span class="aheart-select__option-content">Item 416</span>
        <!--v-if-->
      </div>
      <div id="aheart-select-v-0-listbox-option-6e-75-6d-62-65-72-3a-34-31-37" class="aheart-select__option" role="option" aria-selected="false"><span class="aheart-select__option-content">Item 417</span>
        <!--v-if-->
      </div>
      <div id="aheart-select-v-0-listbox-option-6e-75-6d-62-65-72-3a-34-31-38" class="aheart-select__option" role="option" aria-selected="false"><span class="aheart-select__option-content">Item 418</span>
        <!--v-if-->
      </div>
      <div id="aheart-select-v-0-listbox-option-6e-75-6d-62-65-72-3a-34-31-39" class="aheart-select__option" role="option" aria-selected="false"><span class="aheart-select__option-content">Item 419</span>
        <!--v-if-->
      </div>
      <div id="aheart-select-v-0-listbox-option-6e-75-6d-62-65-72-3a-34-32-30" class="aheart-select__option" role="option" aria-selected="false"><span class="aheart-select__option-content">Item 420</span>
        <!--v-if-->
      </div>
      <div id="aheart-select-v-0-listbox-option-6e-75-6d-62-65-72-3a-34-32-31" class="aheart-select__option" role="option" aria-selected="false"><span class="aheart-select__option-content">Item 421</span>
        <!--v-if-->
      </div>
      <div id="aheart-select-v-0-listbox-option-6e-75-6d-62-65-72-3a-34-32-32" class="aheart-select__option" role="option" aria-selected="false"><span class="aheart-select__option-content">Item 422</span>
        <!--v-if-->
      </div>
      <div id="aheart-select-v-0-listbox-option-6e-75-6d-62-65-72-3a-34-32-33" class="aheart-select__option" role="option" aria-selected="false"><span class="aheart-select__option-content">Item 423</span>
        <!--v-if-->
      </div>
      <div id="aheart-select-v-0-listbox-option-6e-75-6d-62-65-72-3a-34-32-34" class="aheart-select__option" role="option" aria-selected="false"><span class="aheart-select__option-content">Item 424</span>
        <!--v-if-->
      </div>
      <div id="aheart-select-v-0-listbox-option-6e-75-6d-62-65-72-3a-34-32-35" class="aheart-select__option" role="option" aria-selected="false"><span class="aheart-select__option-content">Item 425</span>
        <!--v-if-->
      </div>
      <div id="aheart-select-v-0-listbox-option-6e-75-6d-62-65-72-3a-34-32-36" class="aheart-select__option" role="option" aria-selected="false"><span class="aheart-select__option-content">Item 426</span>
        <!--v-if-->
      </div>
      <div id="aheart-select-v-0-listbox-option-6e-75-6d-62-65-72-3a-34-32-37" class="aheart-select__option" role="option" aria-selected="false"><span class="aheart-select__option-content">Item 427</span>
        <!--v-if-->
      </div>
      <div id="aheart-select-v-0-listbox-option-6e-75-6d-62-65-72-3a-34-32-38" class="aheart-select__option" role="option" aria-selected="false"><span class="aheart-select__option-content">Item 428</span>
        <!--v-if-->
      </div>
      <div id="aheart-select-v-0-listbox-option-6e-75-6d-62-65-72-3a-34-32-39" class="aheart-select__option" role="option" aria-selected="false"><span class="aheart-select__option-content">Item 429</span>
        <!--v-if-->
      </div>
      <div id="aheart-select-v-0-listbox-option-6e-75-6d-62-65-72-3a-34-33-30" class="aheart-select__option" role="option" aria-selected="false"><span class="aheart-select__option-content">Item 430</span>
        <!--v-if-->
      </div>
      <div id="aheart-select-v-0-listbox-option-6e-75-6d-62-65-72-3a-34-33-31" class="aheart-select__option" role="option" aria-selected="false"><span class="aheart-select__option-content">Item 431</span>
        <!--v-if-->
      </div>
      <div id="aheart-select-v-0-listbox-option-6e-75-6d-62-65-72-3a-34-33-32" class="aheart-select__option" role="option" aria-selected="false"><span class="aheart-select__option-content">Item 432</span>
        <!--v-if-->
      </div>
      <div id="aheart-select-v-0-listbox-option-6e-75-6d-62-65-72-3a-34-33-33" class="aheart-select__option" role="option" aria-selected="false"><span class="aheart-select__option-content">Item 433</span>
        <!--v-if-->
      </div>
      <div id="aheart-select-v-0-listbox-option-6e-75-6d-62-65-72-3a-34-33-34" class="aheart-select__option" role="option" aria-selected="false"><span class="aheart-select__option-content">Item 434</span>
        <!--v-if-->
      </div>
      <div id="aheart-select-v-0-listbox-option-6e-75-6d-62-65-72-3a-34-33-35" class="aheart-select__option" role="option" aria-selected="false"><span class="aheart-select__option-content">Item 435</span>
        <!--v-if-->
      </div>
      <div id="aheart-select-v-0-listbox-option-6e-75-6d-62-65-72-3a-34-33-36" class="aheart-select__option" role="option" aria-selected="false"><span class="aheart-select__option-content">Item 436</span>
        <!--v-if-->
      </div>
      <div id="aheart-select-v-0-listbox-option-6e-75-6d-62-65-72-3a-34-33-37" class="aheart-select__option" role="option" aria-selected="false"><span class="aheart-select__option-content">Item 437</span>
        <!--v-if-->
      </div>
      <div id="aheart-select-v-0-listbox-option-6e-75-6d-62-65-72-3a-34-33-38" class="aheart-select__option" role="option" aria-selected="false"><span class="aheart-select__option-content">Item 438</span>
        <!--v-if-->
      </div>
      <div id="aheart-select-v-0-listbox-option-6e-75-6d-62-65-72-3a-34-33-39" class="aheart-select__option" role="option" aria-selected="false"><span class="aheart-select__option-content">Item 439</span>
        <!--v-if-->
      </div>
      <div id="aheart-select-v-0-listbox-option-6e-75-6d-62-65-72-3a-34-34-30" class="aheart-select__option" role="option" aria-selected="false"><span class="aheart-select__option-content">Item 440</span>
        <!--v-if-->
      </div>
      <div id="aheart-select-v-0-listbox-option-6e-75-6d-62-65-72-3a-34-34-31" class="aheart-select__option" role="option" aria-selected="false"><span class="aheart-select__option-content">Item 441</span>
        <!--v-if-->
      </div>
      <div id="aheart-select-v-0-listbox-option-6e-75-6d-62-65-72-3a-34-34-32" class="aheart-select__option" role="option" aria-selected="false"><span class="aheart-select__option-content">Item 442</span>
        <!--v-if-->
      </div>
      <div id="aheart-select-v-0-listbox-option-6e-75-6d-62-65-72-3a-34-34-33" class="aheart-select__option" role="option" aria-selected="false"><span class="aheart-select__option-content">Item 443</span>
        <!--v-if-->
      </div>
      <div id="aheart-select-v-0-listbox-option-6e-75-6d-62-65-72-3a-34-34-34" class="aheart-select__option" role="option" aria-selected="false"><span class="aheart-select__option-content">Item 444</span>
        <!--v-if-->
      </div>
      <div id="aheart-select-v-0-listbox-option-6e-75-6d-62-65-72-3a-34-34-35" class="aheart-select__option" role="option" aria-selected="false"><span class="aheart-select__option-content">Item 445</span>
        <!--v-if-->
      </div>
      <div id="aheart-select-v-0-listbox-option-6e-75-6d-62-65-72-3a-34-34-36" class="aheart-select__option" role="option" aria-selected="false"><span class="aheart-select__option-content">Item 446</span>
        <!--v-if-->
      </div>
      <div id="aheart-select-v-0-listbox-option-6e-75-6d-62-65-72-3a-34-34-37" class="aheart-select__option" role="option" aria-selected="false"><span class="aheart-select__option-content">Item 447</span>
        <!--v-if-->
      </div>
      <div id="aheart-select-v-0-listbox-option-6e-75-6d-62-65-72-3a-34-34-38" class="aheart-select__option" role="option" aria-selected="false"><span class="aheart-select__option-content">Item 448</span>
        <!--v-if-->
      </div>
      <div id="aheart-select-v-0-listbox-option-6e-75-6d-62-65-72-3a-34-34-39" class="aheart-select__option" role="option" aria-selected="false"><span class="aheart-select__option-content">Item 449</span>
        <!--v-if-->
      </div>
      <div id="aheart-select-v-0-listbox-option-6e-75-6d-62-65-72-3a-34-35-30" class="aheart-select__option" role="option" aria-selected="false"><span class="aheart-select__option-content">Item 450</span>
        <!--v-if-->
      </div>
      <div id="aheart-select-v-0-listbox-option-6e-75-6d-62-65-72-3a-34-35-31" class="aheart-select__option" role="option" aria-selected="false"><span class="aheart-select__option-content">Item 451</span>
        <!--v-if-->
      </div>
      <div id="aheart-select-v-0-listbox-option-6e-75-6d-62-65-72-3a-34-35-32" class="aheart-select__option" role="option" aria-selected="false"><span class="aheart-select__option-content">Item 452</span>
        <!--v-if-->
      </div>
      <div id="aheart-select-v-0-listbox-option-6e-75-6d-62-65-72-3a-34-35-33" class="aheart-select__option" role="option" aria-selected="false"><span class="aheart-select__option-content">Item 453</span>
        <!--v-if-->
      </div>
      <div id="aheart-select-v-0-listbox-option-6e-75-6d-62-65-72-3a-34-35-34" class="aheart-select__option" role="option" aria-selected="false"><span class="aheart-select__option-content">Item 454</span>
        <!--v-if-->
      </div>
      <div id="aheart-select-v-0-listbox-option-6e-75-6d-62-65-72-3a-34-35-35" class="aheart-select__option" role="option" aria-selected="false"><span class="aheart-select__option-content">Item 455</span>
        <!--v-if-->
      </div>
      <div id="aheart-select-v-0-listbox-option-6e-75-6d-62-65-72-3a-34-35-36" class="aheart-select__option" role="option" aria-selected="false"><span class="aheart-select__option-content">Item 456</span>
        <!--v-if-->
      </div>
      <div id="aheart-select-v-0-listbox-option-6e-75-6d-62-65-72-3a-34-35-37" class="aheart-select__option" role="option" aria-selected="false"><span class="aheart-select__option-content">Item 457</span>
        <!--v-if-->
      </div>
      <div id="aheart-select-v-0-listbox-option-6e-75-6d-62-65-72-3a-34-35-38" class="aheart-select__option" role="option" aria-selected="false"><span class="aheart-select__option-content">Item 458</span>
        <!--v-if-->
      </div>
      <div id="aheart-select-v-0-listbox-option-6e-75-6d-62-65-72-3a-34-35-39" class="aheart-select__option" role="option" aria-selected="false"><span class="aheart-select__option-content">Item 459</span>
        <!--v-if-->
      </div>
      <div id="aheart-select-v-0-listbox-option-6e-75-6d-62-65-72-3a-34-36-30" class="aheart-select__option" role="option" aria-selected="false"><span class="aheart-select__option-content">Item 460</span>
        <!--v-if-->
      </div>
      <div id="aheart-select-v-0-listbox-option-6e-75-6d-62-65-72-3a-34-36-31" class="aheart-select__option" role="option" aria-selected="false"><span class="aheart-select__option-content">Item 461</span>
        <!--v-if-->
      </div>
      <div id="aheart-select-v-0-listbox-option-6e-75-6d-62-65-72-3a-34-36-32" class="aheart-select__option" role="option" aria-selected="false"><span class="aheart-select__option-content">Item 462</span>
        <!--v-if-->
      </div>
      <div id="aheart-select-v-0-listbox-option-6e-75-6d-62-65-72-3a-34-36-33" class="aheart-select__option" role="option" aria-selected="false"><span class="aheart-select__option-content">Item 463</span>
        <!--v-if-->
      </div>
      <div id="aheart-select-v-0-listbox-option-6e-75-6d-62-65-72-3a-34-36-34" class="aheart-select__option" role="option" aria-selected="false"><span class="aheart-select__option-content">Item 464</span>
        <!--v-if-->
      </div>
      <div id="aheart-select-v-0-listbox-option-6e-75-6d-62-65-72-3a-34-36-35" class="aheart-select__option" role="option" aria-selected="false"><span class="aheart-select__option-content">Item 465</span>
        <!--v-if-->
      </div>
      <div id="aheart-select-v-0-listbox-option-6e-75-6d-62-65-72-3a-34-36-36" class="aheart-select__option" role="option" aria-selected="false"><span class="aheart-select__option-content">Item 466</span>
        <!--v-if-->
      </div>
      <div id="aheart-select-v-0-listbox-option-6e-75-6d-62-65-72-3a-34-36-37" class="aheart-select__option" role="option" aria-selected="false"><span class="aheart-select__option-content">Item 467</span>
        <!--v-if-->
      </div>
      <div id="aheart-select-v-0-listbox-option-6e-75-6d-62-65-72-3a-34-36-38" class="aheart-select__option" role="option" aria-selected="false"><span class="aheart-select__option-content">Item 468</span>
        <!--v-if-->
      </div>
      <div id="aheart-select-v-0-listbox-option-6e-75-6d-62-65-72-3a-34-36-39" class="aheart-select__option" role="option" aria-selected="false"><span class="aheart-select__option-content">Item 469</span>
        <!--v-if-->
      </div>
      <div id="aheart-select-v-0-listbox-option-6e-75-6d-62-65-72-3a-34-37-30" class="aheart-select__option" role="option" aria-selected="false"><span class="aheart-select__option-content">Item 470</span>
        <!--v-if-->
      </div>
      <div id="aheart-select-v-0-listbox-option-6e-75-6d-62-65-72-3a-34-37-31" class="aheart-select__option" role="option" aria-selected="false"><span class="aheart-select__option-content">Item 471</span>
        <!--v-if-->
      </div>
      <div id="aheart-select-v-0-listbox-option-6e-75-6d-62-65-72-3a-34-37-32" class="aheart-select__option" role="option" aria-selected="false"><span class="aheart-select__option-content">Item 472</span>
        <!--v-if-->
      </div>
      <div id="aheart-select-v-0-listbox-option-6e-75-6d-62-65-72-3a-34-37-33" class="aheart-select__option" role="option" aria-selected="false"><span class="aheart-select__option-content">Item 473</span>
        <!--v-if-->
      </div>
      <div id="aheart-select-v-0-listbox-option-6e-75-6d-62-65-72-3a-34-37-34" class="aheart-select__option" role="option" aria-selected="false"><span class="aheart-select__option-content">Item 474</span>
        <!--v-if-->
      </div>
      <div id="aheart-select-v-0-listbox-option-6e-75-6d-62-65-72-3a-34-37-35" class="aheart-select__option" role="option" aria-selected="false"><span class="aheart-select__option-content">Item 475</span>
        <!--v-if-->
      </div>
      <div id="aheart-select-v-0-listbox-option-6e-75-6d-62-65-72-3a-34-37-36" class="aheart-select__option" role="option" aria-selected="false"><span class="aheart-select__option-content">Item 476</span>
        <!--v-if-->
      </div>
      <div id="aheart-select-v-0-listbox-option-6e-75-6d-62-65-72-3a-34-37-37" class="aheart-select__option" role="option" aria-selected="false"><span class="aheart-select__option-content">Item 477</span>
        <!--v-if-->
      </div>
      <div id="aheart-select-v-0-listbox-option-6e-75-6d-62-65-72-3a-34-37-38" class="aheart-select__option" role="option" aria-selected="false"><span class="aheart-select__option-content">Item 478</span>
        <!--v-if-->
      </div>
      <div id="aheart-select-v-0-listbox-option-6e-75-6d-62-65-72-3a-34-37-39" class="aheart-select__option" role="option" aria-selected="false"><span class="aheart-select__option-content">Item 479</span>
        <!--v-if-->
      </div>
      <div id="aheart-select-v-0-listbox-option-6e-75-6d-62-65-72-3a-34-38-30" class="aheart-select__option" role="option" aria-selected="false"><span class="aheart-select__option-content">Item 480</span>
        <!--v-if-->
      </div>
      <div id="aheart-select-v-0-listbox-option-6e-75-6d-62-65-72-3a-34-38-31" class="aheart-select__option" role="option" aria-selected="false"><span class="aheart-select__option-content">Item 481</span>
        <!--v-if-->
      </div>
      <div id="aheart-select-v-0-listbox-option-6e-75-6d-62-65-72-3a-34-38-32" class="aheart-select__option" role="option" aria-selected="false"><span class="aheart-select__option-content">Item 482</span>
        <!--v-if-->
      </div>
      <div id="aheart-select-v-0-listbox-option-6e-75-6d-62-65-72-3a-34-38-33" class="aheart-select__option" role="option" aria-selected="false"><span class="aheart-select__option-content">Item 483</span>
        <!--v-if-->
      </div>
      <div id="aheart-select-v-0-listbox-option-6e-75-6d-62-65-72-3a-34-38-34" class="aheart-select__option" role="option" aria-selected="false"><span class="aheart-select__option-content">Item 484</span>
        <!--v-if-->
      </div>
      <div id="aheart-select-v-0-listbox-option-6e-75-6d-62-65-72-3a-34-38-35" class="aheart-select__option" role="option" aria-selected="false"><span class="aheart-select__option-content">Item 485</span>
        <!--v-if-->
      </div>
      <div id="aheart-select-v-0-listbox-option-6e-75-6d-62-65-72-3a-34-38-36" class="aheart-select__option" role="option" aria-selected="false"><span class="aheart-select__option-content">Item 486</span>
        <!--v-if-->
      </div>
      <div id="aheart-select-v-0-listbox-option-6e-75-6d-62-65-72-3a-34-38-37" class="aheart-select__option" role="option" aria-selected="false"><span class="aheart-select__option-content">Item 487</span>
        <!--v-if-->
      </div>
      <div id="aheart-select-v-0-listbox-option-6e-75-6d-62-65-72-3a-34-38-38" class="aheart-select__option" role="option" aria-selected="false"><span class="aheart-select__option-content">Item 488</span>
        <!--v-if-->
      </div>
      <div id="aheart-select-v-0-listbox-option-6e-75-6d-62-65-72-3a-34-38-39" class="aheart-select__option" role="option" aria-selected="false"><span class="aheart-select__option-content">Item 489</span>
        <!--v-if-->
      </div>
      <div id="aheart-select-v-0-listbox-option-6e-75-6d-62-65-72-3a-34-39-30" class="aheart-select__option" role="option" aria-selected="false"><span class="aheart-select__option-content">Item 490</span>
        <!--v-if-->
      </div>
      <div id="aheart-select-v-0-listbox-option-6e-75-6d-62-65-72-3a-34-39-31" class="aheart-select__option" role="option" aria-selected="false"><span class="aheart-select__option-content">Item 491</span>
        <!--v-if-->
      </div>
      <div id="aheart-select-v-0-listbox-option-6e-75-6d-62-65-72-3a-34-39-32" class="aheart-select__option" role="option" aria-selected="false"><span class="aheart-select__option-content">Item 492</span>
        <!--v-if-->
      </div>
      <div id="aheart-select-v-0-listbox-option-6e-75-6d-62-65-72-3a-34-39-33" class="aheart-select__option" role="option" aria-selected="false"><span class="aheart-select__option-content">Item 493</span>
        <!--v-if-->
      </div>
      <div id="aheart-select-v-0-listbox-option-6e-75-6d-62-65-72-3a-34-39-34" class="aheart-select__option" role="option" aria-selected="false"><span class="aheart-select__option-content">Item 494</span>
        <!--v-if-->
      </div>
      <div id="aheart-select-v-0-listbox-option-6e-75-6d-62-65-72-3a-34-39-35" class="aheart-select__option" role="option" aria-selected="false"><span class="aheart-select__option-content">Item 495</span>
        <!--v-if-->
      </div>
      <div id="aheart-select-v-0-listbox-option-6e-75-6d-62-65-72-3a-34-39-36" class="aheart-select__option" role="option" aria-selected="false"><span class="aheart-select__option-content">Item 496</span>
        <!--v-if-->
      </div>
      <div id="aheart-select-v-0-listbox-option-6e-75-6d-62-65-72-3a-34-39-37" class="aheart-select__option" role="option" aria-selected="false"><span class="aheart-select__option-content">Item 497</span>
        <!--v-if-->
      </div>
      <div id="aheart-select-v-0-listbox-option-6e-75-6d-62-65-72-3a-34-39-38" class="aheart-select__option" role="option" aria-selected="false"><span class="aheart-select__option-content">Item 498</span>
        <!--v-if-->
      </div>
      <div id="aheart-select-v-0-listbox-option-6e-75-6d-62-65-72-3a-34-39-39" class="aheart-select__option" role="option" aria-selected="false"><span class="aheart-select__option-content">Item 499</span>
        <!--v-if-->
      </div>
      <div id="aheart-select-v-0-listbox-option-6e-75-6d-62-65-72-3a-35-30-30" class="aheart-select__option" role="option" aria-selected="false"><span class="aheart-select__option-content">Item 500</span>
        <!--v-if-->
      </div>
      <div id="aheart-select-v-0-listbox-option-6e-75-6d-62-65-72-3a-35-30-31" class="aheart-select__option" role="option" aria-selected="false"><span class="aheart-select__option-content">Item 501</span>
        <!--v-if-->
      </div>
      <div id="aheart-select-v-0-listbox-option-6e-75-6d-62-65-72-3a-35-30-32" class="aheart-select__option" role="option" aria-selected="false"><span class="aheart-select__option-content">Item 502</span>
        <!--v-if-->
      </div>
      <div id="aheart-select-v-0-listbox-option-6e-75-6d-62-65-72-3a-35-30-33" class="aheart-select__option" role="option" aria-selected="false"><span class="aheart-select__option-content">Item 503</span>
        <!--v-if-->
      </div>
      <div id="aheart-select-v-0-listbox-option-6e-75-6d-62-65-72-3a-35-30-34" class="aheart-select__option" role="option" aria-selected="false"><span class="aheart-select__option-content">Item 504</span>
        <!--v-if-->
      </div>
      <div id="aheart-select-v-0-listbox-option-6e-75-6d-62-65-72-3a-35-30-35" class="aheart-select__option" role="option" aria-selected="false"><span class="aheart-select__option-content">Item 505</span>
        <!--v-if-->
      </div>
      <div id="aheart-select-v-0-listbox-option-6e-75-6d-62-65-72-3a-35-30-36" class="aheart-select__option" role="option" aria-selected="false"><span class="aheart-select__option-content">Item 506</span>
        <!--v-if-->
      </div>
      <div id="aheart-select-v-0-listbox-option-6e-75-6d-62-65-72-3a-35-30-37" class="aheart-select__option" role="option" aria-selected="false"><span class="aheart-select__option-content">Item 507</span>
        <!--v-if-->
      </div>
      <div id="aheart-select-v-0-listbox-option-6e-75-6d-62-65-72-3a-35-30-38" class="aheart-select__option" role="option" aria-selected="false"><span class="aheart-select__option-content">Item 508</span>
        <!--v-if-->
      </div>
      <div id="aheart-select-v-0-listbox-option-6e-75-6d-62-65-72-3a-35-30-39" class="aheart-select__option" role="option" aria-selected="false"><span class="aheart-select__option-content">Item 509</span>
        <!--v-if-->
      </div>
      <div id="aheart-select-v-0-listbox-option-6e-75-6d-62-65-72-3a-35-31-30" class="aheart-select__option" role="option" aria-selected="false"><span class="aheart-select__option-content">Item 510</span>
        <!--v-if-->
      </div>
      <div id="aheart-select-v-0-listbox-option-6e-75-6d-62-65-72-3a-35-31-31" class="aheart-select__option" role="option" aria-selected="false"><span class="aheart-select__option-content">Item 511</span>
        <!--v-if-->
      </div>
      <div id="aheart-select-v-0-listbox-option-6e-75-6d-62-65-72-3a-35-31-32" class="aheart-select__option" role="option" aria-selected="false"><span class="aheart-select__option-content">Item 512</span>
        <!--v-if-->
      </div>
      <div id="aheart-select-v-0-listbox-option-6e-75-6d-62-65-72-3a-35-31-33" class="aheart-select__option" role="option" aria-selected="false"><span class="aheart-select__option-content">Item 513</span>
        <!--v-if-->
      </div>
      <div id="aheart-select-v-0-listbox-option-6e-75-6d-62-65-72-3a-35-31-34" class="aheart-select__option" role="option" aria-selected="false"><span class="aheart-select__option-content">Item 514</span>
        <!--v-if-->
      </div>
      <div id="aheart-select-v-0-listbox-option-6e-75-6d-62-65-72-3a-35-31-35" class="aheart-select__option" role="option" aria-selected="false"><span class="aheart-select__option-content">Item 515</span>
        <!--v-if-->
      </div>
      <div id="aheart-select-v-0-listbox-option-6e-75-6d-62-65-72-3a-35-31-36" class="aheart-select__option" role="option" aria-selected="false"><span class="aheart-select__option-content">Item 516</span>
        <!--v-if-->
      </div>
      <div id="aheart-select-v-0-listbox-option-6e-75-6d-62-65-72-3a-35-31-37" class="aheart-select__option" role="option" aria-selected="false"><span class="aheart-select__option-content">Item 517</span>
        <!--v-if-->
      </div>
      <div id="aheart-select-v-0-listbox-option-6e-75-6d-62-65-72-3a-35-31-38" class="aheart-select__option" role="option" aria-selected="false"><span class="aheart-select__option-content">Item 518</span>
        <!--v-if-->
      </div>
      <div id="aheart-select-v-0-listbox-option-6e-75-6d-62-65-72-3a-35-31-39" class="aheart-select__option" role="option" aria-selected="false"><span class="aheart-select__option-content">Item 519</span>
        <!--v-if-->
      </div>
      <div id="aheart-select-v-0-listbox-option-6e-75-6d-62-65-72-3a-35-32-30" class="aheart-select__option" role="option" aria-selected="false"><span class="aheart-select__option-content">Item 520</span>
        <!--v-if-->
      </div>
      <div id="aheart-select-v-0-listbox-option-6e-75-6d-62-65-72-3a-35-32-31" class="aheart-select__option" role="option" aria-selected="false"><span class="aheart-select__option-content">Item 521</span>
        <!--v-if-->
      </div>
      <div id="aheart-select-v-0-listbox-option-6e-75-6d-62-65-72-3a-35-32-32" class="aheart-select__option" role="option" aria-selected="false"><span class="aheart-select__option-content">Item 522</span>
        <!--v-if-->
      </div>
      <div id="aheart-select-v-0-listbox-option-6e-75-6d-62-65-72-3a-35-32-33" class="aheart-select__option" role="option" aria-selected="false"><span class="aheart-select__option-content">Item 523</span>
        <!--v-if-->
      </div>
      <div id="aheart-select-v-0-listbox-option-6e-75-6d-62-65-72-3a-35-32-34" class="aheart-select__option" role="option" aria-selected="false"><span class="aheart-select__option-content">Item 524</span>
        <!--v-if-->
      </div>
      <div id="aheart-select-v-0-listbox-option-6e-75-6d-62-65-72-3a-35-32-35" class="aheart-select__option" role="option" aria-selected="false"><span class="aheart-select__option-content">Item 525</span>
        <!--v-if-->
      </div>
      <div id="aheart-select-v-0-listbox-option-6e-75-6d-62-65-72-3a-35-32-36" class="aheart-select__option" role="option" aria-selected="false"><span class="aheart-select__option-content">Item 526</span>
        <!--v-if-->
      </div>
      <div id="aheart-select-v-0-listbox-option-6e-75-6d-62-65-72-3a-35-32-37" class="aheart-select__option" role="option" aria-selected="false"><span class="aheart-select__option-content">Item 527</span>
        <!--v-if-->
      </div>
      <div id="aheart-select-v-0-listbox-option-6e-75-6d-62-65-72-3a-35-32-38" class="aheart-select__option" role="option" aria-selected="false"><span class="aheart-select__option-content">Item 528</span>
        <!--v-if-->
      </div>
      <div id="aheart-select-v-0-listbox-option-6e-75-6d-62-65-72-3a-35-32-39" class="aheart-select__option" role="option" aria-selected="false"><span class="aheart-select__option-content">Item 529</span>
        <!--v-if-->
      </div>
      <div id="aheart-select-v-0-listbox-option-6e-75-6d-62-65-72-3a-35-33-30" class="aheart-select__option" role="option" aria-selected="false"><span class="aheart-select__option-content">Item 530</span>
        <!--v-if-->
      </div>
      <div id="aheart-select-v-0-listbox-option-6e-75-6d-62-65-72-3a-35-33-31" class="aheart-select__option" role="option" aria-selected="false"><span class="aheart-select__option-content">Item 531</span>
        <!--v-if-->
      </div>
      <div id="aheart-select-v-0-listbox-option-6e-75-6d-62-65-72-3a-35-33-32" class="aheart-select__option" role="option" aria-selected="false"><span class="aheart-select__option-content">Item 532</span>
        <!--v-if-->
      </div>
      <div id="aheart-select-v-0-listbox-option-6e-75-6d-62-65-72-3a-35-33-33" class="aheart-select__option" role="option" aria-selected="false"><span class="aheart-select__option-content">Item 533</span>
        <!--v-if-->
      </div>
      <div id="aheart-select-v-0-listbox-option-6e-75-6d-62-65-72-3a-35-33-34" class="aheart-select__option" role="option" aria-selected="false"><span class="aheart-select__option-content">Item 534</span>
        <!--v-if-->
      </div>
      <div id="aheart-select-v-0-listbox-option-6e-75-6d-62-65-72-3a-35-33-35" class="aheart-select__option" role="option" aria-selected="false"><span class="aheart-select__option-content">Item 535</span>
        <!--v-if-->
      </div>
      <div id="aheart-select-v-0-listbox-option-6e-75-6d-62-65-72-3a-35-33-36" class="aheart-select__option" role="option" aria-selected="false"><span class="aheart-select__option-content">Item 536</span>
        <!--v-if-->
      </div>
      <div id="aheart-select-v-0-listbox-option-6e-75-6d-62-65-72-3a-35-33-37" class="aheart-select__option" role="option" aria-selected="false"><span class="aheart-select__option-content">Item 537</span>
        <!--v-if-->
      </div>
      <div id="aheart-select-v-0-listbox-option-6e-75-6d-62-65-72-3a-35-33-38" class="aheart-select__option" role="option" aria-selected="false"><span class="aheart-select__option-content">Item 538</span>
        <!--v-if-->
      </div>
      <div id="aheart-select-v-0-listbox-option-6e-75-6d-62-65-72-3a-35-33-39" class="aheart-select__option" role="option" aria-selected="false"><span class="aheart-select__option-content">Item 539</span>
        <!--v-if-->
      </div>
      <div id="aheart-select-v-0-listbox-option-6e-75-6d-62-65-72-3a-35-34-30" class="aheart-select__option" role="option" aria-selected="false"><span class="aheart-select__option-content">Item 540</span>
        <!--v-if-->
      </div>
      <div id="aheart-select-v-0-listbox-option-6e-75-6d-62-65-72-3a-35-34-31" class="aheart-select__option" role="option" aria-selected="false"><span class="aheart-select__option-content">Item 541</span>
        <!--v-if-->
      </div>
      <div id="aheart-select-v-0-listbox-option-6e-75-6d-62-65-72-3a-35-34-32" class="aheart-select__option" role="option" aria-selected="false"><span class="aheart-select__option-content">Item 542</span>
        <!--v-if-->
      </div>
      <div id="aheart-select-v-0-listbox-option-6e-75-6d-62-65-72-3a-35-34-33" class="aheart-select__option" role="option" aria-selected="false"><span class="aheart-select__option-content">Item 543</span>
        <!--v-if-->
      </div>
      <div id="aheart-select-v-0-listbox-option-6e-75-6d-62-65-72-3a-35-34-34" class="aheart-select__option" role="option" aria-selected="false"><span class="aheart-select__option-content">Item 544</span>
        <!--v-if-->
      </div>
      <div id="aheart-select-v-0-listbox-option-6e-75-6d-62-65-72-3a-35-34-35" class="aheart-select__option" role="option" aria-selected="false"><span class="aheart-select__option-content">Item 545</span>
        <!--v-if-->
      </div>
      <div id="aheart-select-v-0-listbox-option-6e-75-6d-62-65-72-3a-35-34-36" class="aheart-select__option" role="option" aria-selected="false"><span class="aheart-select__option-content">Item 546</span>
        <!--v-if-->
      </div>
      <div id="aheart-select-v-0-listbox-option-6e-75-6d-62-65-72-3a-35-34-37" class="aheart-select__option" role="option" aria-selected="false"><span class="aheart-select__option-content">Item 547</span>
        <!--v-if-->
      </div>
      <div id="aheart-select-v-0-listbox-option-6e-75-6d-62-65-72-3a-35-34-38" class="aheart-select__option" role="option" aria-selected="false"><span class="aheart-select__option-content">Item 548</span>
        <!--v-if-->
      </div>
      <div id="aheart-select-v-0-listbox-option-6e-75-6d-62-65-72-3a-35-34-39" class="aheart-select__option" role="option" aria-selected="false"><span class="aheart-select__option-content">Item 549</span>
        <!--v-if-->
      </div>
      <div id="aheart-select-v-0-listbox-option-6e-75-6d-62-65-72-3a-35-35-30" class="aheart-select__option" role="option" aria-selected="false"><span class="aheart-select__option-content">Item 550</span>
        <!--v-if-->
      </div>
      <div id="aheart-select-v-0-listbox-option-6e-75-6d-62-65-72-3a-35-35-31" class="aheart-select__option" role="option" aria-selected="false"><span class="aheart-select__option-content">Item 551</span>
        <!--v-if-->
      </div>
      <div id="aheart-select-v-0-listbox-option-6e-75-6d-62-65-72-3a-35-35-32" class="aheart-select__option" role="option" aria-selected="false"><span class="aheart-select__option-content">Item 552</span>
        <!--v-if-->
      </div>
      <div id="aheart-select-v-0-listbox-option-6e-75-6d-62-65-72-3a-35-35-33" class="aheart-select__option" role="option" aria-selected="false"><span class="aheart-select__option-content">Item 553</span>
        <!--v-if-->
      </div>
      <div id="aheart-select-v-0-listbox-option-6e-75-6d-62-65-72-3a-35-35-34" class="aheart-select__option" role="option" aria-selected="false"><span class="aheart-select__option-content">Item 554</span>
        <!--v-if-->
      </div>
      <div id="aheart-select-v-0-listbox-option-6e-75-6d-62-65-72-3a-35-35-35" class="aheart-select__option" role="option" aria-selected="false"><span class="aheart-select__option-content">Item 555</span>
        <!--v-if-->
      </div>
      <div id="aheart-select-v-0-listbox-option-6e-75-6d-62-65-72-3a-35-35-36" class="aheart-select__option" role="option" aria-selected="false"><span class="aheart-select__option-content">Item 556</span>
        <!--v-if-->
      </div>
      <div id="aheart-select-v-0-listbox-option-6e-75-6d-62-65-72-3a-35-35-37" class="aheart-select__option" role="option" aria-selected="false"><span class="aheart-select__option-content">Item 557</span>
        <!--v-if-->
      </div>
      <div id="aheart-select-v-0-listbox-option-6e-75-6d-62-65-72-3a-35-35-38" class="aheart-select__option" role="option" aria-selected="false"><span class="aheart-select__option-content">Item 558</span>
        <!--v-if-->
      </div>
      <div id="aheart-select-v-0-listbox-option-6e-75-6d-62-65-72-3a-35-35-39" class="aheart-select__option" role="option" aria-selected="false"><span class="aheart-select__option-content">Item 559</span>
        <!--v-if-->
      </div>
      <div id="aheart-select-v-0-listbox-option-6e-75-6d-62-65-72-3a-35-36-30" class="aheart-select__option" role="option" aria-selected="false"><span class="aheart-select__option-content">Item 560</span>
        <!--v-if-->
      </div>
      <div id="aheart-select-v-0-listbox-option-6e-75-6d-62-65-72-3a-35-36-31" class="aheart-select__option" role="option" aria-selected="false"><span class="aheart-select__option-content">Item 561</span>
        <!--v-if-->
      </div>
      <div id="aheart-select-v-0-listbox-option-6e-75-6d-62-65-72-3a-35-36-32" class="aheart-select__option" role="option" aria-selected="false"><span class="aheart-select__option-content">Item 562</span>
        <!--v-if-->
      </div>
      <div id="aheart-select-v-0-listbox-option-6e-75-6d-62-65-72-3a-35-36-33" class="aheart-select__option" role="option" aria-selected="false"><span class="aheart-select__option-content">Item 563</span>
        <!--v-if-->
      </div>
      <div id="aheart-select-v-0-listbox-option-6e-75-6d-62-65-72-3a-35-36-34" class="aheart-select__option" role="option" aria-selected="false"><span class="aheart-select__option-content">Item 564</span>
        <!--v-if-->
      </div>
      <div id="aheart-select-v-0-listbox-option-6e-75-6d-62-65-72-3a-35-36-35" class="aheart-select__option" role="option" aria-selected="false"><span class="aheart-select__option-content">Item 565</span>
        <!--v-if-->
      </div>
      <div id="aheart-select-v-0-listbox-option-6e-75-6d-62-65-72-3a-35-36-36" class="aheart-select__option" role="option" aria-selected="false"><span class="aheart-select__option-content">Item 566</span>
        <!--v-if-->
      </div>
      <div id="aheart-select-v-0-listbox-option-6e-75-6d-62-65-72-3a-35-36-37" class="aheart-select__option" role="option" aria-selected="false"><span class="aheart-select__option-content">Item 567</span>
        <!--v-if-->
      </div>
      <div id="aheart-select-v-0-listbox-option-6e-75-6d-62-65-72-3a-35-36-38" class="aheart-select__option" role="option" aria-selected="false"><span class="aheart-select__option-content">Item 568</span>
        <!--v-if-->
      </div>
      <div id="aheart-select-v-0-listbox-option-6e-75-6d-62-65-72-3a-35-36-39" class="aheart-select__option" role="option" aria-selected="false"><span class="aheart-select__option-content">Item 569</span>
        <!--v-if-->
      </div>
      <div id="aheart-select-v-0-listbox-option-6e-75-6d-62-65-72-3a-35-37-30" class="aheart-select__option" role="option" aria-selected="false"><span class="aheart-select__option-content">Item 570</span>
        <!--v-if-->
      </div>
      <div id="aheart-select-v-0-listbox-option-6e-75-6d-62-65-72-3a-35-37-31" class="aheart-select__option" role="option" aria-selected="false"><span class="aheart-select__option-content">Item 571</span>
        <!--v-if-->
      </div>
      <div id="aheart-select-v-0-listbox-option-6e-75-6d-62-65-72-3a-35-37-32" class="aheart-select__option" role="option" aria-selected="false"><span class="aheart-select__option-content">Item 572</span>
        <!--v-if-->
      </div>
      <div id="aheart-select-v-0-listbox-option-6e-75-6d-62-65-72-3a-35-37-33" class="aheart-select__option" role="option" aria-selected="false"><span class="aheart-select__option-content">Item 573</span>
        <!--v-if-->
      </div>
      <div id="aheart-select-v-0-listbox-option-6e-75-6d-62-65-72-3a-35-37-34" class="aheart-select__option" role="option" aria-selected="false"><span class="aheart-select__option-content">Item 574</span>
        <!--v-if-->
      </div>
      <div id="aheart-select-v-0-listbox-option-6e-75-6d-62-65-72-3a-35-37-35" class="aheart-select__option" role="option" aria-selected="false"><span class="aheart-select__option-content">Item 575</span>
        <!--v-if-->
      </div>
      <div id="aheart-select-v-0-listbox-option-6e-75-6d-62-65-72-3a-35-37-36" class="aheart-select__option" role="option" aria-selected="false"><span class="aheart-select__option-content">Item 576</span>
        <!--v-if-->
      </div>
      <div id="aheart-select-v-0-listbox-option-6e-75-6d-62-65-72-3a-35-37-37" class="aheart-select__option" role="option" aria-selected="false"><span class="aheart-select__option-content">Item 577</span>
        <!--v-if-->
      </div>
      <div id="aheart-select-v-0-listbox-option-6e-75-6d-62-65-72-3a-35-37-38" class="aheart-select__option" role="option" aria-selected="false"><span class="aheart-select__option-content">Item 578</span>
        <!--v-if-->
      </div>
      <div id="aheart-select-v-0-listbox-option-6e-75-6d-62-65-72-3a-35-37-39" class="aheart-select__option" role="option" aria-selected="false"><span class="aheart-select__option-content">Item 579</span>
        <!--v-if-->
      </div>
      <div id="aheart-select-v-0-listbox-option-6e-75-6d-62-65-72-3a-35-38-30" class="aheart-select__option" role="option" aria-selected="false"><span class="aheart-select__option-content">Item 580</span>
        <!--v-if-->
      </div>
      <div id="aheart-select-v-0-listbox-option-6e-75-6d-62-65-72-3a-35-38-31" class="aheart-select__option" role="option" aria-selected="false"><span class="aheart-select__option-content">Item 581</span>
        <!--v-if-->
      </div>
      <div id="aheart-select-v-0-listbox-option-6e-75-6d-62-65-72-3a-35-38-32" class="aheart-select__option" role="option" aria-selected="false"><span class="aheart-select__option-content">Item 582</span>
        <!--v-if-->
      </div>
      <div id="aheart-select-v-0-listbox-option-6e-75-6d-62-65-72-3a-35-38-33" class="aheart-select__option" role="option" aria-selected="false"><span class="aheart-select__option-content">Item 583</span>
        <!--v-if-->
      </div>
      <div id="aheart-select-v-0-listbox-option-6e-75-6d-62-65-72-3a-35-38-34" class="aheart-select__option" role="option" aria-selected="false"><span class="aheart-select__option-content">Item 584</span>
        <!--v-if-->
      </div>
      <div id="aheart-select-v-0-listbox-option-6e-75-6d-62-65-72-3a-35-38-35" class="aheart-select__option" role="option" aria-selected="false"><span class="aheart-select__option-content">Item 585</span>
        <!--v-if-->
      </div>
      <div id="aheart-select-v-0-listbox-option-6e-75-6d-62-65-72-3a-35-38-36" class="aheart-select__option" role="option" aria-selected="false"><span class="aheart-select__option-content">Item 586</span>
        <!--v-if-->
      </div>
      <div id="aheart-select-v-0-listbox-option-6e-75-6d-62-65-72-3a-35-38-37" class="aheart-select__option" role="option" aria-selected="false"><span class="aheart-select__option-content">Item 587</span>
        <!--v-if-->
      </div>
      <div id="aheart-select-v-0-listbox-option-6e-75-6d-62-65-72-3a-35-38-38" class="aheart-select__option" role="option" aria-selected="false"><span class="aheart-select__option-content">Item 588</span>
        <!--v-if-->
      </div>
      <div id="aheart-select-v-0-listbox-option-6e-75-6d-62-65-72-3a-35-38-39" class="aheart-select__option" role="option" aria-selected="false"><span class="aheart-select__option-content">Item 589</span>
        <!--v-if-->
      </div>
      <div id="aheart-select-v-0-listbox-option-6e-75-6d-62-65-72-3a-35-39-30" class="aheart-select__option" role="option" aria-selected="false"><span class="aheart-select__option-content">Item 590</span>
        <!--v-if-->
      </div>
      <div id="aheart-select-v-0-listbox-option-6e-75-6d-62-65-72-3a-35-39-31" class="aheart-select__option" role="option" aria-selected="false"><span class="aheart-select__option-content">Item 591</span>
        <!--v-if-->
      </div>
      <div id="aheart-select-v-0-listbox-option-6e-75-6d-62-65-72-3a-35-39-32" class="aheart-select__option" role="option" aria-selected="false"><span class="aheart-select__option-content">Item 592</span>
        <!--v-if-->
      </div>
      <div id="aheart-select-v-0-listbox-option-6e-75-6d-62-65-72-3a-35-39-33" class="aheart-select__option" role="option" aria-selected="false"><span class="aheart-select__option-content">Item 593</span>
        <!--v-if-->
      </div>
      <div id="aheart-select-v-0-listbox-option-6e-75-6d-62-65-72-3a-35-39-34" class="aheart-select__option" role="option" aria-selected="false"><span class="aheart-select__option-content">Item 594</span>
        <!--v-if-->
      </div>
      <div id="aheart-select-v-0-listbox-option-6e-75-6d-62-65-72-3a-35-39-35" class="aheart-select__option" role="option" aria-selected="false"><span class="aheart-select__option-content">Item 595</span>
        <!--v-if-->
      </div>
      <div id="aheart-select-v-0-listbox-option-6e-75-6d-62-65-72-3a-35-39-36" class="aheart-select__option" role="option" aria-selected="false"><span class="aheart-select__option-content">Item 596</span>
        <!--v-if-->
      </div>
      <div id="aheart-select-v-0-listbox-option-6e-75-6d-62-65-72-3a-35-39-37" class="aheart-select__option" role="option" aria-selected="false"><span class="aheart-select__option-content">Item 597</span>
        <!--v-if-->
      </div>
      <div id="aheart-select-v-0-listbox-option-6e-75-6d-62-65-72-3a-35-39-38" class="aheart-select__option" role="option" aria-selected="false"><span class="aheart-select__option-content">Item 598</span>
        <!--v-if-->
      </div>
      <div id="aheart-select-v-0-listbox-option-6e-75-6d-62-65-72-3a-35-39-39" class="aheart-select__option" role="option" aria-selected="false"><span class="aheart-select__option-content">Item 599</span>
        <!--v-if-->
      </div>
      <div id="aheart-select-v-0-listbox-option-6e-75-6d-62-65-72-3a-36-30-30" class="aheart-select__option" role="option" aria-selected="false"><span class="aheart-select__option-content">Item 600</span>
        <!--v-if-->
      </div>
      <div id="aheart-select-v-0-listbox-option-6e-75-6d-62-65-72-3a-36-30-31" class="aheart-select__option" role="option" aria-selected="false"><span class="aheart-select__option-content">Item 601</span>
        <!--v-if-->
      </div>
      <div id="aheart-select-v-0-listbox-option-6e-75-6d-62-65-72-3a-36-30-32" class="aheart-select__option" role="option" aria-selected="false"><span class="aheart-select__option-content">Item 602</span>
        <!--v-if-->
      </div>
      <div id="aheart-select-v-0-listbox-option-6e-75-6d-62-65-72-3a-36-30-33" class="aheart-select__option" role="option" aria-selected="false"><span class="aheart-select__option-content">Item 603</span>
        <!--v-if-->
      </div>
      <div id="aheart-select-v-0-listbox-option-6e-75-6d-62-65-72-3a-36-30-34" class="aheart-select__option" role="option" aria-selected="false"><span class="aheart-select__option-content">Item 604</span>
        <!--v-if-->
      </div>
      <div id="aheart-select-v-0-listbox-option-6e-75-6d-62-65-72-3a-36-30-35" class="aheart-select__option" role="option" aria-selected="false"><span class="aheart-select__option-content">Item 605</span>
        <!--v-if-->
      </div>
      <div id="aheart-select-v-0-listbox-option-6e-75-6d-62-65-72-3a-36-30-36" class="aheart-select__option" role="option" aria-selected="false"><span class="aheart-select__option-content">Item 606</span>
        <!--v-if-->
      </div>
      <div id="aheart-select-v-0-listbox-option-6e-75-6d-62-65-72-3a-36-30-37" class="aheart-select__option" role="option" aria-selected="false"><span class="aheart-select__option-content">Item 607</span>
        <!--v-if-->
      </div>
      <div id="aheart-select-v-0-listbox-option-6e-75-6d-62-65-72-3a-36-30-38" class="aheart-select__option" role="option" aria-selected="false"><span class="aheart-select__option-content">Item 608</span>
        <!--v-if-->
      </div>
      <div id="aheart-select-v-0-listbox-option-6e-75-6d-62-65-72-3a-36-30-39" class="aheart-select__option" role="option" aria-selected="false"><span class="aheart-select__option-content">Item 609</span>
        <!--v-if-->
      </div>
      <div id="aheart-select-v-0-listbox-option-6e-75-6d-62-65-72-3a-36-31-30" class="aheart-select__option" role="option" aria-selected="false"><span class="aheart-select__option-content">Item 610</span>
        <!--v-if-->
      </div>
      <div id="aheart-select-v-0-listbox-option-6e-75-6d-62-65-72-3a-36-31-31" class="aheart-select__option" role="option" aria-selected="false"><span class="aheart-select__option-content">Item 611</span>
        <!--v-if-->
      </div>
      <div id="aheart-select-v-0-listbox-option-6e-75-6d-62-65-72-3a-36-31-32" class="aheart-select__option" role="option" aria-selected="false"><span class="aheart-select__option-content">Item 612</span>
        <!--v-if-->
      </div>
      <div id="aheart-select-v-0-listbox-option-6e-75-6d-62-65-72-3a-36-31-33" class="aheart-select__option" role="option" aria-selected="false"><span class="aheart-select__option-content">Item 613</span>
        <!--v-if-->
      </div>
      <div id="aheart-select-v-0-listbox-option-6e-75-6d-62-65-72-3a-36-31-34" class="aheart-select__option" role="option" aria-selected="false"><span class="aheart-select__option-content">Item 614</span>
        <!--v-if-->
      </div>
      <div id="aheart-select-v-0-listbox-option-6e-75-6d-62-65-72-3a-36-31-35" class="aheart-select__option" role="option" aria-selected="false"><span class="aheart-select__option-content">Item 615</span>
        <!--v-if-->
      </div>
      <div id="aheart-select-v-0-listbox-option-6e-75-6d-62-65-72-3a-36-31-36" class="aheart-select__option" role="option" aria-selected="false"><span class="aheart-select__option-content">Item 616</span>
        <!--v-if-->
      </div>
      <div id="aheart-select-v-0-listbox-option-6e-75-6d-62-65-72-3a-36-31-37" class="aheart-select__option" role="option" aria-selected="false"><span class="aheart-select__option-content">Item 617</span>
        <!--v-if-->
      </div>
      <div id="aheart-select-v-0-listbox-option-6e-75-6d-62-65-72-3a-36-31-38" class="aheart-select__option" role="option" aria-selected="false"><span class="aheart-select__option-content">Item 618</span>
        <!--v-if-->
      </div>
      <div id="aheart-select-v-0-listbox-option-6e-75-6d-62-65-72-3a-36-31-39" class="aheart-select__option" role="option" aria-selected="false"><span class="aheart-select__option-content">Item 619</span>
        <!--v-if-->
      </div>
      <div id="aheart-select-v-0-listbox-option-6e-75-6d-62-65-72-3a-36-32-30" class="aheart-select__option" role="option" aria-selected="false"><span class="aheart-select__option-content">Item 620</span>
        <!--v-if-->
      </div>
      <div id="aheart-select-v-0-listbox-option-6e-75-6d-62-65-72-3a-36-32-31" class="aheart-select__option" role="option" aria-selected="false"><span class="aheart-select__option-content">Item 621</span>
        <!--v-if-->
      </div>
      <div id="aheart-select-v-0-listbox-option-6e-75-6d-62-65-72-3a-36-32-32" class="aheart-select__option" role="option" aria-selected="false"><span class="aheart-select__option-content">Item 622</span>
        <!--v-if-->
      </div>
      <div id="aheart-select-v-0-listbox-option-6e-75-6d-62-65-72-3a-36-32-33" class="aheart-select__option" role="option" aria-selected="false"><span class="aheart-select__option-content">Item 623</span>
        <!--v-if-->
      </div>
      <div id="aheart-select-v-0-listbox-option-6e-75-6d-62-65-72-3a-36-32-34" class="aheart-select__option" role="option" aria-selected="false"><span class="aheart-select__option-content">Item 624</span>
        <!--v-if-->
      </div>
      <div id="aheart-select-v-0-listbox-option-6e-75-6d-62-65-72-3a-36-32-35" class="aheart-select__option" role="option" aria-selected="false"><span class="aheart-select__option-content">Item 625</span>
        <!--v-if-->
      </div>
      <div id="aheart-select-v-0-listbox-option-6e-75-6d-62-65-72-3a-36-32-36" class="aheart-select__option" role="option" aria-selected="false"><span class="aheart-select__option-content">Item 626</span>
        <!--v-if-->
      </div>
      <div id="aheart-select-v-0-listbox-option-6e-75-6d-62-65-72-3a-36-32-37" class="aheart-select__option" role="option" aria-selected="false"><span class="aheart-select__option-content">Item 627</span>
        <!--v-if-->
      </div>
      <div id="aheart-select-v-0-listbox-option-6e-75-6d-62-65-72-3a-36-32-38" class="aheart-select__option" role="option" aria-selected="false"><span class="aheart-select__option-content">Item 628</span>
        <!--v-if-->
      </div>
      <div id="aheart-select-v-0-listbox-option-6e-75-6d-62-65-72-3a-36-32-39" class="aheart-select__option" role="option" aria-selected="false"><span class="aheart-select__option-content">Item 629</span>
        <!--v-if-->
      </div>
      <div id="aheart-select-v-0-listbox-option-6e-75-6d-62-65-72-3a-36-33-30" class="aheart-select__option" role="option" aria-selected="false"><span class="aheart-select__option-content">Item 630</span>
        <!--v-if-->
      </div>
      <div id="aheart-select-v-0-listbox-option-6e-75-6d-62-65-72-3a-36-33-31" class="aheart-select__option" role="option" aria-selected="false"><span class="aheart-select__option-content">Item 631</span>
        <!--v-if-->
      </div>
      <div id="aheart-select-v-0-listbox-option-6e-75-6d-62-65-72-3a-36-33-32" class="aheart-select__option" role="option" aria-selected="false"><span class="aheart-select__option-content">Item 632</span>
        <!--v-if-->
      </div>
      <div id="aheart-select-v-0-listbox-option-6e-75-6d-62-65-72-3a-36-33-33" class="aheart-select__option" role="option" aria-selected="false"><span class="aheart-select__option-content">Item 633</span>
        <!--v-if-->
      </div>
      <div id="aheart-select-v-0-listbox-option-6e-75-6d-62-65-72-3a-36-33-34" class="aheart-select__option" role="option" aria-selected="false"><span class="aheart-select__option-content">Item 634</span>
        <!--v-if-->
      </div>
      <div id="aheart-select-v-0-listbox-option-6e-75-6d-62-65-72-3a-36-33-35" class="aheart-select__option" role="option" aria-selected="false"><span class="aheart-select__option-content">Item 635</span>
        <!--v-if-->
      </div>
      <div id="aheart-select-v-0-listbox-option-6e-75-6d-62-65-72-3a-36-33-36" class="aheart-select__option" role="option" aria-selected="false"><span class="aheart-select__option-content">Item 636</span>
        <!--v-if-->
      </div>
      <div id="aheart-select-v-0-listbox-option-6e-75-6d-62-65-72-3a-36-33-37" class="aheart-select__option" role="option" aria-selected="false"><span class="aheart-select__option-content">Item 637</span>
        <!--v-if-->
      </div>
      <div id="aheart-select-v-0-listbox-option-6e-75-6d-62-65-72-3a-36-33-38" class="aheart-select__option" role="option" aria-selected="false"><span class="aheart-select__option-content">Item 638</span>
        <!--v-if-->
      </div>
      <div id="aheart-select-v-0-listbox-option-6e-75-6d-62-65-72-3a-36-33-39" class="aheart-select__option" role="option" aria-selected="false"><span class="aheart-select__option-content">Item 639</span>
        <!--v-if-->
      </div>
      <div id="aheart-select-v-0-listbox-option-6e-75-6d-62-65-72-3a-36-34-30" class="aheart-select__option" role="option" aria-selected="false"><span class="aheart-select__option-content">Item 640</span>
        <!--v-if-->
      </div>
      <div id="aheart-select-v-0-listbox-option-6e-75-6d-62-65-72-3a-36-34-31" class="aheart-select__option" role="option" aria-selected="false"><span class="aheart-select__option-content">Item 641</span>
        <!--v-if-->
      </div>
      <div id="aheart-select-v-0-listbox-option-6e-75-6d-62-65-72-3a-36-34-32" class="aheart-select__option" role="option" aria-selected="false"><span class="aheart-select__option-content">Item 642</span>
        <!--v-if-->
      </div>
      <div id="aheart-select-v-0-listbox-option-6e-75-6d-62-65-72-3a-36-34-33" class="aheart-select__option" role="option" aria-selected="false"><span class="aheart-select__option-content">Item 643</span>
        <!--v-if-->
      </div>
      <div id="aheart-select-v-0-listbox-option-6e-75-6d-62-65-72-3a-36-34-34" class="aheart-select__option" role="option" aria-selected="false"><span class="aheart-select__option-content">Item 644</span>
        <!--v-if-->
      </div>
      <div id="aheart-select-v-0-listbox-option-6e-75-6d-62-65-72-3a-36-34-35" class="aheart-select__option" role="option" aria-selected="false"><span class="aheart-select__option-content">Item 645</span>
        <!--v-if-->
      </div>
      <div id="aheart-select-v-0-listbox-option-6e-75-6d-62-65-72-3a-36-34-36" class="aheart-select__option" role="option" aria-selected="false"><span class="aheart-select__option-content">Item 646</span>
        <!--v-if-->
      </div>
      <div id="aheart-select-v-0-listbox-option-6e-75-6d-62-65-72-3a-36-34-37" class="aheart-select__option" role="option" aria-selected="false"><span class="aheart-select__option-content">Item 647</span>
        <!--v-if-->
      </div>
      <div id="aheart-select-v-0-listbox-option-6e-75-6d-62-65-72-3a-36-34-38" class="aheart-select__option" role="option" aria-selected="false"><span class="aheart-select__option-content">Item 648</span>
        <!--v-if-->
      </div>
      <div id="aheart-select-v-0-listbox-option-6e-75-6d-62-65-72-3a-36-34-39" class="aheart-select__option" role="option" aria-selected="false"><span class="aheart-select__option-content">Item 649</span>
        <!--v-if-->
      </div>
      <div id="aheart-select-v-0-listbox-option-6e-75-6d-62-65-72-3a-36-35-30" class="aheart-select__option" role="option" aria-selected="false"><span class="aheart-select__option-content">Item 650</span>
        <!--v-if-->
      </div>
      <div id="aheart-select-v-0-listbox-option-6e-75-6d-62-65-72-3a-36-35-31" class="aheart-select__option" role="option" aria-selected="false"><span class="aheart-select__option-content">Item 651</span>
        <!--v-if-->
      </div>
      <div id="aheart-select-v-0-listbox-option-6e-75-6d-62-65-72-3a-36-35-32" class="aheart-select__option" role="option" aria-selected="false"><span class="aheart-select__option-content">Item 652</span>
        <!--v-if-->
      </div>
      <div id="aheart-select-v-0-listbox-option-6e-75-6d-62-65-72-3a-36-35-33" class="aheart-select__option" role="option" aria-selected="false"><span class="aheart-select__option-content">Item 653</span>
        <!--v-if-->
      </div>
      <div id="aheart-select-v-0-listbox-option-6e-75-6d-62-65-72-3a-36-35-34" class="aheart-select__option" role="option" aria-selected="false"><span class="aheart-select__option-content">Item 654</span>
        <!--v-if-->
      </div>
      <div id="aheart-select-v-0-listbox-option-6e-75-6d-62-65-72-3a-36-35-35" class="aheart-select__option" role="option" aria-selected="false"><span class="aheart-select__option-content">Item 655</span>
        <!--v-if-->
      </div>
      <div id="aheart-select-v-0-listbox-option-6e-75-6d-62-65-72-3a-36-35-36" class="aheart-select__option" role="option" aria-selected="false"><span class="aheart-select__option-content">Item 656</span>
        <!--v-if-->
      </div>
      <div id="aheart-select-v-0-listbox-option-6e-75-6d-62-65-72-3a-36-35-37" class="aheart-select__option" role="option" aria-selected="false"><span class="aheart-select__option-content">Item 657</span>
        <!--v-if-->
      </div>
      <div id="aheart-select-v-0-listbox-option-6e-75-6d-62-65-72-3a-36-35-38" class="aheart-select__option" role="option" aria-selected="false"><span class="aheart-select__option-content">Item 658</span>
        <!--v-if-->
      </div>
      <div id="aheart-select-v-0-listbox-option-6e-75-6d-62-65-72-3a-36-35-39" class="aheart-select__option" role="option" aria-selected="false"><span class="aheart-select__option-content">Item 659</span>
        <!--v-if-->
      </div>
      <div id="aheart-select-v-0-listbox-option-6e-75-6d-62-65-72-3a-36-36-30" class="aheart-select__option" role="option" aria-selected="false"><span class="aheart-select__option-content">Item 660</span>
        <!--v-if-->
      </div>
      <div id="aheart-select-v-0-listbox-option-6e-75-6d-62-65-72-3a-36-36-31" class="aheart-select__option" role="option" aria-selected="false"><span class="aheart-select__option-content">Item 661</span>
        <!--v-if-->
      </div>
      <div id="aheart-select-v-0-listbox-option-6e-75-6d-62-65-72-3a-36-36-32" class="aheart-select__option" role="option" aria-selected="false"><span class="aheart-select__option-content">Item 662</span>
        <!--v-if-->
      </div>
      <div id="aheart-select-v-0-listbox-option-6e-75-6d-62-65-72-3a-36-36-33" class="aheart-select__option" role="option" aria-selected="false"><span class="aheart-select__option-content">Item 663</span>
        <!--v-if-->
      </div>
      <div id="aheart-select-v-0-listbox-option-6e-75-6d-62-65-72-3a-36-36-34" class="aheart-select__option" role="option" aria-selected="false"><span class="aheart-select__option-content">Item 664</span>
        <!--v-if-->
      </div>
      <div id="aheart-select-v-0-listbox-option-6e-75-6d-62-65-72-3a-36-36-35" class="aheart-select__option" role="option" aria-selected="false"><span class="aheart-select__option-content">Item 665</span>
        <!--v-if-->
      </div>
      <div id="aheart-select-v-0-listbox-option-6e-75-6d-62-65-72-3a-36-36-36" class="aheart-select__option" role="option" aria-selected="false"><span class="aheart-select__option-content">Item 666</span>
        <!--v-if-->
      </div>
      <div id="aheart-select-v-0-listbox-option-6e-75-6d-62-65-72-3a-36-36-37" class="aheart-select__option" role="option" aria-selected="false"><span class="aheart-select__option-content">Item 667</span>
        <!--v-if-->
      </div>
      <div id="aheart-select-v-0-listbox-option-6e-75-6d-62-65-72-3a-36-36-38" class="aheart-select__option" role="option" aria-selected="false"><span class="aheart-select__option-content">Item 668</span>
        <!--v-if-->
      </div>
      <div id="aheart-select-v-0-listbox-option-6e-75-6d-62-65-72-3a-36-36-39" class="aheart-select__option" role="option" aria-selected="false"><span class="aheart-select__option-content">Item 669</span>
        <!--v-if-->
      </div>
      <div id="aheart-select-v-0-listbox-option-6e-75-6d-62-65-72-3a-36-37-30" class="aheart-select__option" role="option" aria-selected="false"><span class="aheart-select__option-content">Item 670</span>
        <!--v-if-->
      </div>
      <div id="aheart-select-v-0-listbox-option-6e-75-6d-62-65-72-3a-36-37-31" class="aheart-select__option" role="option" aria-selected="false"><span class="aheart-select__option-content">Item 671</span>
        <!--v-if-->
      </div>
      <div id="aheart-select-v-0-listbox-option-6e-75-6d-62-65-72-3a-36-37-32" class="aheart-select__option" role="option" aria-selected="false"><span class="aheart-select__option-content">Item 672</span>
        <!--v-if-->
      </div>
      <div id="aheart-select-v-0-listbox-option-6e-75-6d-62-65-72-3a-36-37-33" class="aheart-select__option" role="option" aria-selected="false"><span class="aheart-select__option-content">Item 673</span>
        <!--v-if-->
      </div>
      <div id="aheart-select-v-0-listbox-option-6e-75-6d-62-65-72-3a-36-37-34" class="aheart-select__option" role="option" aria-selected="false"><span class="aheart-select__option-content">Item 674</span>
        <!--v-if-->
      </div>
      <div id="aheart-select-v-0-listbox-option-6e-75-6d-62-65-72-3a-36-37-35" class="aheart-select__option" role="option" aria-selected="false"><span class="aheart-select__option-content">Item 675</span>
        <!--v-if-->
      </div>
      <div id="aheart-select-v-0-listbox-option-6e-75-6d-62-65-72-3a-36-37-36" class="aheart-select__option" role="option" aria-selected="false"><span class="aheart-select__option-content">Item 676</span>
        <!--v-if-->
      </div>
      <div id="aheart-select-v-0-listbox-option-6e-75-6d-62-65-72-3a-36-37-37" class="aheart-select__option" role="option" aria-selected="false"><span class="aheart-select__option-content">Item 677</span>
        <!--v-if-->
      </div>
      <div id="aheart-select-v-0-listbox-option-6e-75-6d-62-65-72-3a-36-37-38" class="aheart-select__option" role="option" aria-selected="false"><span class="aheart-select__option-content">Item 678</span>
        <!--v-if-->
      </div>
      <div id="aheart-select-v-0-listbox-option-6e-75-6d-62-65-72-3a-36-37-39" class="aheart-select__option" role="option" aria-selected="false"><span class="aheart-select__option-content">Item 679</span>
        <!--v-if-->
      </div>
      <div id="aheart-select-v-0-listbox-option-6e-75-6d-62-65-72-3a-36-38-30" class="aheart-select__option" role="option" aria-selected="false"><span class="aheart-select__option-content">Item 680</span>
        <!--v-if-->
      </div>
      <div id="aheart-select-v-0-listbox-option-6e-75-6d-62-65-72-3a-36-38-31" class="aheart-select__option" role="option" aria-selected="false"><span class="aheart-select__option-content">Item 681</span>
        <!--v-if-->
      </div>
      <div id="aheart-select-v-0-listbox-option-6e-75-6d-62-65-72-3a-36-38-32" class="aheart-select__option" role="option" aria-selected="false"><span class="aheart-select__option-content">Item 682</span>
        <!--v-if-->
      </div>
      <div id="aheart-select-v-0-listbox-option-6e-75-6d-62-65-72-3a-36-38-33" class="aheart-select__option" role="option" aria-selected="false"><span class="aheart-select__option-content">Item 683</span>
        <!--v-if-->
      </div>
      <div id="aheart-select-v-0-listbox-option-6e-75-6d-62-65-72-3a-36-38-34" class="aheart-select__option" role="option" aria-selected="false"><span class="aheart-select__option-content">Item 684</span>
        <!--v-if-->
      </div>
      <div id="aheart-select-v-0-listbox-option-6e-75-6d-62-65-72-3a-36-38-35" class="aheart-select__option" role="option" aria-selected="false"><span class="aheart-select__option-content">Item 685</span>
        <!--v-if-->
      </div>
      <div id="aheart-select-v-0-listbox-option-6e-75-6d-62-65-72-3a-36-38-36" class="aheart-select__option" role="option" aria-selected="false"><span class="aheart-select__option-content">Item 686</span>
        <!--v-if-->
      </div>
      <div id="aheart-select-v-0-listbox-option-6e-75-6d-62-65-72-3a-36-38-37" class="aheart-select__option" role="option" aria-selected="false"><span class="aheart-select__option-content">Item 687</span>
        <!--v-if-->
      </div>
      <div id="aheart-select-v-0-listbox-option-6e-75-6d-62-65-72-3a-36-38-38" class="aheart-select__option" role="option" aria-selected="false"><span class="aheart-select__option-content">Item 688</span>
        <!--v-if-->
      </div>
      <div id="aheart-select-v-0-listbox-option-6e-75-6d-62-65-72-3a-36-38-39" class="aheart-select__option" role="option" aria-selected="false"><span class="aheart-select__option-content">Item 689</span>
        <!--v-if-->
      </div>
      <div id="aheart-select-v-0-listbox-option-6e-75-6d-62-65-72-3a-36-39-30" class="aheart-select__option" role="option" aria-selected="false"><span class="aheart-select__option-content">Item 690</span>
        <!--v-if-->
      </div>
      <div id="aheart-select-v-0-listbox-option-6e-75-6d-62-65-72-3a-36-39-31" class="aheart-select__option" role="option" aria-selected="false"><span class="aheart-select__option-content">Item 691</span>
        <!--v-if-->
      </div>
      <div id="aheart-select-v-0-listbox-option-6e-75-6d-62-65-72-3a-36-39-32" class="aheart-select__option" role="option" aria-selected="false"><span class="aheart-select__option-content">Item 692</span>
        <!--v-if-->
      </div>
      <div id="aheart-select-v-0-listbox-option-6e-75-6d-62-65-72-3a-36-39-33" class="aheart-select__option" role="option" aria-selected="false"><span class="aheart-select__option-content">Item 693</span>
        <!--v-if-->
      </div>
      <div id="aheart-select-v-0-listbox-option-6e-75-6d-62-65-72-3a-36-39-34" class="aheart-select__option" role="option" aria-selected="false"><span class="aheart-select__option-content">Item 694</span>
        <!--v-if-->
      </div>
      <div id="aheart-select-v-0-listbox-option-6e-75-6d-62-65-72-3a-36-39-35" class="aheart-select__option" role="option" aria-selected="false"><span class="aheart-select__option-content">Item 695</span>
        <!--v-if-->
      </div>
      <div id="aheart-select-v-0-listbox-option-6e-75-6d-62-65-72-3a-36-39-36" class="aheart-select__option" role="option" aria-selected="false"><span class="aheart-select__option-content">Item 696</span>
        <!--v-if-->
      </div>
      <div id="aheart-select-v-0-listbox-option-6e-75-6d-62-65-72-3a-36-39-37" class="aheart-select__option" role="option" aria-selected="false"><span class="aheart-select__option-content">Item 697</span>
        <!--v-if-->
      </div>
      <div id="aheart-select-v-0-listbox-option-6e-75-6d-62-65-72-3a-36-39-38" class="aheart-select__option" role="option" aria-selected="false"><span class="aheart-select__option-content">Item 698</span>
        <!--v-if-->
      </div>
      <div id="aheart-select-v-0-listbox-option-6e-75-6d-62-65-72-3a-36-39-39" class="aheart-select__option" role="option" aria-selected="false"><span class="aheart-select__option-content">Item 699</span>
        <!--v-if-->
      </div>
      <div id="aheart-select-v-0-listbox-option-6e-75-6d-62-65-72-3a-37-30-30" class="aheart-select__option" role="option" aria-selected="false"><span class="aheart-select__option-content">Item 700</span>
        <!--v-if-->
      </div>
      <div id="aheart-select-v-0-listbox-option-6e-75-6d-62-65-72-3a-37-30-31" class="aheart-select__option" role="option" aria-selected="false"><span class="aheart-select__option-content">Item 701</span>
        <!--v-if-->
      </div>
      <div id="aheart-select-v-0-listbox-option-6e-75-6d-62-65-72-3a-37-30-32" class="aheart-select__option" role="option" aria-selected="false"><span class="aheart-select__option-content">Item 702</span>
        <!--v-if-->
      </div>
      <div id="aheart-select-v-0-listbox-option-6e-75-6d-62-65-72-3a-37-30-33" class="aheart-select__option" role="option" aria-selected="false"><span class="aheart-select__option-content">Item 703</span>
        <!--v-if-->
      </div>
      <div id="aheart-select-v-0-listbox-option-6e-75-6d-62-65-72-3a-37-30-34" class="aheart-select__option" role="option" aria-selected="false"><span class="aheart-select__option-content">Item 704</span>
        <!--v-if-->
      </div>
      <div id="aheart-select-v-0-listbox-option-6e-75-6d-62-65-72-3a-37-30-35" class="aheart-select__option" role="option" aria-selected="false"><span class="aheart-select__option-content">Item 705</span>
        <!--v-if-->
      </div>
      <div id="aheart-select-v-0-listbox-option-6e-75-6d-62-65-72-3a-37-30-36" class="aheart-select__option" role="option" aria-selected="false"><span class="aheart-select__option-content">Item 706</span>
        <!--v-if-->
      </div>
      <div id="aheart-select-v-0-listbox-option-6e-75-6d-62-65-72-3a-37-30-37" class="aheart-select__option" role="option" aria-selected="false"><span class="aheart-select__option-content">Item 707</span>
        <!--v-if-->
      </div>
      <div id="aheart-select-v-0-listbox-option-6e-75-6d-62-65-72-3a-37-30-38" class="aheart-select__option" role="option" aria-selected="false"><span class="aheart-select__option-content">Item 708</span>
        <!--v-if-->
      </div>
      <div id="aheart-select-v-0-listbox-option-6e-75-6d-62-65-72-3a-37-30-39" class="aheart-select__option" role="option" aria-selected="false"><span class="aheart-select__option-content">Item 709</span>
        <!--v-if-->
      </div>
      <div id="aheart-select-v-0-listbox-option-6e-75-6d-62-65-72-3a-37-31-30" class="aheart-select__option" role="option" aria-selected="false"><span class="aheart-select__option-content">Item 710</span>
        <!--v-if-->
      </div>
      <div id="aheart-select-v-0-listbox-option-6e-75-6d-62-65-72-3a-37-31-31" class="aheart-select__option" role="option" aria-selected="false"><span class="aheart-select__option-content">Item 711</span>
        <!--v-if-->
      </div>
      <div id="aheart-select-v-0-listbox-option-6e-75-6d-62-65-72-3a-37-31-32" class="aheart-select__option" role="option" aria-selected="false"><span class="aheart-select__option-content">Item 712</span>
        <!--v-if-->
      </div>
      <div id="aheart-select-v-0-listbox-option-6e-75-6d-62-65-72-3a-37-31-33" class="aheart-select__option" role="option" aria-selected="false"><span class="aheart-select__option-content">Item 713</span>
        <!--v-if-->
      </div>
      <div id="aheart-select-v-0-listbox-option-6e-75-6d-62-65-72-3a-37-31-34" class="aheart-select__option" role="option" aria-selected="false"><span class="aheart-select__option-content">Item 714</span>
        <!--v-if-->
      </div>
      <div id="aheart-select-v-0-listbox-option-6e-75-6d-62-65-72-3a-37-31-35" class="aheart-select__option" role="option" aria-selected="false"><span class="aheart-select__option-content">Item 715</span>
        <!--v-if-->
      </div>
      <div id="aheart-select-v-0-listbox-option-6e-75-6d-62-65-72-3a-37-31-36" class="aheart-select__option" role="option" aria-selected="false"><span class="aheart-select__option-content">Item 716</span>
        <!--v-if-->
      </div>
      <div id="aheart-select-v-0-listbox-option-6e-75-6d-62-65-72-3a-37-31-37" class="aheart-select__option" role="option" aria-selected="false"><span class="aheart-select__option-content">Item 717</span>
        <!--v-if-->
      </div>
      <div id="aheart-select-v-0-listbox-option-6e-75-6d-62-65-72-3a-37-31-38" class="aheart-select__option" role="option" aria-selected="false"><span class="aheart-select__option-content">Item 718</span>
        <!--v-if-->
      </div>
      <div id="aheart-select-v-0-listbox-option-6e-75-6d-62-65-72-3a-37-31-39" class="aheart-select__option" role="option" aria-selected="false"><span class="aheart-select__option-content">Item 719</span>
        <!--v-if-->
      </div>
      <div id="aheart-select-v-0-listbox-option-6e-75-6d-62-65-72-3a-37-32-30" class="aheart-select__option" role="option" aria-selected="false"><span class="aheart-select__option-content">Item 720</span>
        <!--v-if-->
      </div>
      <div id="aheart-select-v-0-listbox-option-6e-75-6d-62-65-72-3a-37-32-31" class="aheart-select__option" role="option" aria-selected="false"><span class="aheart-select__option-content">Item 721</span>
        <!--v-if-->
      </div>
      <div id="aheart-select-v-0-listbox-option-6e-75-6d-62-65-72-3a-37-32-32" class="aheart-select__option" role="option" aria-selected="false"><span class="aheart-select__option-content">Item 722</span>
        <!--v-if-->
      </div>
      <div id="aheart-select-v-0-listbox-option-6e-75-6d-62-65-72-3a-37-32-33" class="aheart-select__option" role="option" aria-selected="false"><span class="aheart-select__option-content">Item 723</span>
        <!--v-if-->
      </div>
      <div id="aheart-select-v-0-listbox-option-6e-75-6d-62-65-72-3a-37-32-34" class="aheart-select__option" role="option" aria-selected="false"><span class="aheart-select__option-content">Item 724</span>
        <!--v-if-->
      </div>
      <div id="aheart-select-v-0-listbox-option-6e-75-6d-62-65-72-3a-37-32-35" class="aheart-select__option" role="option" aria-selected="false"><span class="aheart-select__option-content">Item 725</span>
        <!--v-if-->
      </div>
      <div id="aheart-select-v-0-listbox-option-6e-75-6d-62-65-72-3a-37-32-36" class="aheart-select__option" role="option" aria-selected="false"><span class="aheart-select__option-content">Item 726</span>
        <!--v-if-->
      </div>
      <div id="aheart-select-v-0-listbox-option-6e-75-6d-62-65-72-3a-37-32-37" class="aheart-select__option" role="option" aria-selected="false"><span class="aheart-select__option-content">Item 727</span>
        <!--v-if-->
      </div>
      <div id="aheart-select-v-0-listbox-option-6e-75-6d-62-65-72-3a-37-32-38" class="aheart-select__option" role="option" aria-selected="false"><span class="aheart-select__option-content">Item 728</span>
        <!--v-if-->
      </div>
      <div id="aheart-select-v-0-listbox-option-6e-75-6d-62-65-72-3a-37-32-39" class="aheart-select__option" role="option" aria-selected="false"><span class="aheart-select__option-content">Item 729</span>
        <!--v-if-->
      </div>
      <div id="aheart-select-v-0-listbox-option-6e-75-6d-62-65-72-3a-37-33-30" class="aheart-select__option" role="option" aria-selected="false"><span class="aheart-select__option-content">Item 730</span>
        <!--v-if-->
      </div>
      <div id="aheart-select-v-0-listbox-option-6e-75-6d-62-65-72-3a-37-33-31" class="aheart-select__option" role="option" aria-selected="false"><span class="aheart-select__option-content">Item 731</span>
        <!--v-if-->
      </div>
      <div id="aheart-select-v-0-listbox-option-6e-75-6d-62-65-72-3a-37-33-32" class="aheart-select__option" role="option" aria-selected="false"><span class="aheart-select__option-content">Item 732</span>
        <!--v-if-->
      </div>
      <div id="aheart-select-v-0-listbox-option-6e-75-6d-62-65-72-3a-37-33-33" class="aheart-select__option" role="option" aria-selected="false"><span class="aheart-select__option-content">Item 733</span>
        <!--v-if-->
      </div>
      <div id="aheart-select-v-0-listbox-option-6e-75-6d-62-65-72-3a-37-33-34" class="aheart-select__option" role="option" aria-selected="false"><span class="aheart-select__option-content">Item 734</span>
        <!--v-if-->
      </div>
      <div id="aheart-select-v-0-listbox-option-6e-75-6d-62-65-72-3a-37-33-35" class="aheart-select__option" role="option" aria-selected="false"><span class="aheart-select__option-content">Item 735</span>
        <!--v-if-->
      </div>
      <div id="aheart-select-v-0-listbox-option-6e-75-6d-62-65-72-3a-37-33-36" class="aheart-select__option" role="option" aria-selected="false"><span class="aheart-select__option-content">Item 736</span>
        <!--v-if-->
      </div>
      <div id="aheart-select-v-0-listbox-option-6e-75-6d-62-65-72-3a-37-33-37" class="aheart-select__option" role="option" aria-selected="false"><span class="aheart-select__option-content">Item 737</span>
        <!--v-if-->
      </div>
      <div id="aheart-select-v-0-listbox-option-6e-75-6d-62-65-72-3a-37-33-38" class="aheart-select__option" role="option" aria-selected="false"><span class="aheart-select__option-content">Item 738</span>
        <!--v-if-->
      </div>
      <div id="aheart-select-v-0-listbox-option-6e-75-6d-62-65-72-3a-37-33-39" class="aheart-select__option" role="option" aria-selected="false"><span class="aheart-select__option-content">Item 739</span>
        <!--v-if-->
      </div>
      <div id="aheart-select-v-0-listbox-option-6e-75-6d-62-65-72-3a-37-34-30" class="aheart-select__option" role="option" aria-selected="false"><span class="aheart-select__option-content">Item 740</span>
        <!--v-if-->
      </div>
      <div id="aheart-select-v-0-listbox-option-6e-75-6d-62-65-72-3a-37-34-31" class="aheart-select__option" role="option" aria-selected="false"><span class="aheart-select__option-content">Item 741</span>
        <!--v-if-->
      </div>
      <div id="aheart-select-v-0-listbox-option-6e-75-6d-62-65-72-3a-37-34-32" class="aheart-select__option" role="option" aria-selected="false"><span class="aheart-select__option-content">Item 742</span>
        <!--v-if-->
      </div>
      <div id="aheart-select-v-0-listbox-option-6e-75-6d-62-65-72-3a-37-34-33" class="aheart-select__option" role="option" aria-selected="false"><span class="aheart-select__option-content">Item 743</span>
        <!--v-if-->
      </div>
      <div id="aheart-select-v-0-listbox-option-6e-75-6d-62-65-72-3a-37-34-34" class="aheart-select__option" role="option" aria-selected="false"><span class="aheart-select__option-content">Item 744</span>
        <!--v-if-->
      </div>
      <div id="aheart-select-v-0-listbox-option-6e-75-6d-62-65-72-3a-37-34-35" class="aheart-select__option" role="option" aria-selected="false"><span class="aheart-select__option-content">Item 745</span>
        <!--v-if-->
      </div>
      <div id="aheart-select-v-0-listbox-option-6e-75-6d-62-65-72-3a-37-34-36" class="aheart-select__option" role="option" aria-selected="false"><span class="aheart-select__option-content">Item 746</span>
        <!--v-if-->
      </div>
      <div id="aheart-select-v-0-listbox-option-6e-75-6d-62-65-72-3a-37-34-37" class="aheart-select__option" role="option" aria-selected="false"><span class="aheart-select__option-content">Item 747</span>
        <!--v-if-->
      </div>
      <div id="aheart-select-v-0-listbox-option-6e-75-6d-62-65-72-3a-37-34-38" class="aheart-select__option" role="option" aria-selected="false"><span class="aheart-select__option-content">Item 748</span>
        <!--v-if-->
      </div>
      <div id="aheart-select-v-0-listbox-option-6e-75-6d-62-65-72-3a-37-34-39" class="aheart-select__option" role="option" aria-selected="false"><span class="aheart-select__option-content">Item 749</span>
        <!--v-if-->
      </div>
      <div id="aheart-select-v-0-listbox-option-6e-75-6d-62-65-72-3a-37-35-30" class="aheart-select__option" role="option" aria-selected="false"><span class="aheart-select__option-content">Item 750</span>
        <!--v-if-->
      </div>
      <div id="aheart-select-v-0-listbox-option-6e-75-6d-62-65-72-3a-37-35-31" class="aheart-select__option" role="option" aria-selected="false"><span class="aheart-select__option-content">Item 751</span>
        <!--v-if-->
      </div>
      <div id="aheart-select-v-0-listbox-option-6e-75-6d-62-65-72-3a-37-35-32" class="aheart-select__option" role="option" aria-selected="false"><span class="aheart-select__option-content">Item 752</span>
        <!--v-if-->
      </div>
      <div id="aheart-select-v-0-listbox-option-6e-75-6d-62-65-72-3a-37-35-33" class="aheart-select__option" role="option" aria-selected="false"><span class="aheart-select__option-content">Item 753</span>
        <!--v-if-->
      </div>
      <div id="aheart-select-v-0-listbox-option-6e-75-6d-62-65-72-3a-37-35-34" class="aheart-select__option" role="option" aria-selected="false"><span class="aheart-select__option-content">Item 754</span>
        <!--v-if-->
      </div>
      <div id="aheart-select-v-0-listbox-option-6e-75-6d-62-65-72-3a-37-35-35" class="aheart-select__option" role="option" aria-selected="false"><span class="aheart-select__option-content">Item 755</span>
        <!--v-if-->
      </div>
      <div id="aheart-select-v-0-listbox-option-6e-75-6d-62-65-72-3a-37-35-36" class="aheart-select__option" role="option" aria-selected="false"><span class="aheart-select__option-content">Item 756</span>
        <!--v-if-->
      </div>
      <div id="aheart-select-v-0-listbox-option-6e-75-6d-62-65-72-3a-37-35-37" class="aheart-select__option" role="option" aria-selected="false"><span class="aheart-select__option-content">Item 757</span>
        <!--v-if-->
      </div>
      <div id="aheart-select-v-0-listbox-option-6e-75-6d-62-65-72-3a-37-35-38" class="aheart-select__option" role="option" aria-selected="false"><span class="aheart-select__option-content">Item 758</span>
        <!--v-if-->
      </div>
      <div id="aheart-select-v-0-listbox-option-6e-75-6d-62-65-72-3a-37-35-39" class="aheart-select__option" role="option" aria-selected="false"><span class="aheart-select__option-content">Item 759</span>
        <!--v-if-->
      </div>
      <div id="aheart-select-v-0-listbox-option-6e-75-6d-62-65-72-3a-37-36-30" class="aheart-select__option" role="option" aria-selected="false"><span class="aheart-select__option-content">Item 760</span>
        <!--v-if-->
      </div>
      <div id="aheart-select-v-0-listbox-option-6e-75-6d-62-65-72-3a-37-36-31" class="aheart-select__option" role="option" aria-selected="false"><span class="aheart-select__option-content">Item 761</span>
        <!--v-if-->
      </div>
      <div id="aheart-select-v-0-listbox-option-6e-75-6d-62-65-72-3a-37-36-32" class="aheart-select__option" role="option" aria-selected="false"><span class="aheart-select__option-content">Item 762</span>
        <!--v-if-->
      </div>
      <div id="aheart-select-v-0-listbox-option-6e-75-6d-62-65-72-3a-37-36-33" class="aheart-select__option" role="option" aria-selected="false"><span class="aheart-select__option-content">Item 763</span>
        <!--v-if-->
      </div>
      <div id="aheart-select-v-0-listbox-option-6e-75-6d-62-65-72-3a-37-36-34" class="aheart-select__option" role="option" aria-selected="false"><span class="aheart-select__option-content">Item 764</span>
        <!--v-if-->
      </div>
      <div id="aheart-select-v-0-listbox-option-6e-75-6d-62-65-72-3a-37-36-35" class="aheart-select__option" role="option" aria-selected="false"><span class="aheart-select__option-content">Item 765</span>
        <!--v-if-->
      </div>
      <div id="aheart-select-v-0-listbox-option-6e-75-6d-62-65-72-3a-37-36-36" class="aheart-select__option" role="option" aria-selected="false"><span class="aheart-select__option-content">Item 766</span>
        <!--v-if-->
      </div>
      <div id="aheart-select-v-0-listbox-option-6e-75-6d-62-65-72-3a-37-36-37" class="aheart-select__option" role="option" aria-selected="false"><span class="aheart-select__option-content">Item 767</span>
        <!--v-if-->
      </div>
      <div id="aheart-select-v-0-listbox-option-6e-75-6d-62-65-72-3a-37-36-38" class="aheart-select__option" role="option" aria-selected="false"><span class="aheart-select__option-content">Item 768</span>
        <!--v-if-->
      </div>
      <div id="aheart-select-v-0-listbox-option-6e-75-6d-62-65-72-3a-37-36-39" class="aheart-select__option" role="option" aria-selected="false"><span class="aheart-select__option-content">Item 769</span>
        <!--v-if-->
      </div>
      <div id="aheart-select-v-0-listbox-option-6e-75-6d-62-65-72-3a-37-37-30" class="aheart-select__option" role="option" aria-selected="false"><span class="aheart-select__option-content">Item 770</span>
        <!--v-if-->
      </div>
      <div id="aheart-select-v-0-listbox-option-6e-75-6d-62-65-72-3a-37-37-31" class="aheart-select__option" role="option" aria-selected="false"><span class="aheart-select__option-content">Item 771</span>
        <!--v-if-->
      </div>
      <div id="aheart-select-v-0-listbox-option-6e-75-6d-62-65-72-3a-37-37-32" class="aheart-select__option" role="option" aria-selected="false"><span class="aheart-select__option-content">Item 772</span>
        <!--v-if-->
      </div>
      <div id="aheart-select-v-0-listbox-option-6e-75-6d-62-65-72-3a-37-37-33" class="aheart-select__option" role="option" aria-selected="false"><span class="aheart-select__option-content">Item 773</span>
        <!--v-if-->
      </div>
      <div id="aheart-select-v-0-listbox-option-6e-75-6d-62-65-72-3a-37-37-34" class="aheart-select__option" role="option" aria-selected="false"><span class="aheart-select__option-content">Item 774</span>
        <!--v-if-->
      </div>
      <div id="aheart-select-v-0-listbox-option-6e-75-6d-62-65-72-3a-37-37-35" class="aheart-select__option" role="option" aria-selected="false"><span class="aheart-select__option-content">Item 775</span>
        <!--v-if-->
      </div>
      <div id="aheart-select-v-0-listbox-option-6e-75-6d-62-65-72-3a-37-37-36" class="aheart-select__option" role="option" aria-selected="false"><span class="aheart-select__option-content">Item 776</span>
        <!--v-if-->
      </div>
      <div id="aheart-select-v-0-listbox-option-6e-75-6d-62-65-72-3a-37-37-37" class="aheart-select__option" role="option" aria-selected="false"><span class="aheart-select__option-content">Item 777</span>
        <!--v-if-->
      </div>
      <div id="aheart-select-v-0-listbox-option-6e-75-6d-62-65-72-3a-37-37-38" class="aheart-select__option" role="option" aria-selected="false"><span class="aheart-select__option-content">Item 778</span>
        <!--v-if-->
      </div>
      <div id="aheart-select-v-0-listbox-option-6e-75-6d-62-65-72-3a-37-37-39" class="aheart-select__option" role="option" aria-selected="false"><span class="aheart-select__option-content">Item 779</span>
        <!--v-if-->
      </div>
      <div id="aheart-select-v-0-listbox-option-6e-75-6d-62-65-72-3a-37-38-30" class="aheart-select__option" role="option" aria-selected="false"><span class="aheart-select__option-content">Item 780</span>
        <!--v-if-->
      </div>
      <div id="aheart-select-v-0-listbox-option-6e-75-6d-62-65-72-3a-37-38-31" class="aheart-select__option" role="option" aria-selected="false"><span class="aheart-select__option-content">Item 781</span>
        <!--v-if-->
      </div>
      <div id="aheart-select-v-0-listbox-option-6e-75-6d-62-65-72-3a-37-38-32" class="aheart-select__option" role="option" aria-selected="false"><span class="aheart-select__option-content">Item 782</span>
        <!--v-if-->
      </div>
      <div id="aheart-select-v-0-listbox-option-6e-75-6d-62-65-72-3a-37-38-33" class="aheart-select__option" role="option" aria-selected="false"><span class="aheart-select__option-content">Item 783</span>
        <!--v-if-->
      </div>
      <div id="aheart-select-v-0-listbox-option-6e-75-6d-62-65-72-3a-37-38-34" class="aheart-select__option" role="option" aria-selected="false"><span class="aheart-select__option-content">Item 784</span>
        <!--v-if-->
      </div>
      <div id="aheart-select-v-0-listbox-option-6e-75-6d-62-65-72-3a-37-38-35" class="aheart-select__option" role="option" aria-selected="false"><span class="aheart-select__option-content">Item 785</span>
        <!--v-if-->
      </div>
      <div id="aheart-select-v-0-listbox-option-6e-75-6d-62-65-72-3a-37-38-36" class="aheart-select__option" role="option" aria-selected="false"><span class="aheart-select__option-content">Item 786</span>
        <!--v-if-->
      </div>
      <div id="aheart-select-v-0-listbox-option-6e-75-6d-62-65-72-3a-37-38-37" class="aheart-select__option" role="option" aria-selected="false"><span class="aheart-select__option-content">Item 787</span>
        <!--v-if-->
      </div>
      <div id="aheart-select-v-0-listbox-option-6e-75-6d-62-65-72-3a-37-38-38" class="aheart-select__option" role="option" aria-selected="false"><span class="aheart-select__option-content">Item 788</span>
        <!--v-if-->
      </div>
      <div id="aheart-select-v-0-listbox-option-6e-75-6d-62-65-72-3a-37-38-39" class="aheart-select__option" role="option" aria-selected="false"><span class="aheart-select__option-content">Item 789</span>
        <!--v-if-->
      </div>
      <div id="aheart-select-v-0-listbox-option-6e-75-6d-62-65-72-3a-37-39-30" class="aheart-select__option" role="option" aria-selected="false"><span class="aheart-select__option-content">Item 790</span>
        <!--v-if-->
      </div>
      <div id="aheart-select-v-0-listbox-option-6e-75-6d-62-65-72-3a-37-39-31" class="aheart-select__option" role="option" aria-selected="false"><span class="aheart-select__option-content">Item 791</span>
        <!--v-if-->
      </div>
      <div id="aheart-select-v-0-listbox-option-6e-75-6d-62-65-72-3a-37-39-32" class="aheart-select__option" role="option" aria-selected="false"><span class="aheart-select__option-content">Item 792</span>
        <!--v-if-->
      </div>
      <div id="aheart-select-v-0-listbox-option-6e-75-6d-62-65-72-3a-37-39-33" class="aheart-select__option" role="option" aria-selected="false"><span class="aheart-select__option-content">Item 793</span>
        <!--v-if-->
      </div>
      <div id="aheart-select-v-0-listbox-option-6e-75-6d-62-65-72-3a-37-39-34" class="aheart-select__option" role="option" aria-selected="false"><span class="aheart-select__option-content">Item 794</span>
        <!--v-if-->
      </div>
      <div id="aheart-select-v-0-listbox-option-6e-75-6d-62-65-72-3a-37-39-35" class="aheart-select__option" role="option" aria-selected="false"><span class="aheart-select__option-content">Item 795</span>
        <!--v-if-->
      </div>
      <div id="aheart-select-v-0-listbox-option-6e-75-6d-62-65-72-3a-37-39-36" class="aheart-select__option" role="option" aria-selected="false"><span class="aheart-select__option-content">Item 796</span>
        <!--v-if-->
      </div>
      <div id="aheart-select-v-0-listbox-option-6e-75-6d-62-65-72-3a-37-39-37" class="aheart-select__option" role="option" aria-selected="false"><span class="aheart-select__option-content">Item 797</span>
        <!--v-if-->
      </div>
      <div id="aheart-select-v-0-listbox-option-6e-75-6d-62-65-72-3a-37-39-38" class="aheart-select__option" role="option" aria-selected="false"><span class="aheart-select__option-content">Item 798</span>
        <!--v-if-->
      </div>
      <div id="aheart-select-v-0-listbox-option-6e-75-6d-62-65-72-3a-37-39-39" class="aheart-select__option" role="option" aria-selected="false"><span class="aheart-select__option-content">Item 799</span>
        <!--v-if-->
      </div>
      <div id="aheart-select-v-0-listbox-option-6e-75-6d-62-65-72-3a-38-30-30" class="aheart-select__option" role="option" aria-selected="false"><span class="aheart-select__option-content">Item 800</span>
        <!--v-if-->
      </div>
      <div id="aheart-select-v-0-listbox-option-6e-75-6d-62-65-72-3a-38-30-31" class="aheart-select__option" role="option" aria-selected="false"><span class="aheart-select__option-content">Item 801</span>
        <!--v-if-->
      </div>
      <div id="aheart-select-v-0-listbox-option-6e-75-6d-62-65-72-3a-38-30-32" class="aheart-select__option" role="option" aria-selected="false"><span class="aheart-select__option-content">Item 802</span>
        <!--v-if-->
      </div>
      <div id="aheart-select-v-0-listbox-option-6e-75-6d-62-65-72-3a-38-30-33" class="aheart-select__option" role="option" aria-selected="false"><span class="aheart-select__option-content">Item 803</span>
        <!--v-if-->
      </div>
      <div id="aheart-select-v-0-listbox-option-6e-75-6d-62-65-72-3a-38-30-34" class="aheart-select__option" role="option" aria-selected="false"><span class="aheart-select__option-content">Item 804</span>
        <!--v-if-->
      </div>
      <div id="aheart-select-v-0-listbox-option-6e-75-6d-62-65-72-3a-38-30-35" class="aheart-select__option" role="option" aria-selected="false"><span class="aheart-select__option-content">Item 805</span>
        <!--v-if-->
      </div>
      <div id="aheart-select-v-0-listbox-option-6e-75-6d-62-65-72-3a-38-30-36" class="aheart-select__option" role="option" aria-selected="false"><span class="aheart-select__option-content">Item 806</span>
        <!--v-if-->
      </div>
      <div id="aheart-select-v-0-listbox-option-6e-75-6d-62-65-72-3a-38-30-37" class="aheart-select__option" role="option" aria-selected="false"><span class="aheart-select__option-content">Item 807</span>
        <!--v-if-->
      </div>
      <div id="aheart-select-v-0-listbox-option-6e-75-6d-62-65-72-3a-38-30-38" class="aheart-select__option" role="option" aria-selected="false"><span class="aheart-select__option-content">Item 808</span>
        <!--v-if-->
      </div>
      <div id="aheart-select-v-0-listbox-option-6e-75-6d-62-65-72-3a-38-30-39" class="aheart-select__option" role="option" aria-selected="false"><span class="aheart-select__option-content">Item 809</span>
        <!--v-if-->
      </div>
      <div id="aheart-select-v-0-listbox-option-6e-75-6d-62-65-72-3a-38-31-30" class="aheart-select__option" role="option" aria-selected="false"><span class="aheart-select__option-content">Item 810</span>
        <!--v-if-->
      </div>
      <div id="aheart-select-v-0-listbox-option-6e-75-6d-62-65-72-3a-38-31-31" class="aheart-select__option" role="option" aria-selected="false"><span class="aheart-select__option-content">Item 811</span>
        <!--v-if-->
      </div>
      <div id="aheart-select-v-0-listbox-option-6e-75-6d-62-65-72-3a-38-31-32" class="aheart-select__option" role="option" aria-selected="false"><span class="aheart-select__option-content">Item 812</span>
        <!--v-if-->
      </div>
      <div id="aheart-select-v-0-listbox-option-6e-75-6d-62-65-72-3a-38-31-33" class="aheart-select__option" role="option" aria-selected="false"><span class="aheart-select__option-content">Item 813</span>
        <!--v-if-->
      </div>
      <div id="aheart-select-v-0-listbox-option-6e-75-6d-62-65-72-3a-38-31-34" class="aheart-select__option" role="option" aria-selected="false"><span class="aheart-select__option-content">Item 814</span>
        <!--v-if-->
      </div>
      <div id="aheart-select-v-0-listbox-option-6e-75-6d-62-65-72-3a-38-31-35" class="aheart-select__option" role="option" aria-selected="false"><span class="aheart-select__option-content">Item 815</span>
        <!--v-if-->
      </div>
      <div id="aheart-select-v-0-listbox-option-6e-75-6d-62-65-72-3a-38-31-36" class="aheart-select__option" role="option" aria-selected="false"><span class="aheart-select__option-content">Item 816</span>
        <!--v-if-->
      </div>
      <div id="aheart-select-v-0-listbox-option-6e-75-6d-62-65-72-3a-38-31-37" class="aheart-select__option" role="option" aria-selected="false"><span class="aheart-select__option-content">Item 817</span>
        <!--v-if-->
      </div>
      <div id="aheart-select-v-0-listbox-option-6e-75-6d-62-65-72-3a-38-31-38" class="aheart-select__option" role="option" aria-selected="false"><span class="aheart-select__option-content">Item 818</span>
        <!--v-if-->
      </div>
      <div id="aheart-select-v-0-listbox-option-6e-75-6d-62-65-72-3a-38-31-39" class="aheart-select__option" role="option" aria-selected="false"><span class="aheart-select__option-content">Item 819</span>
        <!--v-if-->
      </div>
      <div id="aheart-select-v-0-listbox-option-6e-75-6d-62-65-72-3a-38-32-30" class="aheart-select__option" role="option" aria-selected="false"><span class="aheart-select__option-content">Item 820</span>
        <!--v-if-->
      </div>
      <div id="aheart-select-v-0-listbox-option-6e-75-6d-62-65-72-3a-38-32-31" class="aheart-select__option" role="option" aria-selected="false"><span class="aheart-select__option-content">Item 821</span>
        <!--v-if-->
      </div>
      <div id="aheart-select-v-0-listbox-option-6e-75-6d-62-65-72-3a-38-32-32" class="aheart-select__option" role="option" aria-selected="false"><span class="aheart-select__option-content">Item 822</span>
        <!--v-if-->
      </div>
      <div id="aheart-select-v-0-listbox-option-6e-75-6d-62-65-72-3a-38-32-33" class="aheart-select__option" role="option" aria-selected="false"><span class="aheart-select__option-content">Item 823</span>
        <!--v-if-->
      </div>
      <div id="aheart-select-v-0-listbox-option-6e-75-6d-62-65-72-3a-38-32-34" class="aheart-select__option" role="option" aria-selected="false"><span class="aheart-select__option-content">Item 824</span>
        <!--v-if-->
      </div>
      <div id="aheart-select-v-0-listbox-option-6e-75-6d-62-65-72-3a-38-32-35" class="aheart-select__option" role="option" aria-selected="false"><span class="aheart-select__option-content">Item 825</span>
        <!--v-if-->
      </div>
      <div id="aheart-select-v-0-listbox-option-6e-75-6d-62-65-72-3a-38-32-36" class="aheart-select__option" role="option" aria-selected="false"><span class="aheart-select__option-content">Item 826</span>
        <!--v-if-->
      </div>
      <div id="aheart-select-v-0-listbox-option-6e-75-6d-62-65-72-3a-38-32-37" class="aheart-select__option" role="option" aria-selected="false"><span class="aheart-select__option-content">Item 827</span>
        <!--v-if-->
      </div>
      <div id="aheart-select-v-0-listbox-option-6e-75-6d-62-65-72-3a-38-32-38" class="aheart-select__option" role="option" aria-selected="false"><span class="aheart-select__option-content">Item 828</span>
        <!--v-if-->
      </div>
      <div id="aheart-select-v-0-listbox-option-6e-75-6d-62-65-72-3a-38-32-39" class="aheart-select__option" role="option" aria-selected="false"><span class="aheart-select__option-content">Item 829</span>
        <!--v-if-->
      </div>
      <div id="aheart-select-v-0-listbox-option-6e-75-6d-62-65-72-3a-38-33-30" class="aheart-select__option" role="option" aria-selected="false"><span class="aheart-select__option-content">Item 830</span>
        <!--v-if-->
      </div>
      <div id="aheart-select-v-0-listbox-option-6e-75-6d-62-65-72-3a-38-33-31" class="aheart-select__option" role="option" aria-selected="false"><span class="aheart-select__option-content">Item 831</span>
        <!--v-if-->
      </div>
      <div id="aheart-select-v-0-listbox-option-6e-75-6d-62-65-72-3a-38-33-32" class="aheart-select__option" role="option" aria-selected="false"><span class="aheart-select__option-content">Item 832</span>
        <!--v-if-->
      </div>
      <div id="aheart-select-v-0-listbox-option-6e-75-6d-62-65-72-3a-38-33-33" class="aheart-select__option" role="option" aria-selected="false"><span class="aheart-select__option-content">Item 833</span>
        <!--v-if-->
      </div>
      <div id="aheart-select-v-0-listbox-option-6e-75-6d-62-65-72-3a-38-33-34" class="aheart-select__option" role="option" aria-selected="false"><span class="aheart-select__option-content">Item 834</span>
        <!--v-if-->
      </div>
      <div id="aheart-select-v-0-listbox-option-6e-75-6d-62-65-72-3a-38-33-35" class="aheart-select__option" role="option" aria-selected="false"><span class="aheart-select__option-content">Item 835</span>
        <!--v-if-->
      </div>
      <div id="aheart-select-v-0-listbox-option-6e-75-6d-62-65-72-3a-38-33-36" class="aheart-select__option" role="option" aria-selected="false"><span class="aheart-select__option-content">Item 836</span>
        <!--v-if-->
      </div>
      <div id="aheart-select-v-0-listbox-option-6e-75-6d-62-65-72-3a-38-33-37" class="aheart-select__option" role="option" aria-selected="false"><span class="aheart-select__option-content">Item 837</span>
        <!--v-if-->
      </div>
      <div id="aheart-select-v-0-listbox-option-6e-75-6d-62-65-72-3a-38-33-38" class="aheart-select__option" role="option" aria-selected="false"><span class="aheart-select__option-content">Item 838</span>
        <!--v-if-->
      </div>
      <div id="aheart-select-v-0-listbox-option-6e-75-6d-62-65-72-3a-38-33-39" class="aheart-select__option" role="option" aria-selected="false"><span class="aheart-select__option-content">Item 839</span>
        <!--v-if-->
      </div>
      <div id="aheart-select-v-0-listbox-option-6e-75-6d-62-65-72-3a-38-34-30" class="aheart-select__option" role="option" aria-selected="false"><span class="aheart-select__option-content">Item 840</span>
        <!--v-if-->
      </div>
      <div id="aheart-select-v-0-listbox-option-6e-75-6d-62-65-72-3a-38-34-31" class="aheart-select__option" role="option" aria-selected="false"><span class="aheart-select__option-content">Item 841</span>
        <!--v-if-->
      </div>
      <div id="aheart-select-v-0-listbox-option-6e-75-6d-62-65-72-3a-38-34-32" class="aheart-select__option" role="option" aria-selected="false"><span class="aheart-select__option-content">Item 842</span>
        <!--v-if-->
      </div>
      <div id="aheart-select-v-0-listbox-option-6e-75-6d-62-65-72-3a-38-34-33" class="aheart-select__option" role="option" aria-selected="false"><span class="aheart-select__option-content">Item 843</span>
        <!--v-if-->
      </div>
      <div id="aheart-select-v-0-listbox-option-6e-75-6d-62-65-72-3a-38-34-34" class="aheart-select__option" role="option" aria-selected="false"><span class="aheart-select__option-content">Item 844</span>
        <!--v-if-->
      </div>
      <div id="aheart-select-v-0-listbox-option-6e-75-6d-62-65-72-3a-38-34-35" class="aheart-select__option" role="option" aria-selected="false"><span class="aheart-select__option-content">Item 845</span>
        <!--v-if-->
      </div>
      <div id="aheart-select-v-0-listbox-option-6e-75-6d-62-65-72-3a-38-34-36" class="aheart-select__option" role="option" aria-selected="false"><span class="aheart-select__option-content">Item 846</span>
        <!--v-if-->
      </div>
      <div id="aheart-select-v-0-listbox-option-6e-75-6d-62-65-72-3a-38-34-37" class="aheart-select__option" role="option" aria-selected="false"><span class="aheart-select__option-content">Item 847</span>
        <!--v-if-->
      </div>
      <div id="aheart-select-v-0-listbox-option-6e-75-6d-62-65-72-3a-38-34-38" class="aheart-select__option" role="option" aria-selected="false"><span class="aheart-select__option-content">Item 848</span>
        <!--v-if-->
      </div>
      <div id="aheart-select-v-0-listbox-option-6e-75-6d-62-65-72-3a-38-34-39" class="aheart-select__option" role="option" aria-selected="false"><span class="aheart-select__option-content">Item 849</span>
        <!--v-if-->
      </div>
      <div id="aheart-select-v-0-listbox-option-6e-75-6d-62-65-72-3a-38-35-30" class="aheart-select__option" role="option" aria-selected="false"><span class="aheart-select__option-content">Item 850</span>
        <!--v-if-->
      </div>
      <div id="aheart-select-v-0-listbox-option-6e-75-6d-62-65-72-3a-38-35-31" class="aheart-select__option" role="option" aria-selected="false"><span class="aheart-select__option-content">Item 851</span>
        <!--v-if-->
      </div>
      <div id="aheart-select-v-0-listbox-option-6e-75-6d-62-65-72-3a-38-35-32" class="aheart-select__option" role="option" aria-selected="false"><span class="aheart-select__option-content">Item 852</span>
        <!--v-if-->
      </div>
      <div id="aheart-select-v-0-listbox-option-6e-75-6d-62-65-72-3a-38-35-33" class="aheart-select__option" role="option" aria-selected="false"><span class="aheart-select__option-content">Item 853</span>
        <!--v-if-->
      </div>
      <div id="aheart-select-v-0-listbox-option-6e-75-6d-62-65-72-3a-38-35-34" class="aheart-select__option" role="option" aria-selected="false"><span class="aheart-select__option-content">Item 854</span>
        <!--v-if-->
      </div>
      <div id="aheart-select-v-0-listbox-option-6e-75-6d-62-65-72-3a-38-35-35" class="aheart-select__option" role="option" aria-selected="false"><span class="aheart-select__option-content">Item 855</span>
        <!--v-if-->
      </div>
      <div id="aheart-select-v-0-listbox-option-6e-75-6d-62-65-72-3a-38-35-36" class="aheart-select__option" role="option" aria-selected="false"><span class="aheart-select__option-content">Item 856</span>
        <!--v-if-->
      </div>
      <div id="aheart-select-v-0-listbox-option-6e-75-6d-62-65-72-3a-38-35-37" class="aheart-select__option" role="option" aria-selected="false"><span class="aheart-select__option-content">Item 857</span>
        <!--v-if-->
      </div>
      <div id="aheart-select-v-0-listbox-option-6e-75-6d-62-65-72-3a-38-35-38" class="aheart-select__option" role="option" aria-selected="false"><span class="aheart-select__option-content">Item 858</span>
        <!--v-if-->
      </div>
      <div id="aheart-select-v-0-listbox-option-6e-75-6d-62-65-72-3a-38-35-39" class="aheart-select__option" role="option" aria-selected="false"><span class="aheart-select__option-content">Item 859</span>
        <!--v-if-->
      </div>
      <div id="aheart-select-v-0-listbox-option-6e-75-6d-62-65-72-3a-38-36-30" class="aheart-select__option" role="option" aria-selected="false"><span class="aheart-select__option-content">Item 860</span>
        <!--v-if-->
      </div>
      <div id="aheart-select-v-0-listbox-option-6e-75-6d-62-65-72-3a-38-36-31" class="aheart-select__option" role="option" aria-selected="false"><span class="aheart-select__option-content">Item 861</span>
        <!--v-if-->
      </div>
      <div id="aheart-select-v-0-listbox-option-6e-75-6d-62-65-72-3a-38-36-32" class="aheart-select__option" role="option" aria-selected="false"><span class="aheart-select__option-content">Item 862</span>
        <!--v-if-->
      </div>
      <div id="aheart-select-v-0-listbox-option-6e-75-6d-62-65-72-3a-38-36-33" class="aheart-select__option" role="option" aria-selected="false"><span class="aheart-select__option-content">Item 863</span>
        <!--v-if-->
      </div>
      <div id="aheart-select-v-0-listbox-option-6e-75-6d-62-65-72-3a-38-36-34" class="aheart-select__option" role="option" aria-selected="false"><span class="aheart-select__option-content">Item 864</span>
        <!--v-if-->
      </div>
      <div id="aheart-select-v-0-listbox-option-6e-75-6d-62-65-72-3a-38-36-35" class="aheart-select__option" role="option" aria-selected="false"><span class="aheart-select__option-content">Item 865</span>
        <!--v-if-->
      </div>
      <div id="aheart-select-v-0-listbox-option-6e-75-6d-62-65-72-3a-38-36-36" class="aheart-select__option" role="option" aria-selected="false"><span class="aheart-select__option-content">Item 866</span>
        <!--v-if-->
      </div>
      <div id="aheart-select-v-0-listbox-option-6e-75-6d-62-65-72-3a-38-36-37" class="aheart-select__option" role="option" aria-selected="false"><span class="aheart-select__option-content">Item 867</span>
        <!--v-if-->
      </div>
      <div id="aheart-select-v-0-listbox-option-6e-75-6d-62-65-72-3a-38-36-38" class="aheart-select__option" role="option" aria-selected="false"><span class="aheart-select__option-content">Item 868</span>
        <!--v-if-->
      </div>
      <div id="aheart-select-v-0-listbox-option-6e-75-6d-62-65-72-3a-38-36-39" class="aheart-select__option" role="option" aria-selected="false"><span class="aheart-select__option-content">Item 869</span>
        <!--v-if-->
      </div>
      <div id="aheart-select-v-0-listbox-option-6e-75-6d-62-65-72-3a-38-37-30" class="aheart-select__option" role="option" aria-selected="false"><span class="aheart-select__option-content">Item 870</span>
        <!--v-if-->
      </div>
      <div id="aheart-select-v-0-listbox-option-6e-75-6d-62-65-72-3a-38-37-31" class="aheart-select__option" role="option" aria-selected="false"><span class="aheart-select__option-content">Item 871</span>
        <!--v-if-->
      </div>
      <div id="aheart-select-v-0-listbox-option-6e-75-6d-62-65-72-3a-38-37-32" class="aheart-select__option" role="option" aria-selected="false"><span class="aheart-select__option-content">Item 872</span>
        <!--v-if-->
      </div>
      <div id="aheart-select-v-0-listbox-option-6e-75-6d-62-65-72-3a-38-37-33" class="aheart-select__option" role="option" aria-selected="false"><span class="aheart-select__option-content">Item 873</span>
        <!--v-if-->
      </div>
      <div id="aheart-select-v-0-listbox-option-6e-75-6d-62-65-72-3a-38-37-34" class="aheart-select__option" role="option" aria-selected="false"><span class="aheart-select__option-content">Item 874</span>
        <!--v-if-->
      </div>
      <div id="aheart-select-v-0-listbox-option-6e-75-6d-62-65-72-3a-38-37-35" class="aheart-select__option" role="option" aria-selected="false"><span class="aheart-select__option-content">Item 875</span>
        <!--v-if-->
      </div>
      <div id="aheart-select-v-0-listbox-option-6e-75-6d-62-65-72-3a-38-37-36" class="aheart-select__option" role="option" aria-selected="false"><span class="aheart-select__option-content">Item 876</span>
        <!--v-if-->
      </div>
      <div id="aheart-select-v-0-listbox-option-6e-75-6d-62-65-72-3a-38-37-37" class="aheart-select__option" role="option" aria-selected="false"><span class="aheart-select__option-content">Item 877</span>
        <!--v-if-->
      </div>
      <div id="aheart-select-v-0-listbox-option-6e-75-6d-62-65-72-3a-38-37-38" class="aheart-select__option" role="option" aria-selected="false"><span class="aheart-select__option-content">Item 878</span>
        <!--v-if-->
      </div>
      <div id="aheart-select-v-0-listbox-option-6e-75-6d-62-65-72-3a-38-37-39" class="aheart-select__option" role="option" aria-selected="false"><span class="aheart-select__option-content">Item 879</span>
        <!--v-if-->
      </div>
      <div id="aheart-select-v-0-listbox-option-6e-75-6d-62-65-72-3a-38-38-30" class="aheart-select__option" role="option" aria-selected="false"><span class="aheart-select__option-content">Item 880</span>
        <!--v-if-->
      </div>
      <div id="aheart-select-v-0-listbox-option-6e-75-6d-62-65-72-3a-38-38-31" class="aheart-select__option" role="option" aria-selected="false"><span class="aheart-select__option-content">Item 881</span>
        <!--v-if-->
      </div>
      <div id="aheart-select-v-0-listbox-option-6e-75-6d-62-65-72-3a-38-38-32" class="aheart-select__option" role="option" aria-selected="false"><span class="aheart-select__option-content">Item 882</span>
        <!--v-if-->
      </div>
      <div id="aheart-select-v-0-listbox-option-6e-75-6d-62-65-72-3a-38-38-33" class="aheart-select__option" role="option" aria-selected="false"><span class="aheart-select__option-content">Item 883</span>
        <!--v-if-->
      </div>
      <div id="aheart-select-v-0-listbox-option-6e-75-6d-62-65-72-3a-38-38-34" class="aheart-select__option" role="option" aria-selected="false"><span class="aheart-select__option-content">Item 884</span>
        <!--v-if-->
      </div>
      <div id="aheart-select-v-0-listbox-option-6e-75-6d-62-65-72-3a-38-38-35" class="aheart-select__option" role="option" aria-selected="false"><span class="aheart-select__option-content">Item 885</span>
        <!--v-if-->
      </div>
      <div id="aheart-select-v-0-listbox-option-6e-75-6d-62-65-72-3a-38-38-36" class="aheart-select__option" role="option" aria-selected="false"><span class="aheart-select__option-content">Item 886</span>
        <!--v-if-->
      </div>
      <div id="aheart-select-v-0-listbox-option-6e-75-6d-62-65-72-3a-38-38-37" class="aheart-select__option" role="option" aria-selected="false"><span class="aheart-select__option-content">Item 887</span>
        <!--v-if-->
      </div>
      <div id="aheart-select-v-0-listbox-option-6e-75-6d-62-65-72-3a-38-38-38" class="aheart-select__option" role="option" aria-selected="false"><span class="aheart-select__option-content">Item 888</span>
        <!--v-if-->
      </div>
      <div id="aheart-select-v-0-listbox-option-6e-75-6d-62-65-72-3a-38-38-39" class="aheart-select__option" role="option" aria-selected="false"><span class="aheart-select__option-content">Item 889</span>
        <!--v-if-->
      </div>
      <div id="aheart-select-v-0-listbox-option-6e-75-6d-62-65-72-3a-38-39-30" class="aheart-select__option" role="option" aria-selected="false"><span class="aheart-select__option-content">Item 890</span>
        <!--v-if-->
      </div>
      <div id="aheart-select-v-0-listbox-option-6e-75-6d-62-65-72-3a-38-39-31" class="aheart-select__option" role="option" aria-selected="false"><span class="aheart-select__option-content">Item 891</span>
        <!--v-if-->
      </div>
      <div id="aheart-select-v-0-listbox-option-6e-75-6d-62-65-72-3a-38-39-32" class="aheart-select__option" role="option" aria-selected="false"><span class="aheart-select__option-content">Item 892</span>
        <!--v-if-->
      </div>
      <div id="aheart-select-v-0-listbox-option-6e-75-6d-62-65-72-3a-38-39-33" class="aheart-select__option" role="option" aria-selected="false"><span class="aheart-select__option-content">Item 893</span>
        <!--v-if-->
      </div>
      <div id="aheart-select-v-0-listbox-option-6e-75-6d-62-65-72-3a-38-39-34" class="aheart-select__option" role="option" aria-selected="false"><span class="aheart-select__option-content">Item 894</span>
        <!--v-if-->
      </div>
      <div id="aheart-select-v-0-listbox-option-6e-75-6d-62-65-72-3a-38-39-35" class="aheart-select__option" role="option" aria-selected="false"><span class="aheart-select__option-content">Item 895</span>
        <!--v-if-->
      </div>
      <div id="aheart-select-v-0-listbox-option-6e-75-6d-62-65-72-3a-38-39-36" class="aheart-select__option" role="option" aria-selected="false"><span class="aheart-select__option-content">Item 896</span>
        <!--v-if-->
      </div>
      <div id="aheart-select-v-0-listbox-option-6e-75-6d-62-65-72-3a-38-39-37" class="aheart-select__option" role="option" aria-selected="false"><span class="aheart-select__option-content">Item 897</span>
        <!--v-if-->
      </div>
      <div id="aheart-select-v-0-listbox-option-6e-75-6d-62-65-72-3a-38-39-38" class="aheart-select__option" role="option" aria-selected="false"><span class="aheart-select__option-content">Item 898</span>
        <!--v-if-->
      </div>
      <div id="aheart-select-v-0-listbox-option-6e-75-6d-62-65-72-3a-38-39-39" class="aheart-select__option" role="option" aria-selected="false"><span class="aheart-select__option-content">Item 899</span>
        <!--v-if-->
      </div>
      <div id="aheart-select-v-0-listbox-option-6e-75-6d-62-65-72-3a-39-30-30" class="aheart-select__option" role="option" aria-selected="false"><span class="aheart-select__option-content">Item 900</span>
        <!--v-if-->
      </div>
      <div id="aheart-select-v-0-listbox-option-6e-75-6d-62-65-72-3a-39-30-31" class="aheart-select__option" role="option" aria-selected="false"><span class="aheart-select__option-content">Item 901</span>
        <!--v-if-->
      </div>
      <div id="aheart-select-v-0-listbox-option-6e-75-6d-62-65-72-3a-39-30-32" class="aheart-select__option" role="option" aria-selected="false"><span class="aheart-select__option-content">Item 902</span>
        <!--v-if-->
      </div>
      <div id="aheart-select-v-0-listbox-option-6e-75-6d-62-65-72-3a-39-30-33" class="aheart-select__option" role="option" aria-selected="false"><span class="aheart-select__option-content">Item 903</span>
        <!--v-if-->
      </div>
      <div id="aheart-select-v-0-listbox-option-6e-75-6d-62-65-72-3a-39-30-34" class="aheart-select__option" role="option" aria-selected="false"><span class="aheart-select__option-content">Item 904</span>
        <!--v-if-->
      </div>
      <div id="aheart-select-v-0-listbox-option-6e-75-6d-62-65-72-3a-39-30-35" class="aheart-select__option" role="option" aria-selected="false"><span class="aheart-select__option-content">Item 905</span>
        <!--v-if-->
      </div>
      <div id="aheart-select-v-0-listbox-option-6e-75-6d-62-65-72-3a-39-30-36" class="aheart-select__option" role="option" aria-selected="false"><span class="aheart-select__option-content">Item 906</span>
        <!--v-if-->
      </div>
      <div id="aheart-select-v-0-listbox-option-6e-75-6d-62-65-72-3a-39-30-37" class="aheart-select__option" role="option" aria-selected="false"><span class="aheart-select__option-content">Item 907</span>
        <!--v-if-->
      </div>
      <div id="aheart-select-v-0-listbox-option-6e-75-6d-62-65-72-3a-39-30-38" class="aheart-select__option" role="option" aria-selected="false"><span class="aheart-select__option-content">Item 908</span>
        <!--v-if-->
      </div>
      <div id="aheart-select-v-0-listbox-option-6e-75-6d-62-65-72-3a-39-30-39" class="aheart-select__option" role="option" aria-selected="false"><span class="aheart-select__option-content">Item 909</span>
        <!--v-if-->
      </div>
      <div id="aheart-select-v-0-listbox-option-6e-75-6d-62-65-72-3a-39-31-30" class="aheart-select__option" role="option" aria-selected="false"><span class="aheart-select__option-content">Item 910</span>
        <!--v-if-->
      </div>
      <div id="aheart-select-v-0-listbox-option-6e-75-6d-62-65-72-3a-39-31-31" class="aheart-select__option" role="option" aria-selected="false"><span class="aheart-select__option-content">Item 911</span>
        <!--v-if-->
      </div>
      <div id="aheart-select-v-0-listbox-option-6e-75-6d-62-65-72-3a-39-31-32" class="aheart-select__option" role="option" aria-selected="false"><span class="aheart-select__option-content">Item 912</span>
        <!--v-if-->
      </div>
      <div id="aheart-select-v-0-listbox-option-6e-75-6d-62-65-72-3a-39-31-33" class="aheart-select__option" role="option" aria-selected="false"><span class="aheart-select__option-content">Item 913</span>
        <!--v-if-->
      </div>
      <div id="aheart-select-v-0-listbox-option-6e-75-6d-62-65-72-3a-39-31-34" class="aheart-select__option" role="option" aria-selected="false"><span class="aheart-select__option-content">Item 914</span>
        <!--v-if-->
      </div>
      <div id="aheart-select-v-0-listbox-option-6e-75-6d-62-65-72-3a-39-31-35" class="aheart-select__option" role="option" aria-selected="false"><span class="aheart-select__option-content">Item 915</span>
        <!--v-if-->
      </div>
      <div id="aheart-select-v-0-listbox-option-6e-75-6d-62-65-72-3a-39-31-36" class="aheart-select__option" role="option" aria-selected="false"><span class="aheart-select__option-content">Item 916</span>
        <!--v-if-->
      </div>
      <div id="aheart-select-v-0-listbox-option-6e-75-6d-62-65-72-3a-39-31-37" class="aheart-select__option" role="option" aria-selected="false"><span class="aheart-select__option-content">Item 917</span>
        <!--v-if-->
      </div>
      <div id="aheart-select-v-0-listbox-option-6e-75-6d-62-65-72-3a-39-31-38" class="aheart-select__option" role="option" aria-selected="false"><span class="aheart-select__option-content">Item 918</span>
        <!--v-if-->
      </div>
      <div id="aheart-select-v-0-listbox-option-6e-75-6d-62-65-72-3a-39-31-39" class="aheart-select__option" role="option" aria-selected="false"><span class="aheart-select__option-content">Item 919</span>
        <!--v-if-->
      </div>
      <div id="aheart-select-v-0-listbox-option-6e-75-6d-62-65-72-3a-39-32-30" class="aheart-select__option" role="option" aria-selected="false"><span class="aheart-select__option-content">Item 920</span>
        <!--v-if-->
      </div>
      <div id="aheart-select-v-0-listbox-option-6e-75-6d-62-65-72-3a-39-32-31" class="aheart-select__option" role="option" aria-selected="false"><span class="aheart-select__option-content">Item 921</span>
        <!--v-if-->
      </div>
      <div id="aheart-select-v-0-listbox-option-6e-75-6d-62-65-72-3a-39-32-32" class="aheart-select__option" role="option" aria-selected="false"><span class="aheart-select__option-content">Item 922</span>
        <!--v-if-->
      </div>
      <div id="aheart-select-v-0-listbox-option-6e-75-6d-62-65-72-3a-39-32-33" class="aheart-select__option" role="option" aria-selected="false"><span class="aheart-select__option-content">Item 923</span>
        <!--v-if-->
      </div>
      <div id="aheart-select-v-0-listbox-option-6e-75-6d-62-65-72-3a-39-32-34" class="aheart-select__option" role="option" aria-selected="false"><span class="aheart-select__option-content">Item 924</span>
        <!--v-if-->
      </div>
      <div id="aheart-select-v-0-listbox-option-6e-75-6d-62-65-72-3a-39-32-35" class="aheart-select__option" role="option" aria-selected="false"><span class="aheart-select__option-content">Item 925</span>
        <!--v-if-->
      </div>
      <div id="aheart-select-v-0-listbox-option-6e-75-6d-62-65-72-3a-39-32-36" class="aheart-select__option" role="option" aria-selected="false"><span class="aheart-select__option-content">Item 926</span>
        <!--v-if-->
      </div>
      <div id="aheart-select-v-0-listbox-option-6e-75-6d-62-65-72-3a-39-32-37" class="aheart-select__option" role="option" aria-selected="false"><span class="aheart-select__option-content">Item 927</span>
        <!--v-if-->
      </div>
      <div id="aheart-select-v-0-listbox-option-6e-75-6d-62-65-72-3a-39-32-38" class="aheart-select__option" role="option" aria-selected="false"><span class="aheart-select__option-content">Item 928</span>
        <!--v-if-->
      </div>
      <div id="aheart-select-v-0-listbox-option-6e-75-6d-62-65-72-3a-39-32-39" class="aheart-select__option" role="option" aria-selected="false"><span class="aheart-select__option-content">Item 929</span>
        <!--v-if-->
      </div>
      <div id="aheart-select-v-0-listbox-option-6e-75-6d-62-65-72-3a-39-33-30" class="aheart-select__option" role="option" aria-selected="false"><span class="aheart-select__option-content">Item 930</span>
        <!--v-if-->
      </div>
      <div id="aheart-select-v-0-listbox-option-6e-75-6d-62-65-72-3a-39-33-31" class="aheart-select__option" role="option" aria-selected="false"><span class="aheart-select__option-content">Item 931</span>
        <!--v-if-->
      </div>
      <div id="aheart-select-v-0-listbox-option-6e-75-6d-62-65-72-3a-39-33-32" class="aheart-select__option" role="option" aria-selected="false"><span class="aheart-select__option-content">Item 932</span>
        <!--v-if-->
      </div>
      <div id="aheart-select-v-0-listbox-option-6e-75-6d-62-65-72-3a-39-33-33" class="aheart-select__option" role="option" aria-selected="false"><span class="aheart-select__option-content">Item 933</span>
        <!--v-if-->
      </div>
      <div id="aheart-select-v-0-listbox-option-6e-75-6d-62-65-72-3a-39-33-34" class="aheart-select__option" role="option" aria-selected="false"><span class="aheart-select__option-content">Item 934</span>
        <!--v-if-->
      </div>
      <div id="aheart-select-v-0-listbox-option-6e-75-6d-62-65-72-3a-39-33-35" class="aheart-select__option" role="option" aria-selected="false"><span class="aheart-select__option-content">Item 935</span>
        <!--v-if-->
      </div>
      <div id="aheart-select-v-0-listbox-option-6e-75-6d-62-65-72-3a-39-33-36" class="aheart-select__option" role="option" aria-selected="false"><span class="aheart-select__option-content">Item 936</span>
        <!--v-if-->
      </div>
      <div id="aheart-select-v-0-listbox-option-6e-75-6d-62-65-72-3a-39-33-37" class="aheart-select__option" role="option" aria-selected="false"><span class="aheart-select__option-content">Item 937</span>
        <!--v-if-->
      </div>
      <div id="aheart-select-v-0-listbox-option-6e-75-6d-62-65-72-3a-39-33-38" class="aheart-select__option" role="option" aria-selected="false"><span class="aheart-select__option-content">Item 938</span>
        <!--v-if-->
      </div>
      <div id="aheart-select-v-0-listbox-option-6e-75-6d-62-65-72-3a-39-33-39" class="aheart-select__option" role="option" aria-selected="false"><span class="aheart-select__option-content">Item 939</span>
        <!--v-if-->
      </div>
      <div id="aheart-select-v-0-listbox-option-6e-75-6d-62-65-72-3a-39-34-30" class="aheart-select__option" role="option" aria-selected="false"><span class="aheart-select__option-content">Item 940</span>
        <!--v-if-->
      </div>
      <div id="aheart-select-v-0-listbox-option-6e-75-6d-62-65-72-3a-39-34-31" class="aheart-select__option" role="option" aria-selected="false"><span class="aheart-select__option-content">Item 941</span>
        <!--v-if-->
      </div>
      <div id="aheart-select-v-0-listbox-option-6e-75-6d-62-65-72-3a-39-34-32" class="aheart-select__option" role="option" aria-selected="false"><span class="aheart-select__option-content">Item 942</span>
        <!--v-if-->
      </div>
      <div id="aheart-select-v-0-listbox-option-6e-75-6d-62-65-72-3a-39-34-33" class="aheart-select__option" role="option" aria-selected="false"><span class="aheart-select__option-content">Item 943</span>
        <!--v-if-->
      </div>
      <div id="aheart-select-v-0-listbox-option-6e-75-6d-62-65-72-3a-39-34-34" class="aheart-select__option" role="option" aria-selected="false"><span class="aheart-select__option-content">Item 944</span>
        <!--v-if-->
      </div>
      <div id="aheart-select-v-0-listbox-option-6e-75-6d-62-65-72-3a-39-34-35" class="aheart-select__option" role="option" aria-selected="false"><span class="aheart-select__option-content">Item 945</span>
        <!--v-if-->
      </div>
      <div id="aheart-select-v-0-listbox-option-6e-75-6d-62-65-72-3a-39-34-36" class="aheart-select__option" role="option" aria-selected="false"><span class="aheart-select__option-content">Item 946</span>
        <!--v-if-->
      </div>
      <div id="aheart-select-v-0-listbox-option-6e-75-6d-62-65-72-3a-39-34-37" class="aheart-select__option" role="option" aria-selected="false"><span class="aheart-select__option-content">Item 947</span>
        <!--v-if-->
      </div>
      <div id="aheart-select-v-0-listbox-option-6e-75-6d-62-65-72-3a-39-34-38" class="aheart-select__option" role="option" aria-selected="false"><span class="aheart-select__option-content">Item 948</span>
        <!--v-if-->
      </div>
      <div id="aheart-select-v-0-listbox-option-6e-75-6d-62-65-72-3a-39-34-39" class="aheart-select__option" role="option" aria-selected="false"><span class="aheart-select__option-content">Item 949</span>
        <!--v-if-->
      </div>
      <div id="aheart-select-v-0-listbox-option-6e-75-6d-62-65-72-3a-39-35-30" class="aheart-select__option" role="option" aria-selected="false"><span class="aheart-select__option-content">Item 950</span>
        <!--v-if-->
      </div>
      <div id="aheart-select-v-0-listbox-option-6e-75-6d-62-65-72-3a-39-35-31" class="aheart-select__option" role="option" aria-selected="false"><span class="aheart-select__option-content">Item 951</span>
        <!--v-if-->
      </div>
      <div id="aheart-select-v-0-listbox-option-6e-75-6d-62-65-72-3a-39-35-32" class="aheart-select__option" role="option" aria-selected="false"><span class="aheart-select__option-content">Item 952</span>
        <!--v-if-->
      </div>
      <div id="aheart-select-v-0-listbox-option-6e-75-6d-62-65-72-3a-39-35-33" class="aheart-select__option" role="option" aria-selected="false"><span class="aheart-select__option-content">Item 953</span>
        <!--v-if-->
      </div>
      <div id="aheart-select-v-0-listbox-option-6e-75-6d-62-65-72-3a-39-35-34" class="aheart-select__option" role="option" aria-selected="false"><span class="aheart-select__option-content">Item 954</span>
        <!--v-if-->
      </div>
      <div id="aheart-select-v-0-listbox-option-6e-75-6d-62-65-72-3a-39-35-35" class="aheart-select__option" role="option" aria-selected="false"><span class="aheart-select__option-content">Item 955</span>
        <!--v-if-->
      </div>
      <div id="aheart-select-v-0-listbox-option-6e-75-6d-62-65-72-3a-39-35-36" class="aheart-select__option" role="option" aria-selected="false"><span class="aheart-select__option-content">Item 956</span>
        <!--v-if-->
      </div>
      <div id="aheart-select-v-0-listbox-option-6e-75-6d-62-65-72-3a-39-35-37" class="aheart-select__option" role="option" aria-selected="false"><span class="aheart-select__option-content">Item 957</span>
        <!--v-if-->
      </div>
      <div id="aheart-select-v-0-listbox-option-6e-75-6d-62-65-72-3a-39-35-38" class="aheart-select__option" role="option" aria-selected="false"><span class="aheart-select__option-content">Item 958</span>
        <!--v-if-->
      </div>
      <div id="aheart-select-v-0-listbox-option-6e-75-6d-62-65-72-3a-39-35-39" class="aheart-select__option" role="option" aria-selected="false"><span class="aheart-select__option-content">Item 959</span>
        <!--v-if-->
      </div>
      <div id="aheart-select-v-0-listbox-option-6e-75-6d-62-65-72-3a-39-36-30" class="aheart-select__option" role="option" aria-selected="false"><span class="aheart-select__option-content">Item 960</span>
        <!--v-if-->
      </div>
      <div id="aheart-select-v-0-listbox-option-6e-75-6d-62-65-72-3a-39-36-31" class="aheart-select__option" role="option" aria-selected="false"><span class="aheart-select__option-content">Item 961</span>
        <!--v-if-->
      </div>
      <div id="aheart-select-v-0-listbox-option-6e-75-6d-62-65-72-3a-39-36-32" class="aheart-select__option" role="option" aria-selected="false"><span class="aheart-select__option-content">Item 962</span>
        <!--v-if-->
      </div>
      <div id="aheart-select-v-0-listbox-option-6e-75-6d-62-65-72-3a-39-36-33" class="aheart-select__option" role="option" aria-selected="false"><span class="aheart-select__option-content">Item 963</span>
        <!--v-if-->
      </div>
      <div id="aheart-select-v-0-listbox-option-6e-75-6d-62-65-72-3a-39-36-34" class="aheart-select__option" role="option" aria-selected="false"><span class="aheart-select__option-content">Item 964</span>
        <!--v-if-->
      </div>
      <div id="aheart-select-v-0-listbox-option-6e-75-6d-62-65-72-3a-39-36-35" class="aheart-select__option" role="option" aria-selected="false"><span class="aheart-select__option-content">Item 965</span>
        <!--v-if-->
      </div>
      <div id="aheart-select-v-0-listbox-option-6e-75-6d-62-65-72-3a-39-36-36" class="aheart-select__option" role="option" aria-selected="false"><span class="aheart-select__option-content">Item 966</span>
        <!--v-if-->
      </div>
      <div id="aheart-select-v-0-listbox-option-6e-75-6d-62-65-72-3a-39-36-37" class="aheart-select__option" role="option" aria-selected="false"><span class="aheart-select__option-content">Item 967</span>
        <!--v-if-->
      </div>
      <div id="aheart-select-v-0-listbox-option-6e-75-6d-62-65-72-3a-39-36-38" class="aheart-select__option" role="option" aria-selected="false"><span class="aheart-select__option-content">Item 968</span>
        <!--v-if-->
      </div>
      <div id="aheart-select-v-0-listbox-option-6e-75-6d-62-65-72-3a-39-36-39" class="aheart-select__option" role="option" aria-selected="false"><span class="aheart-select__option-content">Item 969</span>
        <!--v-if-->
      </div>
      <div id="aheart-select-v-0-listbox-option-6e-75-6d-62-65-72-3a-39-37-30" class="aheart-select__option" role="option" aria-selected="false"><span class="aheart-select__option-content">Item 970</span>
        <!--v-if-->
      </div>
      <div id="aheart-select-v-0-listbox-option-6e-75-6d-62-65-72-3a-39-37-31" class="aheart-select__option" role="option" aria-selected="false"><span class="aheart-select__option-content">Item 971</span>
        <!--v-if-->
      </div>
      <div id="aheart-select-v-0-listbox-option-6e-75-6d-62-65-72-3a-39-37-32" class="aheart-select__option" role="option" aria-selected="false"><span class="aheart-select__option-content">Item 972</span>
        <!--v-if-->
      </div>
      <div id="aheart-select-v-0-listbox-option-6e-75-6d-62-65-72-3a-39-37-33" class="aheart-select__option" role="option" aria-selected="false"><span class="aheart-select__option-content">Item 973</span>
        <!--v-if-->
      </div>
      <div id="aheart-select-v-0-listbox-option-6e-75-6d-62-65-72-3a-39-37-34" class="aheart-select__option" role="option" aria-selected="false"><span class="aheart-select__option-content">Item 974</span>
        <!--v-if-->
      </div>
      <div id="aheart-select-v-0-listbox-option-6e-75-6d-62-65-72-3a-39-37-35" class="aheart-select__option" role="option" aria-selected="false"><span class="aheart-select__option-content">Item 975</span>
        <!--v-if-->
      </div>
      <div id="aheart-select-v-0-listbox-option-6e-75-6d-62-65-72-3a-39-37-36" class="aheart-select__option" role="option" aria-selected="false"><span class="aheart-select__option-content">Item 976</span>
        <!--v-if-->
      </div>
      <div id="aheart-select-v-0-listbox-option-6e-75-6d-62-65-72-3a-39-37-37" class="aheart-select__option" role="option" aria-selected="false"><span class="aheart-select__option-content">Item 977</span>
        <!--v-if-->
      </div>
      <div id="aheart-select-v-0-listbox-option-6e-75-6d-62-65-72-3a-39-37-38" class="aheart-select__option" role="option" aria-selected="false"><span class="aheart-select__option-content">Item 978</span>
        <!--v-if-->
      </div>
      <div id="aheart-select-v-0-listbox-option-6e-75-6d-62-65-72-3a-39-37-39" class="aheart-select__option" role="option" aria-selected="false"><span class="aheart-select__option-content">Item 979</span>
        <!--v-if-->
      </div>
      <div id="aheart-select-v-0-listbox-option-6e-75-6d-62-65-72-3a-39-38-30" class="aheart-select__option" role="option" aria-selected="false"><span class="aheart-select__option-content">Item 980</span>
        <!--v-if-->
      </div>
      <div id="aheart-select-v-0-listbox-option-6e-75-6d-62-65-72-3a-39-38-31" class="aheart-select__option" role="option" aria-selected="false"><span class="aheart-select__option-content">Item 981</span>
        <!--v-if-->
      </div>
      <div id="aheart-select-v-0-listbox-option-6e-75-6d-62-65-72-3a-39-38-32" class="aheart-select__option" role="option" aria-selected="false"><span class="aheart-select__option-content">Item 982</span>
        <!--v-if-->
      </div>
      <div id="aheart-select-v-0-listbox-option-6e-75-6d-62-65-72-3a-39-38-33" class="aheart-select__option" role="option" aria-selected="false"><span class="aheart-select__option-content">Item 983</span>
        <!--v-if-->
      </div>
      <div id="aheart-select-v-0-listbox-option-6e-75-6d-62-65-72-3a-39-38-34" class="aheart-select__option" role="option" aria-selected="false"><span class="aheart-select__option-content">Item 984</span>
        <!--v-if-->
      </div>
      <div id="aheart-select-v-0-listbox-option-6e-75-6d-62-65-72-3a-39-38-35" class="aheart-select__option" role="option" aria-selected="false"><span class="aheart-select__option-content">Item 985</span>
        <!--v-if-->
      </div>
      <div id="aheart-select-v-0-listbox-option-6e-75-6d-62-65-72-3a-39-38-36" class="aheart-select__option" role="option" aria-selected="false"><span class="aheart-select__option-content">Item 986</span>
        <!--v-if-->
      </div>
      <div id="aheart-select-v-0-listbox-option-6e-75-6d-62-65-72-3a-39-38-37" class="aheart-select__option" role="option" aria-selected="false"><span class="aheart-select__option-content">Item 987</span>
        <!--v-if-->
      </div>
      <div id="aheart-select-v-0-listbox-option-6e-75-6d-62-65-72-3a-39-38-38" class="aheart-select__option" role="option" aria-selected="false"><span class="aheart-select__option-content">Item 988</span>
        <!--v-if-->
      </div>
      <div id="aheart-select-v-0-listbox-option-6e-75-6d-62-65-72-3a-39-38-39" class="aheart-select__option" role="option" aria-selected="false"><span class="aheart-select__option-content">Item 989</span>
        <!--v-if-->
      </div>
      <div id="aheart-select-v-0-listbox-option-6e-75-6d-62-65-72-3a-39-39-30" class="aheart-select__option" role="option" aria-selected="false"><span class="aheart-select__option-content">Item 990</span>
        <!--v-if-->
      </div>
      <div id="aheart-select-v-0-listbox-option-6e-75-6d-62-65-72-3a-39-39-31" class="aheart-select__option" role="option" aria-selected="false"><span class="aheart-select__option-content">Item 991</span>
        <!--v-if-->
      </div>
      <div id="aheart-select-v-0-listbox-option-6e-75-6d-62-65-72-3a-39-39-32" class="aheart-select__option" role="option" aria-selected="false"><span class="aheart-select__option-content">Item 992</span>
        <!--v-if-->
      </div>
      <div id="aheart-select-v-0-listbox-option-6e-75-6d-62-65-72-3a-39-39-33" class="aheart-select__option" role="option" aria-selected="false"><span class="aheart-select__option-content">Item 993</span>
        <!--v-if-->
      </div>
      <div id="aheart-select-v-0-listbox-option-6e-75-6d-62-65-72-3a-39-39-34" class="aheart-select__option" role="option" aria-selected="false"><span class="aheart-select__option-content">Item 994</span>
        <!--v-if-->
      </div>
      <div id="aheart-select-v-0-listbox-option-6e-75-6d-62-65-72-3a-39-39-35" class="aheart-select__option" role="option" aria-selected="false"><span class="aheart-select__option-content">Item 995</span>
        <!--v-if-->
      </div>
      <div id="aheart-select-v-0-listbox-option-6e-75-6d-62-65-72-3a-39-39-36" class="aheart-select__option" role="option" aria-selected="false"><span class="aheart-select__option-content">Item 996</span>
        <!--v-if-->
      </div>
      <div id="aheart-select-v-0-listbox-option-6e-75-6d-62-65-72-3a-39-39-37" class="aheart-select__option" role="option" aria-selected="false"><span class="aheart-select__option-content">Item 997</span>
        <!--v-if-->
      </div>
      <div id="aheart-select-v-0-listbox-option-6e-75-6d-62-65-72-3a-39-39-38" class="aheart-select__option" role="option" aria-selected="false"><span class="aheart-select__option-content">Item 998</span>
        <!--v-if-->
      </div>
      <div id="aheart-select-v-0-listbox-option-6e-75-6d-62-65-72-3a-39-39-39" class="aheart-select__option is-selected" role="option" aria-selected="true"><span class="aheart-select__option-content">Item 999</span><span class="aheart-icon" style="--aheart-icon-size: 16px;" aria-hidden="true"><svg xmlns="http://www.w3.org/2000/svg" width="24" height="24" viewBox="0 0 24 24" fill="none" stroke="currentColor" stroke-width="2" stroke-linecap="round" stroke-linejoin="round" class="lucide lucide-check-icon lucide-check aheart-icon__svg" aria-hidden="true" focusable="false"><path d="M20 6 9 17l-5-5"></path></svg></span></div>
      <!--v-if-->
    </div>
  </div>
</teleport-stub></span>
 ❯ VueWrapper.get ../../node_modules/.pnpm/@vue+test-utils@2.4.11_@vue+compiler-dom@3.5.38_@vue+server-renderer@3.5.38_vue@3.5.38__2a01e9f080d654c803257b80332fc116/node_modules/@vue/test-utils/dist/vue-test-utils.cjs.js:7182:15
    7180|             return result;
    7181|         }
    7182|         throw new Error(`Unable to get ${selector} within: ${this.html…
       |               ^
    7183|     }
    7184|     getComponent(selector) {
 ❯ src/select/__tests__/select-virtual.test.ts:24:20

⎯⎯⎯⎯⎯⎯⎯⎯⎯⎯⎯⎯⎯⎯⎯⎯⎯⎯⎯⎯⎯⎯⎯⎯[2/4]⎯

 FAIL  src/select/__tests__/select-virtual.test.ts > Select virtual integration > retains typed active identity through search and replaces removed active
AssertionError: expected 'Number' to contain 'String'

- Expected
+ Received

- String
+ Number

 ❯ src/select/__tests__/select-virtual.test.ts:36:61
     34|     const input = wrapper.get('input[role="combobox"]')
     35|     await input.trigger('keydown', { key: 'ArrowDown' })
     36|     expect(wrapper.get('.is-active[role="option"]').text()).toContain(…
       |                                                             ^
     37|     await wrapper.setProps({ options: [{ label: 'String changed', valu…
     38|     expect(wrapper.get('.is-active[role="option"]').text()).toContain(…

⎯⎯⎯⎯⎯⎯⎯⎯⎯⎯⎯⎯⎯⎯⎯⎯⎯⎯⎯⎯⎯⎯⎯⎯[3/4]⎯

 FAIL  src/select/__tests__/select-virtual.test.ts > Select virtual integration > skips disabled items and emits only one multiple Enter and clear
AssertionError: expected 'Item 20' to contain 'Item 21'

- Expected
+ Received

- Item 21
+ Item 20

 ❯ src/select/__tests__/select-virtual.test.ts:50:61
     48|     const input = wrapper.get('input[role="combobox"]')
     49|     for (let index = 0; index < 20; index++) await input.trigger('keyd…
     50|     expect(wrapper.get('.is-active[role="option"]').text()).toContain(…
       |                                                             ^
     51|     await input.trigger('keydown', { key: 'Enter' })
     52|     expect(wrapper.emitted('update:modelValue')).toEqual([[[21]]])

⎯⎯⎯⎯⎯⎯⎯⎯⎯⎯⎯⎯⎯⎯⎯⎯⎯⎯⎯⎯⎯⎯⎯⎯[4/4]⎯

 Test Files  1 failed (1)
      Tests  4 failed | 1 passed (5)
   Start at  13:29:22
   Duration  2.38s (transform 175ms, setup 0ms, collect 255ms, tests 1.87s, environment 130ms, prepare 28ms)

