
[WebServer] (node:40221) Warning: The 'NO_COLOR' env is ignored due to the 'FORCE_COLOR' env being set.
[WebServer] (Use `node --trace-warnings ...` to show where the warning was created)

[WebServer] (node:40232) Warning: The 'NO_COLOR' env is ignored due to the 'FORCE_COLOR' env being set.
[WebServer] (Use `node --trace-warnings ...` to show where the warning was created)

[WebServer] (node:40246) Warning: The 'NO_COLOR' env is ignored due to the 'FORCE_COLOR' env being set.
[WebServer] (Use `node --trace-warnings ...` to show where the warning was created)

[WebServer] - building client + server bundles...

[WebServer] 
[WebServer] (!) Some chunks are larger than 500 kB after minification. Consider:
[WebServer] - Using dynamic import() to code-split the application
[WebServer] - Use build.rollupOptions.output.manualChunks to improve chunking: https://rollupjs.org/configuration-options/#output-manualchunks
[WebServer] - Adjust chunk size limit for this warning via build.chunkSizeWarningLimit.

[WebServer] ✓ building client + server bundles...

[WebServer] - rendering pages...

[WebServer] ✓ rendering pages...

[WebServer] (node:41008) Warning: The 'NO_COLOR' env is ignored due to the 'FORCE_COLOR' env being set.
[WebServer] (Use `node --trace-warnings ...` to show where the warning was created)

[WebServer] (node:41019) Warning: The 'NO_COLOR' env is ignored due to the 'FORCE_COLOR' env being set.
[WebServer] (Use `node --trace-warnings ...` to show where the warning was created)

Running 571 tests using 2 workers


(node:41033) Warning: The 'NO_COLOR' env is ignored due to the 'FORCE_COLOR' env being set.
(Use `node --trace-warnings ...` to show where the warning was created)


(node:41034) Warning: The 'NO_COLOR' env is ignored due to the 'FORCE_COLOR' env being set.
(Use `node --trace-warnings ...` to show where the warning was created)

[1/571] [desktop] › e2e/agent-workbench.spec.ts:3:5 › desktop workbench renders resizable three-pane layout
[2/571] [desktop] › e2e/a11y-visual.spec.ts:89:7 › QG4 accessibility and visual regression gates › critical and serious axe violations are zero for every target route
[3/571] [desktop] › e2e/agent-workbench.spec.ts:12:5 › mobile workbench opens execution drawer from tabs
[4/571] [desktop] › e2e/agent-workbench.spec.ts:22:5 › mobile workbench tabs provide 40px targets and arrow-key activation
[5/571] [desktop] › e2e/config-provider.spec.ts:5:5 › ConfigProvider workbench updates real descendants across locale, size, disabled, theme, and nesting
[6/571] [desktop] › e2e/cross-browser-production.spec.ts:58:3 › QG5 production cross-browser gates › production assets load and interactive routes hydrate without runtime errors
[7/571] [desktop] › e2e/cross-browser-production.spec.ts:71:3 › QG5 production cross-browser gates › Floating UI remains visible after scrolling, resizing, and edge adjustment
[8/571] [desktop] › e2e/cross-browser-production.spec.ts:90:3 › QG5 production cross-browser gates › Teleport overlays close cleanly and restore focus
[9/571] [desktop] › e2e/cross-browser-production.spec.ts:108:3 › QG5 production cross-browser gates › mobile production surfaces stay within the viewport
[10/571] [desktop] › e2e/cross-browser-r1.spec.ts:62:7 › QG5 R1 production cross-browser smoke › Form completes async validation, correction, and reset
[11/571] [desktop] › e2e/a11y-visual.spec.ts:96:7 › QG4 accessibility and visual regression gates › critical and serious axe violations are zero for opened overlays
[12/571] [desktop] › e2e/cross-browser-r1.spec.ts:80:7 › QG5 R1 production cross-browser smoke › Select selects, clears multiple values, and closes by keyboard
[13/571] [desktop] › e2e/cross-browser-r1.spec.ts:104:7 › QG5 R1 production cross-browser smoke › DatePicker commits a date-time draft and cancels a later edit
[14/571] [desktop] › e2e/cross-browser-r1.spec.ts:123:7 › QG5 R1 production cross-browser smoke › Table sorts, selects, expands, and paginates records
[15/571] [desktop] › e2e/a11y-visual.spec.ts:117:7 › QG4 accessibility and visual regression gates › evidence manifest binds QG4 coverage to the project and reviewed commit
[16/571] [desktop] › e2e/a11y-visual.spec.ts:137:7 › QG4 accessibility and visual regression gates › production routes hydrate without Vue warnings or hydration mismatches
[17/571] [desktop] › e2e/cross-browser-r1.spec.ts:141:7 › QG5 R1 production cross-browser smoke › Upload reports progress, recovers a failure, and enforces disabled state
[18/571] [desktop] › e2e/cross-browser-r1.spec.ts:164:7 › QG5 R1 production cross-browser smoke › Modal opens, cancels by keyboard, and restores its trigger
[19/571] [desktop] › e2e/cross-browser-r1.spec.ts:179:7 › QG5 R1 production cross-browser smoke › nested overlays close topmost-first and keep scroll and focus ownership
[20/571] [desktop] › e2e/a11y-visual.spec.ts:193:7 › QG4 accessibility and visual regression gates › target routes expose visible keyboard focus
[21/571] [desktop] › e2e/cross-browser-r1.spec.ts:230:7 › QG5 R1 production cross-browser smoke › DnD sorts by keyboard and Splitter resizes by keyboard
[22/571] [desktop] › e2e/cross-browser-r1.spec.ts:251:7 › QG5 R1 production cross-browser smoke › AI Workbench retries a task, completes approval, and previews an artifact
[23/571] [desktop] › e2e/d4-iframe.spec.ts:80:7 › same-origin iframe Select focus, Escape restore, and SPA unmount cleanup
[24/571] [desktop] › e2e/a11y-visual.spec.ts:200:7 › QG4 accessibility and visual regression gates › Select opens, selects with the keyboard, and restores focus on Escape
[25/571] [desktop] › e2e/d4-iframe.spec.ts:80:7 › same-origin iframe TreeSelect focus, Escape restore, and SPA unmount cleanup
[26/571] [desktop] › e2e/a11y-visual.spec.ts:221:7 › QG4 accessibility and visual regression gates › Menu supports real directional navigation, Enter selection, and Escape
[27/571] [desktop] › e2e/d4-iframe.spec.ts:80:7 › same-origin iframe Cascader focus, Escape restore, and SPA unmount cleanup
[28/571] [desktop] › e2e/a11y-visual.spec.ts:239:7 › QG4 accessibility and visual regression gates › Table sort button responds to keyboard activation
[29/571] [desktop] › e2e/d4-select-virtual.spec.ts:15:5 › Select virtual tail, disabled navigation, dynamic height and scroll anchoring
[30/571] [desktop] › e2e/a11y-visual.spec.ts:252:7 › QG4 accessibility and visual regression gates › Splitter separator adjusts from the keyboard and updates aria-valuenow
[31/571] [desktop] › e2e/d4-select-virtual.spec.ts:88:5 › Select virtual uses iframe realm and disposes after SPA unmount
[32/571] [desktop] › e2e/a11y-visual.spec.ts:265:7 › QG4 accessibility and visual regression gates › Splitter mobile separator keeps a visual line while exposing a touch hit area
[33/571] [desktop] › e2e/a11y-visual.spec.ts:288:7 › QG4 accessibility and visual regression gates › Chinese long copy remains within the viewport at 200 percent zoom
[34/571] [desktop] › e2e/d4-selection.spec.ts:3:5 › D4 Tree linked checks expose mixed state and lazy failure retry
[35/571] [desktop] › e2e/d4-selection.spec.ts:25:5 › D4 TreeSelect searching retains the full linked selection model
[36/571] [desktop] › e2e/date-picker.spec.ts:8:5 › DatePicker completes format, mode, multiple and preset workflows
[37/571] [desktop] › e2e/date-picker.spec.ts:45:5 › DatePicker keeps showTime as a confirmable draft and supports keyboard focus
[38/571] [desktop] › e2e/date-picker.spec.ts:65:5 › DatePicker remains reachable on a narrow viewport
[39/571] [desktop] › e2e/a11y-visual.spec.ts:310:7 › QG4 accessibility and visual regression gates › target panel text and controls remain visible and operable at 200 percent zoom
[40/571] [desktop] › e2e/date-picker.spec.ts:105:5 › DatePicker does not widen the mobile page under wider font metrics
[41/571] [desktop] › e2e/date-picker.spec.ts:124:5 › DatePicker keeps the mobile showTime footer interactive under wider font metrics
[42/571] [desktop] › e2e/a11y-visual.spec.ts:323:7 › QG4 accessibility and visual regression gates › AI Workbench exposes the execution and artifact state on mobile
[43/571] [desktop] › e2e/a11y-visual.spec.ts:353:7 › QG4 accessibility and visual regression gates › AI Workbench opens the pending approval directly from the mobile summary
[44/571] [desktop] › e2e/a11y-visual.spec.ts:365:7 › QG4 accessibility and visual regression gates › desktop component surface screenshots match baselines
[45/571] [desktop] › e2e/date-picker.spec.ts:142:5 › DatePicker uses a coherent dark popup surface
[46/571] [desktop] › e2e/date-range-picker.spec.ts:8:5 › DateRangePicker completes a range with one coordinated popup
[47/571] [desktop] › e2e/date-range-picker.spec.ts:33:5 › DateRangePicker keeps date-time edits draft-only until confirmation
[48/571] [desktop] › e2e/date-range-picker.spec.ts:53:5 › DateRangePicker stays within the mobile viewport with a fixed action area
[49/571] [desktop] › e2e/dnd-splitter.spec.ts:133:7 › QG2 中文 DnD fixture › exposes same-list keyboard sorting, counts, status, and live region
[50/571] [desktop] › e2e/dnd-splitter.spec.ts:148:7 › QG2 中文 DnD fixture › sorts from a focused handle with Alt+Arrow and restores focus to that handle
[51/571] [desktop] › e2e/dnd-splitter.spec.ts:160:7 › QG2 中文 DnD fixture › moves a focused handle across compatible lists with Alt+Arrow and announces the destination
[52/571] [desktop] › e2e/a11y-visual.spec.ts:377:7 › QG4 accessibility and visual regression gates › mobile component surface screenshots match baselines
[53/571] [desktop] › e2e/dnd-splitter.spec.ts:176:7 › QG2 中文 DnD fixture › uses an accessible deep-blue color for DnD status text without changing the handle focus color
[54/571] [desktop] › e2e/dnd-splitter.spec.ts:183:7 › QG2 中文 DnD fixture › reorders a list once with a real pointer drag
[55/571] [desktop] › e2e/dnd-splitter.spec.ts:192:7 › QG2 中文 DnD fixture › keeps legacy desktop whole-item native dragging without handleProps
[56/571] [desktop] › e2e/dnd-splitter.spec.ts:202:7 › QG2 中文 DnD fixture › reorders from a trusted Chromium touch sequence on the handle
[57/571] [desktop] › e2e/dnd-splitter.spec.ts:238:7 › QG2 中文 DnD fixture › naturally scrolls from trusted Chromium touch input on item content without sorting
[58/571] [desktop] › e2e/dnd-splitter.spec.ts:268:7 › QG2 中文 DnD fixture › runs the touch handle state machine with scripted PointerEvents in mobile WebKit
[59/571] [desktop] › e2e/dnd-splitter.spec.ts:301:7 › QG2 中文 DnD fixture › moves across lists and accepts an empty destination with a real pointer drag
[60/571] [desktop] › e2e/a11y-visual.spec.ts:389:7 › QG4 accessibility and visual regression gates › reduced motion disables transition and animation durations
[61/571] [desktop] › e2e/dnd-splitter.spec.ts:323:7 › QG2 中文 DnD fixture › moves a trusted Chromium touch handle across a non-empty list and then into an empty list exactly once per list
[62/571] [desktop] › e2e/dnd-splitter.spec.ts:364:7 › QG2 中文 DnD fixture › keeps disabled and rejected destinations unchanged
[63/571] [desktop] › e2e/dnd-splitter.spec.ts:399:7 › QG2 中文 DnD fixture › rejects trusted Chromium touch moves to disabled and different-group lists without leaving drag UI behind
[64/571] [desktop] › e2e/dnd-splitter.spec.ts:444:7 › QG2 中文 DnD fixture › keeps the mobile workbench readable and its states explicit
[65/571] [desktop] › e2e/dnd-splitter.spec.ts:462:7 › QG2 中文 DnD fixture › keeps item content scrollable during scripted touch events in mobile WebKit while only the handle disables touch gestures
[66/571] [desktop] › e2e/dnd-splitter.spec.ts:526:7 › QG2 中文 DnD fixture › auto-scrolls a nested region and cancels without moving
[67/571] [desktop] › e2e/docs-component-smoke.spec.ts:25:5 › component lists and tables are isolated from VitePress content styles
[68/571] [desktop] › e2e/dnd-splitter.spec.ts:549:7 › QG2 中文 DnD fixture › hands auto-scroll from an exhausted inner region to its outer ancestor
[69/571] [desktop] › e2e/docs-component-smoke.spec.ts:56:5 › form control demos update their visible state
[70/571] [desktop] › e2e/dnd-splitter.spec.ts:573:7 › QG2 中文 DnD fixture › unmounts and remounts without stale drag state
[71/571] [desktop] › e2e/dnd-splitter.spec.ts:606:7 › QG2 中文 Splitter fixture › renders horizontal, vertical, and three-panel splitters with state output
[72/571] [desktop] › e2e/docs-component-smoke.spec.ts:97:5 › feedback demos execute instead of throwing runtime errors
[73/571] [desktop] › e2e/dnd-splitter.spec.ts:664:7 › QG2 中文 Splitter fixture › enforces percentage bounds and recomputes them after container resize
[74/571] [desktop] › e2e/docs-component-smoke.spec.ts:113:5 › icon documentation loads without runtime errors
[75/571] [desktop] › e2e/dnd-splitter.spec.ts:687:7 › QG2 中文 Splitter fixture › keeps lazy values unchanged while dragging and commits on pointerup
[76/571] [desktop] › e2e/docs-component-smoke.spec.ts:126:9 › Chinese Ready component routes › /components/config-provider loads without runtime errors
[77/571] [desktop] › e2e/dnd-splitter.spec.ts:712:7 › QG2 中文 Splitter fixture › commits lazy values after a trusted Chromium touch sequence
[78/571] [desktop] › e2e/docs-component-smoke.spec.ts:126:9 › Chinese Ready component routes › /components/typography loads without runtime errors
[79/571] [desktop] › e2e/dnd-splitter.spec.ts:747:7 › QG2 中文 Splitter fixture › runs the lazy touch state machine with scripted PointerEvents in mobile WebKit
[80/571] [desktop] › e2e/docs-component-smoke.spec.ts:126:9 › Chinese Ready component routes › /components/icon loads without runtime errors
[81/571] [desktop] › e2e/dnd-splitter.spec.ts:780:7 › QG2 中文 Splitter fixture › drags across the iframe and restores the document after pointerup
[82/571] [desktop] › e2e/docs-component-smoke.spec.ts:126:9 › Chinese Ready component routes › /components/button loads without runtime errors
[83/571] [desktop] › e2e/dnd-splitter.spec.ts:802:7 › QG2 中文 Splitter fixture › cleans up on pointercancel and commits a subsequent pointer drag
[84/571] [desktop] › e2e/docs-component-smoke.spec.ts:126:9 › Chinese Ready component routes › /components/space loads without runtime errors
[85/571] [desktop] › e2e/docs-component-smoke.spec.ts:126:9 › Chinese Ready component routes › /components/flex loads without runtime errors
[86/571] [desktop] › e2e/dnd-splitter.spec.ts:836:7 › QG2 中文 Splitter fixture › cancels on window blur and cleans up when unmounted during a resize
[87/571] [desktop] › e2e/docs-component-smoke.spec.ts:126:9 › Chinese Ready component routes › /components/grid loads without runtime errors
[88/571] [desktop] › e2e/dnd-splitter.spec.ts:860:7 › QG2 中文 Splitter fixture › cleans global drag state when navigating between Splitter and DnD
[89/571] [desktop] › e2e/docs-component-smoke.spec.ts:126:9 › Chinese Ready component routes › /components/divider loads without runtime errors
[90/571] [desktop] › e2e/dnd-splitter.spec.ts:898:7 › QG2 中文 Splitter fixture › navigates between DnD and Splitter through the real sidebar without runtime errors
[91/571] [desktop] › e2e/docs-component-smoke.spec.ts:126:9 › Chinese Ready component routes › /components/menu loads without runtime errors
[92/571] [desktop] › e2e/docs-component-smoke.spec.ts:126:9 › Chinese Ready component routes › /components/tabs loads without runtime errors
[93/571] [desktop] › e2e/dnd-splitter.spec.ts:920:7 › QG2 中文 Splitter fixture › updates from external InputNumber and keeps a visible iframe in the splitter
[94/571] [desktop] › e2e/docs-component-smoke.spec.ts:126:9 › Chinese Ready component routes › /components/breadcrumb loads without runtime errors
[95/571] [desktop] › e2e/dnd-splitter.spec.ts:930:7 › QG2 中文 Splitter fixture › clamps mobile external sizes to the measured splitter container
[96/571] [desktop] › e2e/docs-component-smoke.spec.ts:126:9 › Chinese Ready component routes › /components/steps loads without runtime errors
[97/571] [desktop] › e2e/dnd-splitter.spec.ts:963:7 › QG2 中文 Splitter fixture › renders the panel API table and keeps mobile controlled sizes inside the fixture
[98/571] [desktop] › e2e/docs-component-smoke.spec.ts:126:9 › Chinese Ready component routes › /components/dropdown loads without runtime errors
[99/571] [desktop] › e2e/dnd-splitter.spec.ts:973:7 › QG2 中文 Splitter fixture › cleans up and remounts the splitter demos
[100/571] [desktop] › e2e/docs-component-smoke.spec.ts:126:9 › Chinese Ready component routes › /components/input loads without runtime errors
[101/571] [desktop] › e2e/docs-information-architecture.spec.ts:3:5 › desktop docs organizes components into eight capability domains
[102/571] [desktop] › e2e/docs-component-smoke.spec.ts:126:9 › Chinese Ready component routes › /components/textarea loads without runtime errors
[103/571] [desktop] › e2e/docs-information-architecture.spec.ts:18:5 › component pages show product context and package ownership
[104/571] [desktop] › e2e/docs-component-smoke.spec.ts:126:9 › Chinese Ready component routes › /components/input-number loads without runtime errors
[105/571] [desktop] › e2e/docs-information-architecture.spec.ts:29:5 › mobile overview keeps capability domains readable
[106/571] [desktop] › e2e/docs-information-architecture.spec.ts:40:5 › Chinese documentation shell and status copy stay localized
[107/571] [desktop] › e2e/feedback-services.spec.ts:43:5 › Message workbench exercises real service entry, updates, stacking, destroy, and reset
[108/571] [desktop] › e2e/docs-component-smoke.spec.ts:126:9 › Chinese Ready component routes › /components/select loads without runtime errors
[109/571] [desktop] › e2e/feedback-services.spec.ts:80:5 › Modal workbench covers async success, failure recovery, Escape focus, and controlled close rejection
[110/571] [desktop] › e2e/docs-component-smoke.spec.ts:126:9 › Chinese Ready component routes › /components/checkbox loads without runtime errors
[111/571] [desktop] › e2e/docs-component-smoke.spec.ts:126:9 › Chinese Ready component routes › /components/radio loads without runtime errors
[112/571] [desktop] › e2e/docs-component-smoke.spec.ts:126:9 › Chinese Ready component routes › /components/switch loads without runtime errors
[113/571] [desktop] › e2e/docs-component-smoke.spec.ts:126:9 › Chinese Ready component routes › /components/date-picker loads without runtime errors
[114/571] [desktop] › e2e/form-engine.spec.ts:3:5 › account form validates dependencies and recovers from server field errors
[115/571] [desktop] › e2e/docs-component-smoke.spec.ts:126:9 › Chinese Ready component routes › /components/time-picker loads without runtime errors
[116/571] [desktop] › e2e/overlay-motion.spec.ts:11:7 › /components/modal uses a presence phase for its floating surface
[117/571] [desktop] › e2e/docs-component-smoke.spec.ts:126:9 › Chinese Ready component routes › /components/cascader loads without runtime errors
[118/571] [desktop] › e2e/overlay-motion.spec.ts:11:7 › /components/drawer uses a presence phase for its floating surface
[119/571] [desktop] › e2e/docs-component-smoke.spec.ts:126:9 › Chinese Ready component routes › /components/tree-select loads without runtime errors
[120/571] [desktop] › e2e/docs-component-smoke.spec.ts:126:9 › Chinese Ready component routes › /components/upload loads without runtime errors
[121/571] [desktop] › e2e/overlay-motion.spec.ts:11:7 › /components/dropdown uses a presence phase for its floating surface
[122/571] [desktop] › e2e/docs-component-smoke.spec.ts:126:9 › Chinese Ready component routes › /components/form loads without runtime errors
[123/571] [desktop] › e2e/overlay-motion.spec.ts:11:7 › /components/popover uses a presence phase for its floating surface
[124/571] [desktop] › e2e/docs-component-smoke.spec.ts:126:9 › Chinese Ready component routes › /components/table loads without runtime errors
[125/571] [desktop] › e2e/overlay-motion.spec.ts:51:5 › reduced motion settles modal presence without a delayed leave phase
[126/571] [desktop] › e2e/docs-component-smoke.spec.ts:126:9 › Chinese Ready component routes › /components/pagination loads without runtime errors
[127/571] [desktop] › e2e/q2-navigation-overlays.spec.ts:19:5 › warning and danger buttons keep visible labels and accessible contrast
[128/571] [desktop] › e2e/docs-component-smoke.spec.ts:126:9 › Chinese Ready component routes › /components/tree loads without runtime errors
[129/571] [desktop] › e2e/q2-navigation-overlays.spec.ts:43:5 › horizontal dark menu is marker-free and geometrically aligned
[130/571] [desktop] › e2e/docs-component-smoke.spec.ts:126:9 › Chinese Ready component routes › /components/descriptions loads without runtime errors
[131/571] [desktop] › e2e/docs-component-smoke.spec.ts:126:9 › Chinese Ready component routes › /components/card loads without runtime errors
[132/571] [desktop] › e2e/q2-navigation-overlays.spec.ts:81:5 › steps connectors stay centered for small vertical and default horizontal layouts
[133/571] [desktop] › e2e/docs-component-smoke.spec.ts:126:9 › Chinese Ready component routes › /components/tag loads without runtime errors
[134/571] [desktop] › e2e/q2-navigation-overlays.spec.ts:102:5 › inline submenu keeps a measured leave transition
[135/571] [desktop] › e2e/docs-component-smoke.spec.ts:126:9 › Chinese Ready component routes › /components/badge loads without runtime errors
[136/571] [desktop] › e2e/q2-navigation-overlays.spec.ts:128:5 › dropdown uses real viewport coordinates and restores focus on Escape
[137/571] [desktop] › e2e/docs-component-smoke.spec.ts:126:9 › Chinese Ready component routes › /components/empty loads without runtime errors
[138/571] [desktop] › e2e/q2-navigation-overlays.spec.ts:157:5 › modal closes from the visible background and restores its trigger
[139/571] [desktop] › e2e/docs-component-smoke.spec.ts:126:9 › Chinese Ready component routes › /components/spin loads without runtime errors
[140/571] [desktop] › e2e/docs-component-smoke.spec.ts:126:9 › Chinese Ready component routes › /components/skeleton loads without runtime errors
[141/571] [desktop] › e2e/q2-navigation-overlays.spec.ts:174:5 › popconfirm renders readable confirmation actions
[142/571] [desktop] › e2e/docs-component-smoke.spec.ts:126:9 › Chinese Ready component routes › /components/alert loads without runtime errors
[143/571] [desktop] › e2e/q3-form-controls.spec.ts:5:5 › InputNumber and Textarea demos expose live, editable state
[144/571] [desktop] › e2e/docs-component-smoke.spec.ts:126:9 › Chinese Ready component routes › /components/message loads without runtime errors
[145/571] [desktop] › e2e/q3-form-controls.spec.ts:23:5 › Select supports real popup selection, multiple removal, clear, and loading feedback
[146/571] [desktop] › e2e/docs-component-smoke.spec.ts:126:9 › Chinese Ready component routes › /components/modal loads without runtime errors
[147/571] [desktop] › e2e/q3-form-controls.spec.ts:44:5 › Checkbox and Switch expose native state, loading feedback, and keyboard operation
[148/571] [desktop] › e2e/docs-component-smoke.spec.ts:126:9 › Chinese Ready component routes › /components/drawer loads without runtime errors
[149/571] [desktop] › e2e/q3-form-controls.spec.ts:70:5 › InputNumber spinner preserves the visual order of addons and controls
[150/571] [desktop] › e2e/docs-component-smoke.spec.ts:126:9 › Chinese Ready component routes › /components/tooltip loads without runtime errors
[151/571] [desktop] › e2e/q3-form-controls.spec.ts:87:5 › TimePicker defaults to one-minute steps and supports configured steps and confirmation
[152/571] [desktop] › e2e/docs-component-smoke.spec.ts:126:9 › Chinese Ready component routes › /components/popover loads without runtime errors
[153/571] [desktop] › e2e/docs-component-smoke.spec.ts:126:9 › Chinese Ready component routes › /components/popconfirm loads without runtime errors
[154/571] [desktop] › e2e/q3-form-controls.spec.ts:118:5 › Cascader and TreeSelect overlays align controls and remain marker-free
[155/571] [desktop] › e2e/docs-component-smoke.spec.ts:126:9 › Chinese Ready component routes › /components/splitter loads without runtime errors
[156/571] [desktop] › e2e/q3-form-controls.spec.ts:143:5 › Cascader reports lazy-loading progress before rendering loaded children
[157/571] [desktop] › e2e/docs-component-smoke.spec.ts:126:9 › Chinese Ready component routes › /components/dnd loads without runtime errors
[158/571] [desktop] › e2e/docs-component-smoke.spec.ts:126:9 › Chinese Ready component routes › /components/ai loads without runtime errors
[159/571] [desktop] › e2e/q3-form-controls.spec.ts:156:5 › Q3 controls preserve sizing, status colors, theme states, and visible keyboard focus
[160/571] [desktop] › e2e/docs-component-smoke.spec.ts:126:9 › Chinese Ready component routes › /components/ai-form loads without runtime errors
[161/571] [desktop] › e2e/docs-component-smoke.spec.ts:126:9 › Chinese Ready component routes › /components/ai-agent-workbench loads without runtime errors
[162/571] [desktop] › e2e/q3-form-controls.spec.ts:204:5 › coarse-pointer controls provide reachable touch targets and reveal cascader columns
[163/571] [desktop] › e2e/q4-data-forms.spec.ts:12:5 › Form waits for async validation, reports errors, succeeds, and resets
[164/571] [desktop] › e2e/q5-ai-product-suite.spec.ts:7:5 › AIChatPanel supports prompts, failure recovery, editing, and conversation switching
[165/571] [desktop] › e2e/q4-data-forms.spec.ts:35:5 › Table supports sorting, selection, expansion, pagination, and server page records
[166/571] [desktop] › e2e/q5-ai-product-suite.spec.ts:40:5 › AIChatPanel stops a live stream without accepting late output
[167/571] [desktop] › e2e/q4-data-forms.spec.ts:63:5 › Pagination updates current, page size, and quick jump state without baseline drift
[168/571] [desktop] › e2e/q5-ai-product-suite.spec.ts:52:5 › AIForm groups fields, focuses validation, and exposes async submission states
[169/571] [desktop] › e2e/q4-data-forms.spec.ts:87:5 › Q4 layouts remain readable and keyboard-visible on narrow screens
[170/571] [desktop] › e2e/q5-ai-product-suite.spec.ts:72:5 › Agent workbench completes approval and controlled artifact preview workflows
[171/571] [desktop] › e2e/qg1-quality-matrix.spec.ts:82:7 › QG1 quality matrix usability › desktop shows product tasks inside the component column without adding columns
[172/571] [desktop] › e2e/q5-ai-product-suite.spec.ts:95:5 › AI product surfaces remain operable on mobile
[173/571] [desktop] › e2e/qg1-ready-component-contracts.spec.ts:48:9 › QG1 Ready component contracts › splitter exposes its Chinese product route and component entry
[174/571] [desktop] › e2e/qg1-quality-matrix.spec.ts:96:7 › QG1 quality matrix usability › desktop matrix uses the available width and keeps every table discoverable
[175/571] [desktop] › e2e/qg1-ready-component-contracts.spec.ts:48:9 › QG1 Ready component contracts › dropdown exposes its Chinese product route and component entry
[176/571] [desktop] › e2e/qg1-quality-matrix.spec.ts:107:7 › QG1 quality matrix usability › mobile matrix exposes named regions and every table keeps context at max scroll
[177/571] [desktop] › e2e/time-picker-range.spec.ts:8:5 › TimePicker separates display and value formats and keeps disabled options out of the list
[178/571] [desktop] › e2e/qg1-ready-component-contracts.spec.ts:48:9 › QG1 Ready component contracts › date-picker exposes its Chinese product route and component entry
[179/571] [desktop] › e2e/time-picker-range.spec.ts:17:5 › TimeRangePicker completes one coordinated range draft
[180/571] [desktop] › e2e/qg1-ready-component-contracts.spec.ts:48:9 › QG1 Ready component contracts › time-picker exposes its Chinese product route and component entry
[181/571] [desktop] › e2e/time-picker-range.spec.ts:33:5 › TimeRangePicker remains reachable on mobile
[182/571] [desktop] › e2e/qg1-ready-component-contracts.spec.ts:48:9 › QG1 Ready component contracts › upload exposes its Chinese product route and component entry
[183/571] [desktop] › e2e/tree.spec.ts:5:5 › Tree workbench keeps controlled keys, focus, keyboard navigation, and disabled states observable
[184/571] [desktop] › e2e/qg1-ready-component-contracts.spec.ts:48:9 › QG1 Ready component contracts › tree exposes its Chinese product route and component entry
[185/571] [desktop] › e2e/qg1-ready-component-contracts.spec.ts:48:9 › QG1 Ready component contracts › tree-select exposes its Chinese product route and component entry
[186/571] [desktop] › e2e/upload.spec.ts:46:7 › QG3 Upload browser flows › uploads a real selected file through stable progress to success
[187/571] [desktop] › e2e/qg1-ready-component-contracts.spec.ts:48:9 › QG1 Ready component contracts › cascader exposes its Chinese product route and component entry
[188/571] [desktop] › e2e/upload.spec.ts:56:7 › QG3 Upload browser flows › fails an upload and retries it through a visible control
[189/571] [desktop] › e2e/qg1-ready-component-contracts.spec.ts:48:9 › QG1 Ready component contracts › dnd exposes its Chinese product route and component entry
[190/571] [desktop] › e2e/upload.spec.ts:70:7 › QG3 Upload browser flows › holds manual uploads until the user clicks the upload action
[191/571] [desktop] › e2e/qg1-ready-component-contracts.spec.ts:48:9 › QG1 Ready component contracts › select exposes its Chinese product route and component entry
[192/571] [desktop] › e2e/upload.spec.ts:81:7 › QG3 Upload browser flows › does not restore an in-flight item after removal and a late callback
[193/571] [desktop] › e2e/qg1-ready-component-contracts.spec.ts:48:9 › QG1 Ready component contracts › form exposes its Chinese product route and component entry
[194/571] [desktop] › e2e/upload.spec.ts:92:7 › QG3 Upload browser flows › prevents selection and upload actions when disabled
[195/571] [desktop] › e2e/qg1-ready-component-contracts.spec.ts:48:9 › QG1 Ready component contracts › table exposes its Chinese product route and component entry
[196/571] [desktop] › e2e/upload.spec.ts:102:7 › QG3 Upload browser flows › caps accepted files at maxCount and frees capacity after removal
[197/571] [desktop] › e2e/qg1-ready-component-contracts.spec.ts:48:9 › QG1 Ready component contracts › message exposes its Chinese product route and component entry
[198/571] [desktop] › e2e/upload.spec.ts:115:7 › QG3 Upload browser flows › keeps a rejected controlled choice invisible without blocking the next accepted choice
[199/571] [desktop] › e2e/qg1-ready-component-contracts.spec.ts:48:9 › QG1 Ready component contracts › modal exposes its Chinese product route and component entry

(node:41587) Warning: The 'NO_COLOR' env is ignored due to the 'FORCE_COLOR' env being set.
(Use `node --trace-warnings ...` to show where the warning was created)

[200/571] [mobile] › e2e/a11y-visual.spec.ts:89:7 › QG4 accessibility and visual regression gates › critical and serious axe violations are zero for every target route
[201/571] [desktop] › e2e/qg1-ready-component-contracts.spec.ts:48:9 › QG1 Ready component contracts › drawer exposes its Chinese product route and component entry
[202/571] [desktop] › e2e/qg1-ready-component-contracts.spec.ts:48:9 › QG1 Ready component contracts › tooltip exposes its Chinese product route and component entry
[203/571] [desktop] › e2e/qg1-ready-component-contracts.spec.ts:48:9 › QG1 Ready component contracts › popover exposes its Chinese product route and component entry
[204/571] [desktop] › e2e/qg1-ready-component-contracts.spec.ts:48:9 › QG1 Ready component contracts › popconfirm exposes its Chinese product route and component entry
[205/571] [desktop] › e2e/qg1-ready-component-contracts.spec.ts:48:9 › QG1 Ready component contracts › ai exposes its Chinese product route and component entry
[206/571] [desktop] › e2e/qg1-ready-component-contracts.spec.ts:48:9 › QG1 Ready component contracts › ai-form exposes its Chinese product route and component entry
[207/571] [desktop] › e2e/qg1-ready-component-contracts.spec.ts:48:9 › QG1 Ready component contracts › ai-agent-workbench exposes its Chinese product route and component entry

(node:41631) Warning: The 'NO_COLOR' env is ignored due to the 'FORCE_COLOR' env being set.
(Use `node --trace-warnings ...` to show where the warning was created)

[208/571] [mobile] › e2e/agent-workbench.spec.ts:3:5 › desktop workbench renders resizable three-pane layout
[209/571] [mobile] › e2e/agent-workbench.spec.ts:12:5 › mobile workbench opens execution drawer from tabs
[210/571] [mobile] › e2e/agent-workbench.spec.ts:22:5 › mobile workbench tabs provide 40px targets and arrow-key activation
[211/571] [mobile] › e2e/a11y-visual.spec.ts:96:7 › QG4 accessibility and visual regression gates › critical and serious axe violations are zero for opened overlays
[212/571] [mobile] › e2e/config-provider.spec.ts:5:5 › ConfigProvider workbench updates real descendants across locale, size, disabled, theme, and nesting
[213/571] [mobile] › e2e/cross-browser-production.spec.ts:58:3 › QG5 production cross-browser gates › production assets load and interactive routes hydrate without runtime errors
[214/571] [mobile] › e2e/cross-browser-production.spec.ts:71:3 › QG5 production cross-browser gates › Floating UI remains visible after scrolling, resizing, and edge adjustment
[215/571] [mobile] › e2e/a11y-visual.spec.ts:117:7 › QG4 accessibility and visual regression gates › evidence manifest binds QG4 coverage to the project and reviewed commit
[216/571] [mobile] › e2e/a11y-visual.spec.ts:137:7 › QG4 accessibility and visual regression gates › production routes hydrate without Vue warnings or hydration mismatches
[217/571] [mobile] › e2e/cross-browser-production.spec.ts:90:3 › QG5 production cross-browser gates › Teleport overlays close cleanly and restore focus
[218/571] [mobile] › e2e/cross-browser-production.spec.ts:108:3 › QG5 production cross-browser gates › mobile production surfaces stay within the viewport
[219/571] [mobile] › e2e/cross-browser-r1.spec.ts:62:7 › QG5 R1 production cross-browser smoke › Form completes async validation, correction, and reset
[220/571] [mobile] › e2e/a11y-visual.spec.ts:193:7 › QG4 accessibility and visual regression gates › target routes expose visible keyboard focus
[221/571] [mobile] › e2e/cross-browser-r1.spec.ts:80:7 › QG5 R1 production cross-browser smoke › Select selects, clears multiple values, and closes by keyboard
[222/571] [mobile] › e2e/cross-browser-r1.spec.ts:104:7 › QG5 R1 production cross-browser smoke › DatePicker commits a date-time draft and cancels a later edit
[223/571] [mobile] › e2e/cross-browser-r1.spec.ts:123:7 › QG5 R1 production cross-browser smoke › Table sorts, selects, expands, and paginates records
[224/571] [mobile] › e2e/cross-browser-r1.spec.ts:141:7 › QG5 R1 production cross-browser smoke › Upload reports progress, recovers a failure, and enforces disabled state
[225/571] [mobile] › e2e/a11y-visual.spec.ts:200:7 › QG4 accessibility and visual regression gates › Select opens, selects with the keyboard, and restores focus on Escape
[226/571] [mobile] › e2e/cross-browser-r1.spec.ts:164:7 › QG5 R1 production cross-browser smoke › Modal opens, cancels by keyboard, and restores its trigger
[227/571] [mobile] › e2e/a11y-visual.spec.ts:221:7 › QG4 accessibility and visual regression gates › Menu supports real directional navigation, Enter selection, and Escape
[228/571] [mobile] › e2e/cross-browser-r1.spec.ts:179:7 › QG5 R1 production cross-browser smoke › nested overlays close topmost-first and keep scroll and focus ownership
[229/571] [mobile] › e2e/a11y-visual.spec.ts:239:7 › QG4 accessibility and visual regression gates › Table sort button responds to keyboard activation
[230/571] [mobile] › e2e/a11y-visual.spec.ts:252:7 › QG4 accessibility and visual regression gates › Splitter separator adjusts from the keyboard and updates aria-valuenow
[231/571] [mobile] › e2e/cross-browser-r1.spec.ts:230:7 › QG5 R1 production cross-browser smoke › DnD sorts by keyboard and Splitter resizes by keyboard
[232/571] [mobile] › e2e/a11y-visual.spec.ts:265:7 › QG4 accessibility and visual regression gates › Splitter mobile separator keeps a visual line while exposing a touch hit area
[233/571] [mobile] › e2e/a11y-visual.spec.ts:288:7 › QG4 accessibility and visual regression gates › Chinese long copy remains within the viewport at 200 percent zoom
[234/571] [mobile] › e2e/cross-browser-r1.spec.ts:251:7 › QG5 R1 production cross-browser smoke › AI Workbench retries a task, completes approval, and previews an artifact
[235/571] [mobile] › e2e/d4-iframe.spec.ts:80:7 › same-origin iframe Select focus, Escape restore, and SPA unmount cleanup
[236/571] [mobile] › e2e/d4-iframe.spec.ts:80:7 › same-origin iframe TreeSelect focus, Escape restore, and SPA unmount cleanup
[237/571] [mobile] › e2e/d4-iframe.spec.ts:80:7 › same-origin iframe Cascader focus, Escape restore, and SPA unmount cleanup
[238/571] [mobile] › e2e/d4-select-virtual.spec.ts:15:5 › Select virtual tail, disabled navigation, dynamic height and scroll anchoring
[239/571] [mobile] › e2e/a11y-visual.spec.ts:310:7 › QG4 accessibility and visual regression gates › target panel text and controls remain visible and operable at 200 percent zoom
[240/571] [mobile] › e2e/d4-select-virtual.spec.ts:88:5 › Select virtual uses iframe realm and disposes after SPA unmount
[241/571] [mobile] › e2e/a11y-visual.spec.ts:323:7 › QG4 accessibility and visual regression gates › AI Workbench exposes the execution and artifact state on mobile
[242/571] [mobile] › e2e/d4-selection.spec.ts:3:5 › D4 Tree linked checks expose mixed state and lazy failure retry
[243/571] [mobile] › e2e/a11y-visual.spec.ts:353:7 › QG4 accessibility and visual regression gates › AI Workbench opens the pending approval directly from the mobile summary
[244/571] [mobile] › e2e/d4-selection.spec.ts:25:5 › D4 TreeSelect searching retains the full linked selection model
[245/571] [mobile] › e2e/a11y-visual.spec.ts:365:7 › QG4 accessibility and visual regression gates › desktop component surface screenshots match baselines
[246/571] [mobile] › e2e/date-picker.spec.ts:8:5 › DatePicker completes format, mode, multiple and preset workflows
[247/571] [mobile] › e2e/date-picker.spec.ts:45:5 › DatePicker keeps showTime as a confirmable draft and supports keyboard focus
[248/571] [mobile] › e2e/date-picker.spec.ts:65:5 › DatePicker remains reachable on a narrow viewport
[249/571] [mobile] › e2e/date-picker.spec.ts:105:5 › DatePicker does not widen the mobile page under wider font metrics
[250/571] [mobile] › e2e/date-picker.spec.ts:124:5 › DatePicker keeps the mobile showTime footer interactive under wider font metrics
[251/571] [mobile] › e2e/date-picker.spec.ts:142:5 › DatePicker uses a coherent dark popup surface
[252/571] [mobile] › e2e/a11y-visual.spec.ts:377:7 › QG4 accessibility and visual regression gates › mobile component surface screenshots match baselines
[253/571] [mobile] › e2e/date-range-picker.spec.ts:8:5 › DateRangePicker completes a range with one coordinated popup
[254/571] [mobile] › e2e/date-range-picker.spec.ts:33:5 › DateRangePicker keeps date-time edits draft-only until confirmation
[255/571] [mobile] › e2e/date-range-picker.spec.ts:53:5 › DateRangePicker stays within the mobile viewport with a fixed action area
[256/571] [mobile] › e2e/dnd-splitter.spec.ts:133:7 › QG2 中文 DnD fixture › exposes same-list keyboard sorting, counts, status, and live region
[257/571] [mobile] › e2e/dnd-splitter.spec.ts:148:7 › QG2 中文 DnD fixture › sorts from a focused handle with Alt+Arrow and restores focus to that handle
[258/571] [mobile] › e2e/dnd-splitter.spec.ts:160:7 › QG2 中文 DnD fixture › moves a focused handle across compatible lists with Alt+Arrow and announces the destination
[259/571] [mobile] › e2e/a11y-visual.spec.ts:389:7 › QG4 accessibility and visual regression gates › reduced motion disables transition and animation durations
[260/571] [mobile] › e2e/dnd-splitter.spec.ts:176:7 › QG2 中文 DnD fixture › uses an accessible deep-blue color for DnD status text without changing the handle focus color
[261/571] [mobile] › e2e/dnd-splitter.spec.ts:183:7 › QG2 中文 DnD fixture › reorders a list once with a real pointer drag
[262/571] [mobile] › e2e/dnd-splitter.spec.ts:192:7 › QG2 中文 DnD fixture › keeps legacy desktop whole-item native dragging without handleProps
[263/571] [mobile] › e2e/dnd-splitter.spec.ts:202:7 › QG2 中文 DnD fixture › reorders from a trusted Chromium touch sequence on the handle
[264/571] [mobile] › e2e/dnd-splitter.spec.ts:238:7 › QG2 中文 DnD fixture › naturally scrolls from trusted Chromium touch input on item content without sorting
[265/571] [mobile] › e2e/dnd-splitter.spec.ts:268:7 › QG2 中文 DnD fixture › runs the touch handle state machine with scripted PointerEvents in mobile WebKit
[266/571] [mobile] › e2e/dnd-splitter.spec.ts:301:7 › QG2 中文 DnD fixture › moves across lists and accepts an empty destination with a real pointer drag
[267/571] [mobile] › e2e/docs-component-smoke.spec.ts:25:5 › component lists and tables are isolated from VitePress content styles
[268/571] [mobile] › e2e/dnd-splitter.spec.ts:323:7 › QG2 中文 DnD fixture › moves a trusted Chromium touch handle across a non-empty list and then into an empty list exactly once per list
[269/571] [mobile] › e2e/docs-component-smoke.spec.ts:56:5 › form control demos update their visible state
[270/571] [mobile] › e2e/dnd-splitter.spec.ts:364:7 › QG2 中文 DnD fixture › keeps disabled and rejected destinations unchanged
[271/571] [mobile] › e2e/docs-component-smoke.spec.ts:97:5 › feedback demos execute instead of throwing runtime errors
[272/571] [mobile] › e2e/dnd-splitter.spec.ts:399:7 › QG2 中文 DnD fixture › rejects trusted Chromium touch moves to disabled and different-group lists without leaving drag UI behind
[273/571] [mobile] › e2e/docs-component-smoke.spec.ts:113:5 › icon documentation loads without runtime errors
[274/571] [mobile] › e2e/dnd-splitter.spec.ts:444:7 › QG2 中文 DnD fixture › keeps the mobile workbench readable and its states explicit
[275/571] [mobile] › e2e/docs-component-smoke.spec.ts:126:9 › Chinese Ready component routes › /components/config-provider loads without runtime errors
[276/571] [mobile] › e2e/docs-component-smoke.spec.ts:126:9 › Chinese Ready component routes › /components/typography loads without runtime errors
[277/571] [mobile] › e2e/docs-component-smoke.spec.ts:126:9 › Chinese Ready component routes › /components/icon loads without runtime errors
[278/571] [mobile] › e2e/docs-component-smoke.spec.ts:126:9 › Chinese Ready component routes › /components/button loads without runtime errors
[279/571] [mobile] › e2e/docs-component-smoke.spec.ts:126:9 › Chinese Ready component routes › /components/space loads without runtime errors
[280/571] [mobile] › e2e/docs-component-smoke.spec.ts:126:9 › Chinese Ready component routes › /components/flex loads without runtime errors
[281/571] [mobile] › e2e/dnd-splitter.spec.ts:462:7 › QG2 中文 DnD fixture › keeps item content scrollable during scripted touch events in mobile WebKit while only the handle disables touch gestures
[282/571] [mobile] › e2e/docs-component-smoke.spec.ts:126:9 › Chinese Ready component routes › /components/grid loads without runtime errors
[283/571] [mobile] › e2e/docs-component-smoke.spec.ts:126:9 › Chinese Ready component routes › /components/divider loads without runtime errors
[284/571] [mobile] › e2e/docs-component-smoke.spec.ts:126:9 › Chinese Ready component routes › /components/menu loads without runtime errors
[285/571] [mobile] › e2e/docs-component-smoke.spec.ts:126:9 › Chinese Ready component routes › /components/tabs loads without runtime errors
[286/571] [mobile] › e2e/docs-component-smoke.spec.ts:126:9 › Chinese Ready component routes › /components/breadcrumb loads without runtime errors
[287/571] [mobile] › e2e/docs-component-smoke.spec.ts:126:9 › Chinese Ready component routes › /components/steps loads without runtime errors
[288/571] [mobile] › e2e/docs-component-smoke.spec.ts:126:9 › Chinese Ready component routes › /components/dropdown loads without runtime errors
[289/571] [mobile] › e2e/docs-component-smoke.spec.ts:126:9 › Chinese Ready component routes › /components/input loads without runtime errors
[290/571] [mobile] › e2e/docs-component-smoke.spec.ts:126:9 › Chinese Ready component routes › /components/textarea loads without runtime errors
[291/571] [mobile] › e2e/docs-component-smoke.spec.ts:126:9 › Chinese Ready component routes › /components/input-number loads without runtime errors
[292/571] [mobile] › e2e/dnd-splitter.spec.ts:526:7 › QG2 中文 DnD fixture › auto-scrolls a nested region and cancels without moving
[293/571] [mobile] › e2e/docs-component-smoke.spec.ts:126:9 › Chinese Ready component routes › /components/select loads without runtime errors
[294/571] [mobile] › e2e/docs-component-smoke.spec.ts:126:9 › Chinese Ready component routes › /components/checkbox loads without runtime errors
[295/571] [mobile] › e2e/docs-component-smoke.spec.ts:126:9 › Chinese Ready component routes › /components/radio loads without runtime errors
[296/571] [mobile] › e2e/docs-component-smoke.spec.ts:126:9 › Chinese Ready component routes › /components/switch loads without runtime errors
[297/571] [mobile] › e2e/docs-component-smoke.spec.ts:126:9 › Chinese Ready component routes › /components/date-picker loads without runtime errors
[298/571] [mobile] › e2e/docs-component-smoke.spec.ts:126:9 › Chinese Ready component routes › /components/time-picker loads without runtime errors
[299/571] [mobile] › e2e/docs-component-smoke.spec.ts:126:9 › Chinese Ready component routes › /components/cascader loads without runtime errors
[300/571] [mobile] › e2e/docs-component-smoke.spec.ts:126:9 › Chinese Ready component routes › /components/tree-select loads without runtime errors
[301/571] [mobile] › e2e/docs-component-smoke.spec.ts:126:9 › Chinese Ready component routes › /components/upload loads without runtime errors
[302/571] [mobile] › e2e/dnd-splitter.spec.ts:549:7 › QG2 中文 DnD fixture › hands auto-scroll from an exhausted inner region to its outer ancestor
[303/571] [mobile] › e2e/docs-component-smoke.spec.ts:126:9 › Chinese Ready component routes › /components/form loads without runtime errors
[304/571] [mobile] › e2e/docs-component-smoke.spec.ts:126:9 › Chinese Ready component routes › /components/table loads without runtime errors
[305/571] [mobile] › e2e/docs-component-smoke.spec.ts:126:9 › Chinese Ready component routes › /components/pagination loads without runtime errors
[306/571] [mobile] › e2e/docs-component-smoke.spec.ts:126:9 › Chinese Ready component routes › /components/tree loads without runtime errors
[307/571] [mobile] › e2e/docs-component-smoke.spec.ts:126:9 › Chinese Ready component routes › /components/descriptions loads without runtime errors
[308/571] [mobile] › e2e/docs-component-smoke.spec.ts:126:9 › Chinese Ready component routes › /components/card loads without runtime errors
[309/571] [mobile] › e2e/docs-component-smoke.spec.ts:126:9 › Chinese Ready component routes › /components/tag loads without runtime errors
[310/571] [mobile] › e2e/docs-component-smoke.spec.ts:126:9 › Chinese Ready component routes › /components/badge loads without runtime errors
[311/571] [mobile] › e2e/docs-component-smoke.spec.ts:126:9 › Chinese Ready component routes › /components/empty loads without runtime errors
[312/571] [mobile] › e2e/docs-component-smoke.spec.ts:126:9 › Chinese Ready component routes › /components/spin loads without runtime errors
[313/571] [mobile] › e2e/dnd-splitter.spec.ts:573:7 › QG2 中文 DnD fixture › unmounts and remounts without stale drag state
[314/571] [mobile] › e2e/docs-component-smoke.spec.ts:126:9 › Chinese Ready component routes › /components/skeleton loads without runtime errors
[315/571] [mobile] › e2e/docs-component-smoke.spec.ts:126:9 › Chinese Ready component routes › /components/alert loads without runtime errors
[316/571] [mobile] › e2e/docs-component-smoke.spec.ts:126:9 › Chinese Ready component routes › /components/message loads without runtime errors
[317/571] [mobile] › e2e/docs-component-smoke.spec.ts:126:9 › Chinese Ready component routes › /components/modal loads without runtime errors
[318/571] [mobile] › e2e/docs-component-smoke.spec.ts:126:9 › Chinese Ready component routes › /components/drawer loads without runtime errors
[319/571] [mobile] › e2e/docs-component-smoke.spec.ts:126:9 › Chinese Ready component routes › /components/tooltip loads without runtime errors
[320/571] [mobile] › e2e/docs-component-smoke.spec.ts:126:9 › Chinese Ready component routes › /components/popover loads without runtime errors
[321/571] [mobile] › e2e/docs-component-smoke.spec.ts:126:9 › Chinese Ready component routes › /components/popconfirm loads without runtime errors
[322/571] [mobile] › e2e/docs-component-smoke.spec.ts:126:9 › Chinese Ready component routes › /components/splitter loads without runtime errors
[323/571] [mobile] › e2e/docs-component-smoke.spec.ts:126:9 › Chinese Ready component routes › /components/dnd loads without runtime errors
[324/571] [mobile] › e2e/docs-component-smoke.spec.ts:126:9 › Chinese Ready component routes › /components/ai loads without runtime errors
[325/571] [mobile] › e2e/dnd-splitter.spec.ts:606:7 › QG2 中文 Splitter fixture › renders horizontal, vertical, and three-panel splitters with state output
[326/571] [mobile] › e2e/docs-component-smoke.spec.ts:126:9 › Chinese Ready component routes › /components/ai-form loads without runtime errors
[327/571] [mobile] › e2e/docs-component-smoke.spec.ts:126:9 › Chinese Ready component routes › /components/ai-agent-workbench loads without runtime errors
[328/571] [mobile] › e2e/docs-information-architecture.spec.ts:3:5 › desktop docs organizes components into eight capability domains
[329/571] [mobile] › e2e/docs-information-architecture.spec.ts:18:5 › component pages show product context and package ownership
[330/571] [mobile] › e2e/docs-information-architecture.spec.ts:29:5 › mobile overview keeps capability domains readable
[331/571] [mobile] › e2e/dnd-splitter.spec.ts:664:7 › QG2 中文 Splitter fixture › enforces percentage bounds and recomputes them after container resize
[332/571] [mobile] › e2e/docs-information-architecture.spec.ts:40:5 › Chinese documentation shell and status copy stay localized
[333/571] [mobile] › e2e/dnd-splitter.spec.ts:687:7 › QG2 中文 Splitter fixture › keeps lazy values unchanged while dragging and commits on pointerup
[334/571] [mobile] › e2e/feedback-services.spec.ts:43:5 › Message workbench exercises real service entry, updates, stacking, destroy, and reset
[335/571] [mobile] › e2e/dnd-splitter.spec.ts:712:7 › QG2 中文 Splitter fixture › commits lazy values after a trusted Chromium touch sequence
[336/571] [mobile] › e2e/feedback-services.spec.ts:80:5 › Modal workbench covers async success, failure recovery, Escape focus, and controlled close rejection
[337/571] [mobile] › e2e/dnd-splitter.spec.ts:747:7 › QG2 中文 Splitter fixture › runs the lazy touch state machine with scripted PointerEvents in mobile WebKit
[338/571] [mobile] › e2e/dnd-splitter.spec.ts:780:7 › QG2 中文 Splitter fixture › drags across the iframe and restores the document after pointerup
[339/571] [mobile] › e2e/dnd-splitter.spec.ts:802:7 › QG2 中文 Splitter fixture › cleans up on pointercancel and commits a subsequent pointer drag
[340/571] [mobile] › e2e/form-engine.spec.ts:3:5 › account form validates dependencies and recovers from server field errors
[341/571] [mobile] › e2e/dnd-splitter.spec.ts:836:7 › QG2 中文 Splitter fixture › cancels on window blur and cleans up when unmounted during a resize
[342/571] [mobile] › e2e/overlay-motion.spec.ts:11:7 › /components/modal uses a presence phase for its floating surface
[343/571] [mobile] › e2e/overlay-motion.spec.ts:11:7 › /components/drawer uses a presence phase for its floating surface
[344/571] [mobile] › e2e/overlay-motion.spec.ts:11:7 › /components/dropdown uses a presence phase for its floating surface
[345/571] [mobile] › e2e/overlay-motion.spec.ts:11:7 › /components/popover uses a presence phase for its floating surface
[346/571] [mobile] › e2e/overlay-motion.spec.ts:51:5 › reduced motion settles modal presence without a delayed leave phase
[347/571] [mobile] › e2e/dnd-splitter.spec.ts:860:7 › QG2 中文 Splitter fixture › cleans global drag state when navigating between Splitter and DnD
[348/571] [mobile] › e2e/q2-navigation-overlays.spec.ts:19:5 › warning and danger buttons keep visible labels and accessible contrast
[349/571] [mobile] › e2e/q2-navigation-overlays.spec.ts:43:5 › horizontal dark menu is marker-free and geometrically aligned
[350/571] [mobile] › e2e/dnd-splitter.spec.ts:898:7 › QG2 中文 Splitter fixture › navigates between DnD and Splitter through the real sidebar without runtime errors
[351/571] [mobile] › e2e/q2-navigation-overlays.spec.ts:81:5 › steps connectors stay centered for small vertical and default horizontal layouts
[352/571] [mobile] › e2e/dnd-splitter.spec.ts:920:7 › QG2 中文 Splitter fixture › updates from external InputNumber and keeps a visible iframe in the splitter
[353/571] [mobile] › e2e/q2-navigation-overlays.spec.ts:102:5 › inline submenu keeps a measured leave transition
[354/571] [mobile] › e2e/dnd-splitter.spec.ts:930:7 › QG2 中文 Splitter fixture › clamps mobile external sizes to the measured splitter container
[355/571] [mobile] › e2e/q2-navigation-overlays.spec.ts:128:5 › dropdown uses real viewport coordinates and restores focus on Escape
[356/571] [mobile] › e2e/dnd-splitter.spec.ts:963:7 › QG2 中文 Splitter fixture › renders the panel API table and keeps mobile controlled sizes inside the fixture
[357/571] [mobile] › e2e/q2-navigation-overlays.spec.ts:157:5 › modal closes from the visible background and restores its trigger
[358/571] [mobile] › e2e/dnd-splitter.spec.ts:973:7 › QG2 中文 Splitter fixture › cleans up and remounts the splitter demos
[359/571] [mobile] › e2e/q3-form-controls.spec.ts:5:5 › InputNumber and Textarea demos expose live, editable state
[360/571] [mobile] › e2e/q2-navigation-overlays.spec.ts:174:5 › popconfirm renders readable confirmation actions
[361/571] [mobile] › e2e/q3-form-controls.spec.ts:23:5 › Select supports real popup selection, multiple removal, clear, and loading feedback
[362/571] [mobile] › e2e/q4-data-forms.spec.ts:12:5 › Form waits for async validation, reports errors, succeeds, and resets
[363/571] [mobile] › e2e/q3-form-controls.spec.ts:44:5 › Checkbox and Switch expose native state, loading feedback, and keyboard operation
[364/571] [mobile] › e2e/q4-data-forms.spec.ts:35:5 › Table supports sorting, selection, expansion, pagination, and server page records
[365/571] [mobile] › e2e/q3-form-controls.spec.ts:70:5 › InputNumber spinner preserves the visual order of addons and controls
[366/571] [mobile] › e2e/q4-data-forms.spec.ts:63:5 › Pagination updates current, page size, and quick jump state without baseline drift
[367/571] [mobile] › e2e/q3-form-controls.spec.ts:87:5 › TimePicker defaults to one-minute steps and supports configured steps and confirmation
[368/571] [mobile] › e2e/q4-data-forms.spec.ts:87:5 › Q4 layouts remain readable and keyboard-visible on narrow screens
[369/571] [mobile] › e2e/q3-form-controls.spec.ts:118:5 › Cascader and TreeSelect overlays align controls and remain marker-free
[370/571] [mobile] › e2e/q5-ai-product-suite.spec.ts:7:5 › AIChatPanel supports prompts, failure recovery, editing, and conversation switching
[371/571] [mobile] › e2e/q3-form-controls.spec.ts:143:5 › Cascader reports lazy-loading progress before rendering loaded children
[372/571] [mobile] › e2e/q5-ai-product-suite.spec.ts:40:5 › AIChatPanel stops a live stream without accepting late output
[373/571] [mobile] › e2e/q3-form-controls.spec.ts:156:5 › Q3 controls preserve sizing, status colors, theme states, and visible keyboard focus
[374/571] [mobile] › e2e/q5-ai-product-suite.spec.ts:52:5 › AIForm groups fields, focuses validation, and exposes async submission states
[375/571] [mobile] › e2e/q5-ai-product-suite.spec.ts:72:5 › Agent workbench completes approval and controlled artifact preview workflows
[376/571] [mobile] › e2e/q5-ai-product-suite.spec.ts:95:5 › AI product surfaces remain operable on mobile
[377/571] [mobile] › e2e/q3-form-controls.spec.ts:204:5 › coarse-pointer controls provide reachable touch targets and reveal cascader columns
[378/571] [mobile] › e2e/qg1-quality-matrix.spec.ts:82:7 › QG1 quality matrix usability › desktop shows product tasks inside the component column without adding columns
[379/571] [mobile] › e2e/qg1-quality-matrix.spec.ts:96:7 › QG1 quality matrix usability › desktop matrix uses the available width and keeps every table discoverable
[380/571] [mobile] › e2e/qg1-quality-matrix.spec.ts:107:7 › QG1 quality matrix usability › mobile matrix exposes named regions and every table keeps context at max scroll
[381/571] [mobile] › e2e/qg1-ready-component-contracts.spec.ts:48:9 › QG1 Ready component contracts › splitter exposes its Chinese product route and component entry
[382/571] [mobile] › e2e/time-picker-range.spec.ts:8:5 › TimePicker separates display and value formats and keeps disabled options out of the list
[383/571] [mobile] › e2e/qg1-ready-component-contracts.spec.ts:48:9 › QG1 Ready component contracts › dropdown exposes its Chinese product route and component entry
[384/571] [mobile] › e2e/time-picker-range.spec.ts:17:5 › TimeRangePicker completes one coordinated range draft
[385/571] [mobile] › e2e/qg1-ready-component-contracts.spec.ts:48:9 › QG1 Ready component contracts › date-picker exposes its Chinese product route and component entry
[386/571] [mobile] › e2e/time-picker-range.spec.ts:33:5 › TimeRangePicker remains reachable on mobile
[387/571] [mobile] › e2e/qg1-ready-component-contracts.spec.ts:48:9 › QG1 Ready component contracts › time-picker exposes its Chinese product route and component entry
[388/571] [mobile] › e2e/tree.spec.ts:5:5 › Tree workbench keeps controlled keys, focus, keyboard navigation, and disabled states observable
[389/571] [mobile] › e2e/qg1-ready-component-contracts.spec.ts:48:9 › QG1 Ready component contracts › upload exposes its Chinese product route and component entry
[390/571] [mobile] › e2e/qg1-ready-component-contracts.spec.ts:48:9 › QG1 Ready component contracts › tree exposes its Chinese product route and component entry
[391/571] [mobile] › e2e/upload.spec.ts:46:7 › QG3 Upload browser flows › uploads a real selected file through stable progress to success
[392/571] [mobile] › e2e/qg1-ready-component-contracts.spec.ts:48:9 › QG1 Ready component contracts › tree-select exposes its Chinese product route and component entry
[393/571] [mobile] › e2e/upload.spec.ts:56:7 › QG3 Upload browser flows › fails an upload and retries it through a visible control
[394/571] [mobile] › e2e/qg1-ready-component-contracts.spec.ts:48:9 › QG1 Ready component contracts › cascader exposes its Chinese product route and component entry
[395/571] [mobile] › e2e/upload.spec.ts:70:7 › QG3 Upload browser flows › holds manual uploads until the user clicks the upload action
[396/571] [mobile] › e2e/qg1-ready-component-contracts.spec.ts:48:9 › QG1 Ready component contracts › dnd exposes its Chinese product route and component entry
[397/571] [mobile] › e2e/upload.spec.ts:81:7 › QG3 Upload browser flows › does not restore an in-flight item after removal and a late callback
[398/571] [mobile] › e2e/qg1-ready-component-contracts.spec.ts:48:9 › QG1 Ready component contracts › select exposes its Chinese product route and component entry
[399/571] [mobile] › e2e/upload.spec.ts:92:7 › QG3 Upload browser flows › prevents selection and upload actions when disabled
[400/571] [mobile] › e2e/qg1-ready-component-contracts.spec.ts:48:9 › QG1 Ready component contracts › form exposes its Chinese product route and component entry
[401/571] [mobile] › e2e/upload.spec.ts:102:7 › QG3 Upload browser flows › caps accepted files at maxCount and frees capacity after removal
[402/571] [mobile] › e2e/qg1-ready-component-contracts.spec.ts:48:9 › QG1 Ready component contracts › table exposes its Chinese product route and component entry
[403/571] [mobile] › e2e/upload.spec.ts:115:7 › QG3 Upload browser flows › keeps a rejected controlled choice invisible without blocking the next accepted choice
[404/571] [mobile] › e2e/qg1-ready-component-contracts.spec.ts:48:9 › QG1 Ready component contracts › message exposes its Chinese product route and component entry

(node:42282) Warning: The 'NO_COLOR' env is ignored due to the 'FORCE_COLOR' env being set.
(Use `node --trace-warnings ...` to show where the warning was created)

[405/571] [desktop-firefox] › e2e/cross-browser-production.spec.ts:58:3 › QG5 production cross-browser gates › production assets load and interactive routes hydrate without runtime errors
[406/571] [mobile] › e2e/qg1-ready-component-contracts.spec.ts:48:9 › QG1 Ready component contracts › modal exposes its Chinese product route and component entry
[407/571] [mobile] › e2e/qg1-ready-component-contracts.spec.ts:48:9 › QG1 Ready component contracts › drawer exposes its Chinese product route and component entry
[408/571] [mobile] › e2e/qg1-ready-component-contracts.spec.ts:48:9 › QG1 Ready component contracts › tooltip exposes its Chinese product route and component entry
[409/571] [mobile] › e2e/qg1-ready-component-contracts.spec.ts:48:9 › QG1 Ready component contracts › popover exposes its Chinese product route and component entry
[410/571] [mobile] › e2e/qg1-ready-component-contracts.spec.ts:48:9 › QG1 Ready component contracts › popconfirm exposes its Chinese product route and component entry
[411/571] [desktop-firefox] › e2e/cross-browser-production.spec.ts:71:3 › QG5 production cross-browser gates › Floating UI remains visible after scrolling, resizing, and edge adjustment
[412/571] [mobile] › e2e/qg1-ready-component-contracts.spec.ts:48:9 › QG1 Ready component contracts › ai exposes its Chinese product route and component entry
[413/571] [desktop-firefox] › e2e/cross-browser-production.spec.ts:90:3 › QG5 production cross-browser gates › Teleport overlays close cleanly and restore focus
[414/571] [mobile] › e2e/qg1-ready-component-contracts.spec.ts:48:9 › QG1 Ready component contracts › ai-form exposes its Chinese product route and component entry
[415/571] [mobile] › e2e/qg1-ready-component-contracts.spec.ts:48:9 › QG1 Ready component contracts › ai-agent-workbench exposes its Chinese product route and component entry
[416/571] [desktop-firefox] › e2e/cross-browser-production.spec.ts:108:3 › QG5 production cross-browser gates › mobile production surfaces stay within the viewport
[417/571] [desktop-firefox] › e2e/cross-browser-r1.spec.ts:62:7 › QG5 R1 production cross-browser smoke › Form completes async validation, correction, and reset

(node:42322) Warning: The 'NO_COLOR' env is ignored due to the 'FORCE_COLOR' env being set.
(Use `node --trace-warnings ...` to show where the warning was created)

[418/571] [desktop-firefox] › e2e/d4-iframe.spec.ts:80:7 › same-origin iframe Select focus, Escape restore, and SPA unmount cleanup
[419/571] [desktop-firefox] › e2e/cross-browser-r1.spec.ts:80:7 › QG5 R1 production cross-browser smoke › Select selects, clears multiple values, and closes by keyboard
[420/571] [desktop-firefox] › e2e/d4-iframe.spec.ts:80:7 › same-origin iframe TreeSelect focus, Escape restore, and SPA unmount cleanup
[421/571] [desktop-firefox] › e2e/d4-iframe.spec.ts:80:7 › same-origin iframe Cascader focus, Escape restore, and SPA unmount cleanup
[422/571] [desktop-firefox] › e2e/cross-browser-r1.spec.ts:104:7 › QG5 R1 production cross-browser smoke › DatePicker commits a date-time draft and cancels a later edit
[423/571] [desktop-firefox] › e2e/d4-select-virtual.spec.ts:15:5 › Select virtual tail, disabled navigation, dynamic height and scroll anchoring
[424/571] [desktop-firefox] › e2e/cross-browser-r1.spec.ts:123:7 › QG5 R1 production cross-browser smoke › Table sorts, selects, expands, and paginates records
[425/571] [desktop-firefox] › e2e/d4-select-virtual.spec.ts:88:5 › Select virtual uses iframe realm and disposes after SPA unmount
[426/571] [desktop-firefox] › e2e/cross-browser-r1.spec.ts:141:7 › QG5 R1 production cross-browser smoke › Upload reports progress, recovers a failure, and enforces disabled state
[427/571] [desktop-firefox] › e2e/cross-browser-r1.spec.ts:164:7 › QG5 R1 production cross-browser smoke › Modal opens, cancels by keyboard, and restores its trigger
[428/571] [desktop-firefox] › e2e/d4-selection.spec.ts:3:5 › D4 Tree linked checks expose mixed state and lazy failure retry
[429/571] [desktop-firefox] › e2e/d4-selection.spec.ts:25:5 › D4 TreeSelect searching retains the full linked selection model
[430/571] [desktop-firefox] › e2e/cross-browser-r1.spec.ts:179:7 › QG5 R1 production cross-browser smoke › nested overlays close topmost-first and keep scroll and focus ownership
[431/571] [desktop-firefox] › e2e/dnd-splitter.spec.ts:133:7 › QG2 中文 DnD fixture › exposes same-list keyboard sorting, counts, status, and live region
[432/571] [desktop-firefox] › e2e/dnd-splitter.spec.ts:148:7 › QG2 中文 DnD fixture › sorts from a focused handle with Alt+Arrow and restores focus to that handle
[433/571] [desktop-firefox] › e2e/cross-browser-r1.spec.ts:230:7 › QG5 R1 production cross-browser smoke › DnD sorts by keyboard and Splitter resizes by keyboard
[434/571] [desktop-firefox] › e2e/dnd-splitter.spec.ts:160:7 › QG2 中文 DnD fixture › moves a focused handle across compatible lists with Alt+Arrow and announces the destination
[435/571] [desktop-firefox] › e2e/dnd-splitter.spec.ts:176:7 › QG2 中文 DnD fixture › uses an accessible deep-blue color for DnD status text without changing the handle focus color
[436/571] [desktop-firefox] › e2e/cross-browser-r1.spec.ts:251:7 › QG5 R1 production cross-browser smoke › AI Workbench retries a task, completes approval, and previews an artifact
[437/571] [desktop-firefox] › e2e/dnd-splitter.spec.ts:183:7 › QG2 中文 DnD fixture › reorders a list once with a real pointer drag
[438/571] [desktop-firefox] › e2e/form-engine.spec.ts:3:5 › account form validates dependencies and recovers from server field errors
[439/571] [desktop-firefox] › e2e/dnd-splitter.spec.ts:192:7 › QG2 中文 DnD fixture › keeps legacy desktop whole-item native dragging without handleProps
[440/571] [desktop-firefox] › e2e/dnd-splitter.spec.ts:202:7 › QG2 中文 DnD fixture › reorders from a trusted Chromium touch sequence on the handle
[441/571] [desktop-firefox] › e2e/dnd-splitter.spec.ts:238:7 › QG2 中文 DnD fixture › naturally scrolls from trusted Chromium touch input on item content without sorting

(node:42381) Warning: The 'NO_COLOR' env is ignored due to the 'FORCE_COLOR' env being set.
(Use `node --trace-warnings ...` to show where the warning was created)

[442/571] [desktop-webkit] › e2e/cross-browser-production.spec.ts:58:3 › QG5 production cross-browser gates › production assets load and interactive routes hydrate without runtime errors
[443/571] [desktop-firefox] › e2e/dnd-splitter.spec.ts:268:7 › QG2 中文 DnD fixture › runs the touch handle state machine with scripted PointerEvents in mobile WebKit
[444/571] [desktop-firefox] › e2e/dnd-splitter.spec.ts:301:7 › QG2 中文 DnD fixture › moves across lists and accepts an empty destination with a real pointer drag
[445/571] [desktop-firefox] › e2e/dnd-splitter.spec.ts:323:7 › QG2 中文 DnD fixture › moves a trusted Chromium touch handle across a non-empty list and then into an empty list exactly once per list
[446/571] [desktop-webkit] › e2e/cross-browser-production.spec.ts:71:3 › QG5 production cross-browser gates › Floating UI remains visible after scrolling, resizing, and edge adjustment
[447/571] [desktop-webkit] › e2e/cross-browser-production.spec.ts:90:3 › QG5 production cross-browser gates › Teleport overlays close cleanly and restore focus
[448/571] [desktop-firefox] › e2e/dnd-splitter.spec.ts:364:7 › QG2 中文 DnD fixture › keeps disabled and rejected destinations unchanged
[449/571] [desktop-webkit] › e2e/cross-browser-production.spec.ts:108:3 › QG5 production cross-browser gates › mobile production surfaces stay within the viewport
[450/571] [desktop-webkit] › e2e/cross-browser-r1.spec.ts:62:7 › QG5 R1 production cross-browser smoke › Form completes async validation, correction, and reset
[451/571] [desktop-firefox] › e2e/dnd-splitter.spec.ts:399:7 › QG2 中文 DnD fixture › rejects trusted Chromium touch moves to disabled and different-group lists without leaving drag UI behind
[452/571] [desktop-webkit] › e2e/cross-browser-r1.spec.ts:80:7 › QG5 R1 production cross-browser smoke › Select selects, clears multiple values, and closes by keyboard
[453/571] [desktop-firefox] › e2e/dnd-splitter.spec.ts:444:7 › QG2 中文 DnD fixture › keeps the mobile workbench readable and its states explicit
[454/571] [desktop-webkit] › e2e/cross-browser-r1.spec.ts:104:7 › QG5 R1 production cross-browser smoke › DatePicker commits a date-time draft and cancels a later edit
[455/571] [desktop-firefox] › e2e/dnd-splitter.spec.ts:462:7 › QG2 中文 DnD fixture › keeps item content scrollable during scripted touch events in mobile WebKit while only the handle disables touch gestures
[456/571] [desktop-webkit] › e2e/cross-browser-r1.spec.ts:123:7 › QG5 R1 production cross-browser smoke › Table sorts, selects, expands, and paginates records
[457/571] [desktop-firefox] › e2e/dnd-splitter.spec.ts:526:7 › QG2 中文 DnD fixture › auto-scrolls a nested region and cancels without moving
[458/571] [desktop-webkit] › e2e/cross-browser-r1.spec.ts:141:7 › QG5 R1 production cross-browser smoke › Upload reports progress, recovers a failure, and enforces disabled state
[459/571] [desktop-firefox] › e2e/dnd-splitter.spec.ts:549:7 › QG2 中文 DnD fixture › hands auto-scroll from an exhausted inner region to its outer ancestor
[460/571] [desktop-webkit] › e2e/cross-browser-r1.spec.ts:164:7 › QG5 R1 production cross-browser smoke › Modal opens, cancels by keyboard, and restores its trigger
[461/571] [desktop-firefox] › e2e/dnd-splitter.spec.ts:573:7 › QG2 中文 DnD fixture › unmounts and remounts without stale drag state
[462/571] [desktop-webkit] › e2e/cross-browser-r1.spec.ts:179:7 › QG5 R1 production cross-browser smoke › nested overlays close topmost-first and keep scroll and focus ownership
[463/571] [desktop-firefox] › e2e/dnd-splitter.spec.ts:606:7 › QG2 中文 Splitter fixture › renders horizontal, vertical, and three-panel splitters with state output
[464/571] [desktop-webkit] › e2e/cross-browser-r1.spec.ts:230:7 › QG5 R1 production cross-browser smoke › DnD sorts by keyboard and Splitter resizes by keyboard
[465/571] [desktop-firefox] › e2e/dnd-splitter.spec.ts:664:7 › QG2 中文 Splitter fixture › enforces percentage bounds and recomputes them after container resize
[466/571] [desktop-webkit] › e2e/cross-browser-r1.spec.ts:251:7 › QG5 R1 production cross-browser smoke › AI Workbench retries a task, completes approval, and previews an artifact
[467/571] [desktop-firefox] › e2e/dnd-splitter.spec.ts:687:7 › QG2 中文 Splitter fixture › keeps lazy values unchanged while dragging and commits on pointerup
[468/571] [desktop-webkit] › e2e/d4-iframe.spec.ts:80:7 › same-origin iframe Select focus, Escape restore, and SPA unmount cleanup
[469/571] [desktop-firefox] › e2e/dnd-splitter.spec.ts:712:7 › QG2 中文 Splitter fixture › commits lazy values after a trusted Chromium touch sequence
[470/571] [desktop-webkit] › e2e/d4-iframe.spec.ts:80:7 › same-origin iframe TreeSelect focus, Escape restore, and SPA unmount cleanup
[471/571] [desktop-webkit] › e2e/d4-iframe.spec.ts:80:7 › same-origin iframe Cascader focus, Escape restore, and SPA unmount cleanup
[472/571] [desktop-firefox] › e2e/dnd-splitter.spec.ts:747:7 › QG2 中文 Splitter fixture › runs the lazy touch state machine with scripted PointerEvents in mobile WebKit
[473/571] [desktop-webkit] › e2e/d4-select-virtual.spec.ts:15:5 › Select virtual tail, disabled navigation, dynamic height and scroll anchoring
[474/571] [desktop-firefox] › e2e/dnd-splitter.spec.ts:780:7 › QG2 中文 Splitter fixture › drags across the iframe and restores the document after pointerup
[475/571] [desktop-webkit] › e2e/d4-select-virtual.spec.ts:88:5 › Select virtual uses iframe realm and disposes after SPA unmount
[476/571] [desktop-firefox] › e2e/dnd-splitter.spec.ts:802:7 › QG2 中文 Splitter fixture › cleans up on pointercancel and commits a subsequent pointer drag
[477/571] [desktop-firefox] › e2e/dnd-splitter.spec.ts:836:7 › QG2 中文 Splitter fixture › cancels on window blur and cleans up when unmounted during a resize
[478/571] [desktop-firefox] › e2e/dnd-splitter.spec.ts:860:7 › QG2 中文 Splitter fixture › cleans global drag state when navigating between Splitter and DnD
[479/571] [desktop-firefox] › e2e/dnd-splitter.spec.ts:898:7 › QG2 中文 Splitter fixture › navigates between DnD and Splitter through the real sidebar without runtime errors
[480/571] [desktop-firefox] › e2e/dnd-splitter.spec.ts:920:7 › QG2 中文 Splitter fixture › updates from external InputNumber and keeps a visible iframe in the splitter
[481/571] [desktop-firefox] › e2e/dnd-splitter.spec.ts:930:7 › QG2 中文 Splitter fixture › clamps mobile external sizes to the measured splitter container
[482/571] [desktop-firefox] › e2e/dnd-splitter.spec.ts:963:7 › QG2 中文 Splitter fixture › renders the panel API table and keeps mobile controlled sizes inside the fixture
[483/571] [desktop-firefox] › e2e/dnd-splitter.spec.ts:973:7 › QG2 中文 Splitter fixture › cleans up and remounts the splitter demos

[WebServer] node:events:487
[WebServer]       throw er; // Unhandled 'error' event
[WebServer]       ^
[WebServer] 
[WebServer] Error: ENOENT: no such file or directory, open '/Users/start/.codex/worktrees/091b/aheart-ui/docs/.vitepress/dist/assets/app.CK04hGkd.js'
[WebServer] Emitted 'error' event on ReadStream instance at:
[WebServer]     at emitErrorNT (node:internal/streams/destroy:170:8)
[WebServer]     at emitErrorCloseNT (node:internal/streams/destroy:129:3)
[WebServer]     at process.processTicksAndRejections (node:internal/process/task_queues:90:21) {
[WebServer]   errno: -2,
[WebServer]   code: 'ENOENT',
[WebServer]   syscall: 'open',
[WebServer]   path: '/Users/start/.codex/worktrees/091b/aheart-ui/docs/.vitepress/dist/assets/app.CK04hGkd.js'
[WebServer] }
[WebServer] 
[WebServer] Node.js v24.17.0
[484/571] [desktop-webkit] › e2e/d4-selection.spec.ts:3:5 › D4 Tree linked checks expose mixed state and lazy failure retry
  1) [desktop-webkit] › e2e/d4-selection.spec.ts:3:5 › D4 Tree linked checks expose mixed state and lazy failure retry 

    Error: page.goto: Could not connect to the server.
    Call log:
      - navigating to "http://127.0.0.1:5213/components/tree", waiting until "load"


      2 |
      3 | test('D4 Tree linked checks expose mixed state and lazy failure retry', async ({ page }) => {
    > 4 |   await page.goto('/components/tree')
        |              ^
      5 |   await page.waitForFunction(() => Boolean((document.querySelector('#app') as any)?.__vue_app__))
      6 |   const linked = page.getByRole('region', { name: 'D4 树联动示例' })
      7 |   const parent = linked.getByRole('treeitem', { name: '研发组', exact: true })
        at /Users/start/.codex/worktrees/091b/aheart-ui/e2e/d4-selection.spec.ts:4:14

    attachment #1: screenshot (image/png) ──────────────────────────────────────────────────────────
    ../../../../../../tmp/aheart-d4-c-independent/d4-selection-D4-Tree-linke-f23c9-tate-and-lazy-failure-retry-desktop-webkit/test-failed-1.png
    ────────────────────────────────────────────────────────────────────────────────────────────────

    attachment #2: video (video/webm) ──────────────────────────────────────────────────────────────
    ../../../../../../tmp/aheart-d4-c-independent/d4-selection-D4-Tree-linke-f23c9-tate-and-lazy-failure-retry-desktop-webkit/video.webm
    ────────────────────────────────────────────────────────────────────────────────────────────────

    Error Context: ../../../../../../tmp/aheart-d4-c-independent/d4-selection-D4-Tree-linke-f23c9-tate-and-lazy-failure-retry-desktop-webkit/error-context.md

    attachment #4: trace (application/zip) ─────────────────────────────────────────────────────────
    ../../../../../../tmp/aheart-d4-c-independent/d4-selection-D4-Tree-linke-f23c9-tate-and-lazy-failure-retry-desktop-webkit/trace.zip
    Usage:

        pnpm exec playwright show-trace ../../../../../../tmp/aheart-d4-c-independent/d4-selection-D4-Tree-linke-f23c9-tate-and-lazy-failure-retry-desktop-webkit/trace.zip

    ────────────────────────────────────────────────────────────────────────────────────────────────



(node:43675) Warning: The 'NO_COLOR' env is ignored due to the 'FORCE_COLOR' env being set.
(Use `node --trace-warnings ...` to show where the warning was created)

[485/571] [desktop-webkit] › e2e/d4-selection.spec.ts:25:5 › D4 TreeSelect searching retains the full linked selection model
  2) [desktop-firefox] › e2e/dnd-splitter.spec.ts:973:7 › QG2 中文 Splitter fixture › cleans up and remounts the splitter demos 

    Error: expect(locator).toHaveAttribute(expected) failed

    Locator:  getByTestId('splitter-fixture')
    Expected: "false"
    Received: "true"
    Timeout:  5000ms

    Call log:
      - Expect "toHaveAttribute" with timeout 5000ms
      - waiting for getByTestId('splitter-fixture')
        14 × locator resolved to <div data-mounted="true" data-testid="splitter-fixture" class="aheart-demo-panel qg2-splitter-workbench">…</div>
           - unexpected value "true"


      974 |     const fixture = page.getByTestId('splitter-fixture')
      975 |     await page.getByRole('button', { name: '卸载 Splitter' }).click()
    > 976 |     await expect(fixture).toHaveAttribute('data-mounted', 'false')
          |                           ^
      977 |     await page.getByRole('button', { name: '重新挂载 Splitter' }).click()
      978 |     await expect(fixture).toHaveAttribute('data-mounted', 'true')
      979 |     await expect(page.getByTestId('splitter-horizontal').getByRole('separator')).toBeVisible()
        at /Users/start/.codex/worktrees/091b/aheart-ui/e2e/dnd-splitter.spec.ts:976:27

    attachment #1: screenshot (image/png) ──────────────────────────────────────────────────────────
    ../../../../../../tmp/aheart-d4-c-independent/dnd-splitter-QG2-中文-Splitt-5e32a-remounts-the-splitter-demos-desktop-firefox/test-failed-1.png
    ────────────────────────────────────────────────────────────────────────────────────────────────

    attachment #2: video (video/webm) ──────────────────────────────────────────────────────────────
    ../../../../../../tmp/aheart-d4-c-independent/dnd-splitter-QG2-中文-Splitt-5e32a-remounts-the-splitter-demos-desktop-firefox/video.webm
    ────────────────────────────────────────────────────────────────────────────────────────────────

    Error Context: ../../../../../../tmp/aheart-d4-c-independent/dnd-splitter-QG2-中文-Splitt-5e32a-remounts-the-splitter-demos-desktop-firefox/error-context.md

    attachment #4: trace (application/zip) ─────────────────────────────────────────────────────────
    ../../../../../../tmp/aheart-d4-c-independent/dnd-splitter-QG2-中文-Splitt-5e32a-remounts-the-splitter-demos-desktop-firefox/trace.zip
    Usage:

        pnpm exec playwright show-trace ../../../../../../tmp/aheart-d4-c-independent/dnd-splitter-QG2-中文-Splitt-5e32a-remounts-the-splitter-demos-desktop-firefox/trace.zip

    ────────────────────────────────────────────────────────────────────────────────────────────────


  3) [desktop-webkit] › e2e/d4-selection.spec.ts:25:5 › D4 TreeSelect searching retains the full linked selection model 

    Error: page.goto: Could not connect to the server.
    Call log:
      - navigating to "http://127.0.0.1:5213/components/tree-select", waiting until "load"


      24 |
      25 | test('D4 TreeSelect searching retains the full linked selection model', async ({ page }) => {
    > 26 |   await page.goto('/components/tree-select')
         |              ^
      27 |   await page.waitForFunction(() => Boolean((document.querySelector('#app') as any)?.__vue_app__))
      28 |   const region = page.getByRole('region', { name: 'D4 树选择勾选示例' })
      29 |   await region.getByRole('combobox').click()
        at /Users/start/.codex/worktrees/091b/aheart-ui/e2e/d4-selection.spec.ts:26:14

    attachment #1: screenshot (image/png) ──────────────────────────────────────────────────────────
    ../../../../../../tmp/aheart-d4-c-independent/d4-selection-D4-TreeSelect-212f1-full-linked-selection-model-desktop-webkit/test-failed-1.png
    ────────────────────────────────────────────────────────────────────────────────────────────────

    attachment #2: video (video/webm) ──────────────────────────────────────────────────────────────
    ../../../../../../tmp/aheart-d4-c-independent/d4-selection-D4-TreeSelect-212f1-full-linked-selection-model-desktop-webkit/video.webm
    ────────────────────────────────────────────────────────────────────────────────────────────────

    Error Context: ../../../../../../tmp/aheart-d4-c-independent/d4-selection-D4-TreeSelect-212f1-full-linked-selection-model-desktop-webkit/error-context.md

    attachment #4: trace (application/zip) ─────────────────────────────────────────────────────────
    ../../../../../../tmp/aheart-d4-c-independent/d4-selection-D4-TreeSelect-212f1-full-linked-selection-model-desktop-webkit/trace.zip
    Usage:

        pnpm exec playwright show-trace ../../../../../../tmp/aheart-d4-c-independent/d4-selection-D4-TreeSelect-212f1-full-linked-selection-model-desktop-webkit/trace.zip

    ────────────────────────────────────────────────────────────────────────────────────────────────



(node:43691) Warning: The 'NO_COLOR' env is ignored due to the 'FORCE_COLOR' env being set.
(Use `node --trace-warnings ...` to show where the warning was created)

[486/571] [desktop-webkit] › e2e/dnd-splitter.spec.ts:133:7 › QG2 中文 DnD fixture › exposes same-list keyboard sorting, counts, status, and live region

(node:43693) Warning: The 'NO_COLOR' env is ignored due to the 'FORCE_COLOR' env being set.
(Use `node --trace-warnings ...` to show where the warning was created)

[487/571] [desktop-webkit] › e2e/form-engine.spec.ts:3:5 › account form validates dependencies and recovers from server field errors
  4) [desktop-webkit] › e2e/dnd-splitter.spec.ts:133:7 › QG2 中文 DnD fixture › exposes same-list keyboard sorting, counts, status, and live region 

    Error: page.goto: Could not connect to the server.
    Call log:
      - navigating to "http://127.0.0.1:5213/components/dnd", waiting until "domcontentloaded"


      124 |   test.beforeEach(async ({ page }) => {
      125 |     collectRuntimeErrors(page)
    > 126 |     await page.goto('/components/dnd', { waitUntil: 'domcontentloaded' })
          |                ^
      127 |   })
      128 |
      129 |   test.afterEach(async ({ page }) => {
        at /Users/start/.codex/worktrees/091b/aheart-ui/e2e/dnd-splitter.spec.ts:126:16

    Error: expect(received).toEqual(expected) // deep equality

    - Expected  - 1
    + Received  + 3

    - Array []
    + Array [
    +   "error: Failed to load resource: Could not connect to the server.",
    + ]

      16 | }
      17 |
    > 18 | const expectNoRuntimeErrors = (page: Page) => expect(runtimeErrors.get(page) ?? []).toEqual([])
         |                                                                                     ^
      19 |
      20 | const clickAdvancedSidebarLink = async (page: Page, name: 'DnD 拖拽' | 'Splitter 分割面板', href: string) => {
      21 |   const sidebar = page.locator('.VPSidebar')
        at expectNoRuntimeErrors (/Users/start/.codex/worktrees/091b/aheart-ui/e2e/dnd-splitter.spec.ts:18:85)
        at /Users/start/.codex/worktrees/091b/aheart-ui/e2e/dnd-splitter.spec.ts:130:5

    attachment #1: screenshot (image/png) ──────────────────────────────────────────────────────────
    ../../../../../../tmp/aheart-d4-c-independent/dnd-splitter-QG2-中文-DnD-fi-c58d0-unts-status-and-live-region-desktop-webkit/test-failed-1.png
    ────────────────────────────────────────────────────────────────────────────────────────────────

    attachment #2: video (video/webm) ──────────────────────────────────────────────────────────────
    ../../../../../../tmp/aheart-d4-c-independent/dnd-splitter-QG2-中文-DnD-fi-c58d0-unts-status-and-live-region-desktop-webkit/video.webm
    ────────────────────────────────────────────────────────────────────────────────────────────────

    Error Context: ../../../../../../tmp/aheart-d4-c-independent/dnd-splitter-QG2-中文-DnD-fi-c58d0-unts-status-and-live-region-desktop-webkit/error-context.md

    attachment #4: trace (application/zip) ─────────────────────────────────────────────────────────
    ../../../../../../tmp/aheart-d4-c-independent/dnd-splitter-QG2-中文-DnD-fi-c58d0-unts-status-and-live-region-desktop-webkit/trace.zip
    Usage:

        pnpm exec playwright show-trace ../../../../../../tmp/aheart-d4-c-independent/dnd-splitter-QG2-中文-DnD-fi-c58d0-unts-status-and-live-region-desktop-webkit/trace.zip

    ────────────────────────────────────────────────────────────────────────────────────────────────


  5) [desktop-webkit] › e2e/form-engine.spec.ts:3:5 › account form validates dependencies and recovers from server field errors 

    Error: page.goto: Could not connect to the server.
    Call log:
      - navigating to "http://127.0.0.1:5213/components/form", waiting until "load"


      4 |   const errors: string[] = []
      5 |   page.on('pageerror', (error) => errors.push(error.message))
    > 6 |   await page.goto('/components/form')
        |              ^
      7 |   const form = page.getByRole('region', { name: '账户资料表单' })
      8 |   const email = form.getByRole('textbox', { name: '账户邮箱' })
      9 |   const password = form.locator('[data-name="password"] input')
        at /Users/start/.codex/worktrees/091b/aheart-ui/e2e/form-engine.spec.ts:6:14

    attachment #1: screenshot (image/png) ──────────────────────────────────────────────────────────
    ../../../../../../tmp/aheart-d4-c-independent/form-engine-account-form-v-2ae9b-rs-from-server-field-errors-desktop-webkit/test-failed-1.png
    ────────────────────────────────────────────────────────────────────────────────────────────────

    attachment #2: video (video/webm) ──────────────────────────────────────────────────────────────
    ../../../../../../tmp/aheart-d4-c-independent/form-engine-account-form-v-2ae9b-rs-from-server-field-errors-desktop-webkit/video.webm
    ────────────────────────────────────────────────────────────────────────────────────────────────

    Error Context: ../../../../../../tmp/aheart-d4-c-independent/form-engine-account-form-v-2ae9b-rs-from-server-field-errors-desktop-webkit/error-context.md

    attachment #4: trace (application/zip) ─────────────────────────────────────────────────────────
    ../../../../../../tmp/aheart-d4-c-independent/form-engine-account-form-v-2ae9b-rs-from-server-field-errors-desktop-webkit/trace.zip
    Usage:

        pnpm exec playwright show-trace ../../../../../../tmp/aheart-d4-c-independent/form-engine-account-form-v-2ae9b-rs-from-server-field-errors-desktop-webkit/trace.zip

    ────────────────────────────────────────────────────────────────────────────────────────────────



(node:43718) Warning: The 'NO_COLOR' env is ignored due to the 'FORCE_COLOR' env being set.
(Use `node --trace-warnings ...` to show where the warning was created)

[488/571] [desktop-webkit] › e2e/dnd-splitter.spec.ts:148:7 › QG2 中文 DnD fixture › sorts from a focused handle with Alt+Arrow and restores focus to that handle

(node:43719) Warning: The 'NO_COLOR' env is ignored due to the 'FORCE_COLOR' env being set.
(Use `node --trace-warnings ...` to show where the warning was created)

[489/571] [mobile-webkit] › e2e/cross-browser-production.spec.ts:58:3 › QG5 production cross-browser gates › production assets load and interactive routes hydrate without runtime errors
  6) [desktop-webkit] › e2e/dnd-splitter.spec.ts:148:7 › QG2 中文 DnD fixture › sorts from a focused handle with Alt+Arrow and restores focus to that handle 

    Error: page.goto: Could not connect to the server.
    Call log:
      - navigating to "http://127.0.0.1:5213/components/dnd", waiting until "domcontentloaded"


      124 |   test.beforeEach(async ({ page }) => {
      125 |     collectRuntimeErrors(page)
    > 126 |     await page.goto('/components/dnd', { waitUntil: 'domcontentloaded' })
          |                ^
      127 |   })
      128 |
      129 |   test.afterEach(async ({ page }) => {
        at /Users/start/.codex/worktrees/091b/aheart-ui/e2e/dnd-splitter.spec.ts:126:16

    Error: expect(received).toEqual(expected) // deep equality

    - Expected  - 1
    + Received  + 3

    - Array []
    + Array [
    +   "error: Failed to load resource: Could not connect to the server.",
    + ]

      16 | }
      17 |
    > 18 | const expectNoRuntimeErrors = (page: Page) => expect(runtimeErrors.get(page) ?? []).toEqual([])
         |                                                                                     ^
      19 |
      20 | const clickAdvancedSidebarLink = async (page: Page, name: 'DnD 拖拽' | 'Splitter 分割面板', href: string) => {
      21 |   const sidebar = page.locator('.VPSidebar')
        at expectNoRuntimeErrors (/Users/start/.codex/worktrees/091b/aheart-ui/e2e/dnd-splitter.spec.ts:18:85)
        at /Users/start/.codex/worktrees/091b/aheart-ui/e2e/dnd-splitter.spec.ts:130:5

    attachment #1: screenshot (image/png) ──────────────────────────────────────────────────────────
    ../../../../../../tmp/aheart-d4-c-independent/dnd-splitter-QG2-中文-DnD-fi-38daf-stores-focus-to-that-handle-desktop-webkit/test-failed-1.png
    ────────────────────────────────────────────────────────────────────────────────────────────────

    attachment #2: video (video/webm) ──────────────────────────────────────────────────────────────
    ../../../../../../tmp/aheart-d4-c-independent/dnd-splitter-QG2-中文-DnD-fi-38daf-stores-focus-to-that-handle-desktop-webkit/video.webm
    ────────────────────────────────────────────────────────────────────────────────────────────────

    Error Context: ../../../../../../tmp/aheart-d4-c-independent/dnd-splitter-QG2-中文-DnD-fi-38daf-stores-focus-to-that-handle-desktop-webkit/error-context.md

    attachment #4: trace (application/zip) ─────────────────────────────────────────────────────────
    ../../../../../../tmp/aheart-d4-c-independent/dnd-splitter-QG2-中文-DnD-fi-38daf-stores-focus-to-that-handle-desktop-webkit/trace.zip
    Usage:

        pnpm exec playwright show-trace ../../../../../../tmp/aheart-d4-c-independent/dnd-splitter-QG2-中文-DnD-fi-38daf-stores-focus-to-that-handle-desktop-webkit/trace.zip

    ────────────────────────────────────────────────────────────────────────────────────────────────


  7) [mobile-webkit] › e2e/cross-browser-production.spec.ts:58:3 › QG5 production cross-browser gates › production assets load and interactive routes hydrate without runtime errors 

    Error: page.goto: Could not connect to the server.
    Call log:
      - navigating to "http://127.0.0.1:5213/components/select", waiting until "domcontentloaded"


      59 |
      60 |     for (const route of ['select', 'modal', 'ai-agent-workbench'] as const) {
    > 61 |       await page.goto(`/components/${route}`, { waitUntil: 'domcontentloaded' })
         |                  ^
      62 |       await page.waitForFunction(() => Boolean((document.querySelector('#app') as HTMLElement & { __vue_app__?: unknown } | null)?.__vue_app__))
      63 |       await expect(page.locator('.vp-doc h1')).toBeVisible()
      64 |       await expect(page.locator('.aheart-demo-panel, .aheart-ai-workbench').first()).toBeVisible()
        at /Users/start/.codex/worktrees/091b/aheart-ui/e2e/cross-browser-production.spec.ts:61:18

    attachment #1: screenshot (image/png) ──────────────────────────────────────────────────────────
    ../../../../../../tmp/aheart-d4-c-independent/cross-browser-production-Q-19f5a-rate-without-runtime-errors-mobile-webkit/test-failed-1.png
    ────────────────────────────────────────────────────────────────────────────────────────────────

    attachment #3: video (video/webm) ──────────────────────────────────────────────────────────────
    ../../../../../../tmp/aheart-d4-c-independent/cross-browser-production-Q-19f5a-rate-without-runtime-errors-mobile-webkit/video.webm
    ────────────────────────────────────────────────────────────────────────────────────────────────

    Error Context: ../../../../../../tmp/aheart-d4-c-independent/cross-browser-production-Q-19f5a-rate-without-runtime-errors-mobile-webkit/error-context.md

    attachment #5: trace (application/zip) ─────────────────────────────────────────────────────────
    ../../../../../../tmp/aheart-d4-c-independent/cross-browser-production-Q-19f5a-rate-without-runtime-errors-mobile-webkit/trace.zip
    Usage:

        pnpm exec playwright show-trace ../../../../../../tmp/aheart-d4-c-independent/cross-browser-production-Q-19f5a-rate-without-runtime-errors-mobile-webkit/trace.zip

    ────────────────────────────────────────────────────────────────────────────────────────────────



(node:43744) Warning: The 'NO_COLOR' env is ignored due to the 'FORCE_COLOR' env being set.
(Use `node --trace-warnings ...` to show where the warning was created)

[490/571] [desktop-webkit] › e2e/dnd-splitter.spec.ts:160:7 › QG2 中文 DnD fixture › moves a focused handle across compatible lists with Alt+Arrow and announces the destination

(node:43745) Warning: The 'NO_COLOR' env is ignored due to the 'FORCE_COLOR' env being set.
(Use `node --trace-warnings ...` to show where the warning was created)

[491/571] [mobile-webkit] › e2e/cross-browser-production.spec.ts:71:3 › QG5 production cross-browser gates › Floating UI remains visible after scrolling, resizing, and edge adjustment
  8) [desktop-webkit] › e2e/dnd-splitter.spec.ts:160:7 › QG2 中文 DnD fixture › moves a focused handle across compatible lists with Alt+Arrow and announces the destination 

    Error: page.goto: Could not connect to the server.
    Call log:
      - navigating to "http://127.0.0.1:5213/components/dnd", waiting until "domcontentloaded"


      124 |   test.beforeEach(async ({ page }) => {
      125 |     collectRuntimeErrors(page)
    > 126 |     await page.goto('/components/dnd', { waitUntil: 'domcontentloaded' })
          |                ^
      127 |   })
      128 |
      129 |   test.afterEach(async ({ page }) => {
        at /Users/start/.codex/worktrees/091b/aheart-ui/e2e/dnd-splitter.spec.ts:126:16

    Error: expect(received).toEqual(expected) // deep equality

    - Expected  - 1
    + Received  + 3

    - Array []
    + Array [
    +   "error: Failed to load resource: Could not connect to the server.",
    + ]

      16 | }
      17 |
    > 18 | const expectNoRuntimeErrors = (page: Page) => expect(runtimeErrors.get(page) ?? []).toEqual([])
         |                                                                                     ^
      19 |
      20 | const clickAdvancedSidebarLink = async (page: Page, name: 'DnD 拖拽' | 'Splitter 分割面板', href: string) => {
      21 |   const sidebar = page.locator('.VPSidebar')
        at expectNoRuntimeErrors (/Users/start/.codex/worktrees/091b/aheart-ui/e2e/dnd-splitter.spec.ts:18:85)
        at /Users/start/.codex/worktrees/091b/aheart-ui/e2e/dnd-splitter.spec.ts:130:5

    attachment #1: screenshot (image/png) ──────────────────────────────────────────────────────────
    ../../../../../../tmp/aheart-d4-c-independent/dnd-splitter-QG2-中文-DnD-fi-94616-d-announces-the-destination-desktop-webkit/test-failed-1.png
    ────────────────────────────────────────────────────────────────────────────────────────────────

    attachment #2: video (video/webm) ──────────────────────────────────────────────────────────────
    ../../../../../../tmp/aheart-d4-c-independent/dnd-splitter-QG2-中文-DnD-fi-94616-d-announces-the-destination-desktop-webkit/video.webm
    ────────────────────────────────────────────────────────────────────────────────────────────────

    Error Context: ../../../../../../tmp/aheart-d4-c-independent/dnd-splitter-QG2-中文-DnD-fi-94616-d-announces-the-destination-desktop-webkit/error-context.md

    attachment #4: trace (application/zip) ─────────────────────────────────────────────────────────
    ../../../../../../tmp/aheart-d4-c-independent/dnd-splitter-QG2-中文-DnD-fi-94616-d-announces-the-destination-desktop-webkit/trace.zip
    Usage:

        pnpm exec playwright show-trace ../../../../../../tmp/aheart-d4-c-independent/dnd-splitter-QG2-中文-DnD-fi-94616-d-announces-the-destination-desktop-webkit/trace.zip

    ────────────────────────────────────────────────────────────────────────────────────────────────


  9) [mobile-webkit] › e2e/cross-browser-production.spec.ts:71:3 › QG5 production cross-browser gates › Floating UI remains visible after scrolling, resizing, and edge adjustment 

    Error: page.goto: Could not connect to the server.
    Call log:
      - navigating to "http://127.0.0.1:5213/components/select", waiting until "load"


      70 |
      71 |   test('Floating UI remains visible after scrolling, resizing, and edge adjustment', async ({ page, productionErrors }) => {
    > 72 |     await page.goto('/components/select')
         |                ^
      73 |
      74 |     const select = page.locator('.aheart-demo-panel').first().getByRole('combobox')
      75 |     await select.scrollIntoViewIfNeeded()
        at /Users/start/.codex/worktrees/091b/aheart-ui/e2e/cross-browser-production.spec.ts:72:16

    attachment #1: screenshot (image/png) ──────────────────────────────────────────────────────────
    ../../../../../../tmp/aheart-d4-c-independent/cross-browser-production-Q-ed037-esizing-and-edge-adjustment-mobile-webkit/test-failed-1.png
    ────────────────────────────────────────────────────────────────────────────────────────────────

    attachment #3: video (video/webm) ──────────────────────────────────────────────────────────────
    ../../../../../../tmp/aheart-d4-c-independent/cross-browser-production-Q-ed037-esizing-and-edge-adjustment-mobile-webkit/video.webm
    ────────────────────────────────────────────────────────────────────────────────────────────────

    Error Context: ../../../../../../tmp/aheart-d4-c-independent/cross-browser-production-Q-ed037-esizing-and-edge-adjustment-mobile-webkit/error-context.md

    attachment #5: trace (application/zip) ─────────────────────────────────────────────────────────
    ../../../../../../tmp/aheart-d4-c-independent/cross-browser-production-Q-ed037-esizing-and-edge-adjustment-mobile-webkit/trace.zip
    Usage:

        pnpm exec playwright show-trace ../../../../../../tmp/aheart-d4-c-independent/cross-browser-production-Q-ed037-esizing-and-edge-adjustment-mobile-webkit/trace.zip

    ────────────────────────────────────────────────────────────────────────────────────────────────



(node:43774) Warning: The 'NO_COLOR' env is ignored due to the 'FORCE_COLOR' env being set.
(Use `node --trace-warnings ...` to show where the warning was created)

[492/571] [desktop-webkit] › e2e/dnd-splitter.spec.ts:176:7 › QG2 中文 DnD fixture › uses an accessible deep-blue color for DnD status text without changing the handle focus color

(node:43775) Warning: The 'NO_COLOR' env is ignored due to the 'FORCE_COLOR' env being set.
(Use `node --trace-warnings ...` to show where the warning was created)

[493/571] [mobile-webkit] › e2e/cross-browser-production.spec.ts:90:3 › QG5 production cross-browser gates › Teleport overlays close cleanly and restore focus
  10) [desktop-webkit] › e2e/dnd-splitter.spec.ts:176:7 › QG2 中文 DnD fixture › uses an accessible deep-blue color for DnD status text without changing the handle focus color 

    Error: page.goto: Could not connect to the server.
    Call log:
      - navigating to "http://127.0.0.1:5213/components/dnd", waiting until "domcontentloaded"


      124 |   test.beforeEach(async ({ page }) => {
      125 |     collectRuntimeErrors(page)
    > 126 |     await page.goto('/components/dnd', { waitUntil: 'domcontentloaded' })
          |                ^
      127 |   })
      128 |
      129 |   test.afterEach(async ({ page }) => {
        at /Users/start/.codex/worktrees/091b/aheart-ui/e2e/dnd-splitter.spec.ts:126:16

    Error: expect(received).toEqual(expected) // deep equality

    - Expected  - 1
    + Received  + 3

    - Array []
    + Array [
    +   "error: Failed to load resource: Could not connect to the server.",
    + ]

      16 | }
      17 |
    > 18 | const expectNoRuntimeErrors = (page: Page) => expect(runtimeErrors.get(page) ?? []).toEqual([])
         |                                                                                     ^
      19 |
      20 | const clickAdvancedSidebarLink = async (page: Page, name: 'DnD 拖拽' | 'Splitter 分割面板', href: string) => {
      21 |   const sidebar = page.locator('.VPSidebar')
        at expectNoRuntimeErrors (/Users/start/.codex/worktrees/091b/aheart-ui/e2e/dnd-splitter.spec.ts:18:85)
        at /Users/start/.codex/worktrees/091b/aheart-ui/e2e/dnd-splitter.spec.ts:130:5

    attachment #1: screenshot (image/png) ──────────────────────────────────────────────────────────
    ../../../../../../tmp/aheart-d4-c-independent/dnd-splitter-QG2-中文-DnD-fi-fea8d-ging-the-handle-focus-color-desktop-webkit/test-failed-1.png
    ────────────────────────────────────────────────────────────────────────────────────────────────

    attachment #2: video (video/webm) ──────────────────────────────────────────────────────────────
    ../../../../../../tmp/aheart-d4-c-independent/dnd-splitter-QG2-中文-DnD-fi-fea8d-ging-the-handle-focus-color-desktop-webkit/video.webm
    ────────────────────────────────────────────────────────────────────────────────────────────────

    Error Context: ../../../../../../tmp/aheart-d4-c-independent/dnd-splitter-QG2-中文-DnD-fi-fea8d-ging-the-handle-focus-color-desktop-webkit/error-context.md

    attachment #4: trace (application/zip) ─────────────────────────────────────────────────────────
    ../../../../../../tmp/aheart-d4-c-independent/dnd-splitter-QG2-中文-DnD-fi-fea8d-ging-the-handle-focus-color-desktop-webkit/trace.zip
    Usage:

        pnpm exec playwright show-trace ../../../../../../tmp/aheart-d4-c-independent/dnd-splitter-QG2-中文-DnD-fi-fea8d-ging-the-handle-focus-color-desktop-webkit/trace.zip

    ────────────────────────────────────────────────────────────────────────────────────────────────


  11) [mobile-webkit] › e2e/cross-browser-production.spec.ts:90:3 › QG5 production cross-browser gates › Teleport overlays close cleanly and restore focus 

    Error: page.goto: Could not connect to the server.
    Call log:
      - navigating to "http://127.0.0.1:5213/components/modal", waiting until "load"


      89 |
      90 |   test('Teleport overlays close cleanly and restore focus', async ({ page, productionErrors }) => {
    > 91 |     await page.goto('/components/modal')
         |                ^
      92 |
      93 |     const trigger = page.getByRole('button', { name: 'Open modal', exact: true }).first()
      94 |     await trigger.focus()
        at /Users/start/.codex/worktrees/091b/aheart-ui/e2e/cross-browser-production.spec.ts:91:16

    attachment #1: screenshot (image/png) ──────────────────────────────────────────────────────────
    ../../../../../../tmp/aheart-d4-c-independent/cross-browser-production-Q-56f42-e-cleanly-and-restore-focus-mobile-webkit/test-failed-1.png
    ────────────────────────────────────────────────────────────────────────────────────────────────

    attachment #3: video (video/webm) ──────────────────────────────────────────────────────────────
    ../../../../../../tmp/aheart-d4-c-independent/cross-browser-production-Q-56f42-e-cleanly-and-restore-focus-mobile-webkit/video.webm
    ────────────────────────────────────────────────────────────────────────────────────────────────

    Error Context: ../../../../../../tmp/aheart-d4-c-independent/cross-browser-production-Q-56f42-e-cleanly-and-restore-focus-mobile-webkit/error-context.md

    attachment #5: trace (application/zip) ─────────────────────────────────────────────────────────
    ../../../../../../tmp/aheart-d4-c-independent/cross-browser-production-Q-56f42-e-cleanly-and-restore-focus-mobile-webkit/trace.zip
    Usage:

        pnpm exec playwright show-trace ../../../../../../tmp/aheart-d4-c-independent/cross-browser-production-Q-56f42-e-cleanly-and-restore-focus-mobile-webkit/trace.zip

    ────────────────────────────────────────────────────────────────────────────────────────────────



(node:43801) Warning: The 'NO_COLOR' env is ignored due to the 'FORCE_COLOR' env being set.
(Use `node --trace-warnings ...` to show where the warning was created)


(node:43803) Warning: The 'NO_COLOR' env is ignored due to the 'FORCE_COLOR' env being set.
(Use `node --trace-warnings ...` to show where the warning was created)

[494/571] [desktop-webkit] › e2e/dnd-splitter.spec.ts:183:7 › QG2 中文 DnD fixture › reorders a list once with a real pointer drag
[495/571] [mobile-webkit] › e2e/cross-browser-production.spec.ts:108:3 › QG5 production cross-browser gates › mobile production surfaces stay within the viewport
  12) [mobile-webkit] › e2e/cross-browser-production.spec.ts:108:3 › QG5 production cross-browser gates › mobile production surfaces stay within the viewport 

    Error: page.goto: Could not connect to the server.
    Call log:
      - navigating to "http://127.0.0.1:5213/components/ai-agent-workbench", waiting until "load"


      108 |   test('mobile production surfaces stay within the viewport', async ({ page, productionErrors }, testInfo) => {
      109 |     test.skip(!testInfo.project.name.includes('mobile'), 'Mobile containment belongs to mobile projects.')
    > 110 |     await page.goto('/components/ai-agent-workbench')
          |                ^
      111 |
      112 |     const workbench = page.locator('.aheart-ai-workbench').first()
      113 |     await expect(workbench).toBeVisible()
        at /Users/start/.codex/worktrees/091b/aheart-ui/e2e/cross-browser-production.spec.ts:110:16

    attachment #1: screenshot (image/png) ──────────────────────────────────────────────────────────
    ../../../../../../tmp/aheart-d4-c-independent/cross-browser-production-Q-a8dde-es-stay-within-the-viewport-mobile-webkit/test-failed-1.png
    ────────────────────────────────────────────────────────────────────────────────────────────────

    attachment #3: video (video/webm) ──────────────────────────────────────────────────────────────
    ../../../../../../tmp/aheart-d4-c-independent/cross-browser-production-Q-a8dde-es-stay-within-the-viewport-mobile-webkit/video.webm
    ────────────────────────────────────────────────────────────────────────────────────────────────

    Error Context: ../../../../../../tmp/aheart-d4-c-independent/cross-browser-production-Q-a8dde-es-stay-within-the-viewport-mobile-webkit/error-context.md

    attachment #5: trace (application/zip) ─────────────────────────────────────────────────────────
    ../../../../../../tmp/aheart-d4-c-independent/cross-browser-production-Q-a8dde-es-stay-within-the-viewport-mobile-webkit/trace.zip
    Usage:

        pnpm exec playwright show-trace ../../../../../../tmp/aheart-d4-c-independent/cross-browser-production-Q-a8dde-es-stay-within-the-viewport-mobile-webkit/trace.zip

    ────────────────────────────────────────────────────────────────────────────────────────────────


  13) [desktop-webkit] › e2e/dnd-splitter.spec.ts:183:7 › QG2 中文 DnD fixture › reorders a list once with a real pointer drag 

    Error: page.goto: Could not connect to the server.
    Call log:
      - navigating to "http://127.0.0.1:5213/components/dnd", waiting until "domcontentloaded"


      124 |   test.beforeEach(async ({ page }) => {
      125 |     collectRuntimeErrors(page)
    > 126 |     await page.goto('/components/dnd', { waitUntil: 'domcontentloaded' })
          |                ^
      127 |   })
      128 |
      129 |   test.afterEach(async ({ page }) => {
        at /Users/start/.codex/worktrees/091b/aheart-ui/e2e/dnd-splitter.spec.ts:126:16

    Error: expect(received).toEqual(expected) // deep equality

    - Expected  - 1
    + Received  + 3

    - Array []
    + Array [
    +   "error: Failed to load resource: Could not connect to the server.",
    + ]

      16 | }
      17 |
    > 18 | const expectNoRuntimeErrors = (page: Page) => expect(runtimeErrors.get(page) ?? []).toEqual([])
         |                                                                                     ^
      19 |
      20 | const clickAdvancedSidebarLink = async (page: Page, name: 'DnD 拖拽' | 'Splitter 分割面板', href: string) => {
      21 |   const sidebar = page.locator('.VPSidebar')
        at expectNoRuntimeErrors (/Users/start/.codex/worktrees/091b/aheart-ui/e2e/dnd-splitter.spec.ts:18:85)
        at /Users/start/.codex/worktrees/091b/aheart-ui/e2e/dnd-splitter.spec.ts:130:5

    attachment #1: screenshot (image/png) ──────────────────────────────────────────────────────────
    ../../../../../../tmp/aheart-d4-c-independent/dnd-splitter-QG2-中文-DnD-fi-879ae-ce-with-a-real-pointer-drag-desktop-webkit/test-failed-1.png
    ────────────────────────────────────────────────────────────────────────────────────────────────

    attachment #2: video (video/webm) ──────────────────────────────────────────────────────────────
    ../../../../../../tmp/aheart-d4-c-independent/dnd-splitter-QG2-中文-DnD-fi-879ae-ce-with-a-real-pointer-drag-desktop-webkit/video.webm
    ────────────────────────────────────────────────────────────────────────────────────────────────

    Error Context: ../../../../../../tmp/aheart-d4-c-independent/dnd-splitter-QG2-中文-DnD-fi-879ae-ce-with-a-real-pointer-drag-desktop-webkit/error-context.md

    attachment #4: trace (application/zip) ─────────────────────────────────────────────────────────
    ../../../../../../tmp/aheart-d4-c-independent/dnd-splitter-QG2-中文-DnD-fi-879ae-ce-with-a-real-pointer-drag-desktop-webkit/trace.zip
    Usage:

        pnpm exec playwright show-trace ../../../../../../tmp/aheart-d4-c-independent/dnd-splitter-QG2-中文-DnD-fi-879ae-ce-with-a-real-pointer-drag-desktop-webkit/trace.zip

    ────────────────────────────────────────────────────────────────────────────────────────────────



(node:43831) Warning: The 'NO_COLOR' env is ignored due to the 'FORCE_COLOR' env being set.
(Use `node --trace-warnings ...` to show where the warning was created)

[496/571] [mobile-webkit] › e2e/cross-browser-r1.spec.ts:62:7 › QG5 R1 production cross-browser smoke › Form completes async validation, correction, and reset

(node:43832) Warning: The 'NO_COLOR' env is ignored due to the 'FORCE_COLOR' env being set.
(Use `node --trace-warnings ...` to show where the warning was created)

[497/571] [desktop-webkit] › e2e/dnd-splitter.spec.ts:192:7 › QG2 中文 DnD fixture › keeps legacy desktop whole-item native dragging without handleProps
  14) [mobile-webkit] › e2e/cross-browser-r1.spec.ts:62:7 › QG5 R1 production cross-browser smoke › Form completes async validation, correction, and reset 

    Error: page.goto: Could not connect to the server.
    Call log:
      - navigating to "http://127.0.0.1:5213/components/form", waiting until "domcontentloaded"


      35 |
      36 | const expectProductionRoute = async (page: Page, route: string) => {
    > 37 |   await page.goto(`/components/${route}`, { waitUntil: 'domcontentloaded' })
         |              ^
      38 |   await page.waitForFunction(() => Boolean((document.querySelector('#app') as HTMLElement & { __vue_app__?: unknown } | null)?.__vue_app__))
      39 |   await expect(page.locator('.vp-doc h1')).toBeVisible()
      40 |   await page.waitForLoadState('networkidle')
        at expectProductionRoute (/Users/start/.codex/worktrees/091b/aheart-ui/e2e/cross-browser-r1.spec.ts:37:14)
        at /Users/start/.codex/worktrees/091b/aheart-ui/e2e/cross-browser-r1.spec.ts:65:11

    Error: expect(received).toEqual(expected) // deep equality

    - Expected  - 1
    + Received  + 4

    - Array []
    + Array [
    +   "requestfailed: /components/form (Could not connect to the server.)",
    +   "console error: Failed to load resource: Could not connect to the server.",
    + ]

      45 |     (window as typeof window & Record<string, string[] | undefined>)[key] ?? [],
      46 |   unhandledRejectionsKey)
    > 47 |   expect([...errors, ...unhandledRejections]).toEqual([])
         |                                               ^
      48 | }
      49 |
      50 | const item = (list: ReturnType<Page['getByTestId']>, name: string) =>
        at expectNoProductionErrors (/Users/start/.codex/worktrees/091b/aheart-ui/e2e/cross-browser-r1.spec.ts:47:47)
        at /Users/start/.codex/worktrees/091b/aheart-ui/e2e/cross-browser-r1.spec.ts:59:5

    attachment #1: screenshot (image/png) ──────────────────────────────────────────────────────────
    ../../../../../../tmp/aheart-d4-c-independent/cross-browser-r1-QG5-R1-pr-b62f7-dation-correction-and-reset-mobile-webkit/test-failed-1.png
    ────────────────────────────────────────────────────────────────────────────────────────────────

    attachment #2: video (video/webm) ──────────────────────────────────────────────────────────────
    ../../../../../../tmp/aheart-d4-c-independent/cross-browser-r1-QG5-R1-pr-b62f7-dation-correction-and-reset-mobile-webkit/video.webm
    ────────────────────────────────────────────────────────────────────────────────────────────────

    Error Context: ../../../../../../tmp/aheart-d4-c-independent/cross-browser-r1-QG5-R1-pr-b62f7-dation-correction-and-reset-mobile-webkit/error-context.md

    attachment #4: trace (application/zip) ─────────────────────────────────────────────────────────
    ../../../../../../tmp/aheart-d4-c-independent/cross-browser-r1-QG5-R1-pr-b62f7-dation-correction-and-reset-mobile-webkit/trace.zip
    Usage:

        pnpm exec playwright show-trace ../../../../../../tmp/aheart-d4-c-independent/cross-browser-r1-QG5-R1-pr-b62f7-dation-correction-and-reset-mobile-webkit/trace.zip

    ────────────────────────────────────────────────────────────────────────────────────────────────


  15) [desktop-webkit] › e2e/dnd-splitter.spec.ts:192:7 › QG2 中文 DnD fixture › keeps legacy desktop whole-item native dragging without handleProps 

    Error: page.goto: Could not connect to the server.
    Call log:
      - navigating to "http://127.0.0.1:5213/components/dnd", waiting until "domcontentloaded"


      124 |   test.beforeEach(async ({ page }) => {
      125 |     collectRuntimeErrors(page)
    > 126 |     await page.goto('/components/dnd', { waitUntil: 'domcontentloaded' })
          |                ^
      127 |   })
      128 |
      129 |   test.afterEach(async ({ page }) => {
        at /Users/start/.codex/worktrees/091b/aheart-ui/e2e/dnd-splitter.spec.ts:126:16

    Error: expect(received).toEqual(expected) // deep equality

    - Expected  - 1
    + Received  + 3

    - Array []
    + Array [
    +   "error: Failed to load resource: Could not connect to the server.",
    + ]

      16 | }
      17 |
    > 18 | const expectNoRuntimeErrors = (page: Page) => expect(runtimeErrors.get(page) ?? []).toEqual([])
         |                                                                                     ^
      19 |
      20 | const clickAdvancedSidebarLink = async (page: Page, name: 'DnD 拖拽' | 'Splitter 分割面板', href: string) => {
      21 |   const sidebar = page.locator('.VPSidebar')
        at expectNoRuntimeErrors (/Users/start/.codex/worktrees/091b/aheart-ui/e2e/dnd-splitter.spec.ts:18:85)
        at /Users/start/.codex/worktrees/091b/aheart-ui/e2e/dnd-splitter.spec.ts:130:5

    attachment #1: screenshot (image/png) ──────────────────────────────────────────────────────────
    ../../../../../../tmp/aheart-d4-c-independent/dnd-splitter-QG2-中文-DnD-fi-e9a74-ragging-without-handleProps-desktop-webkit/test-failed-1.png
    ────────────────────────────────────────────────────────────────────────────────────────────────

    attachment #2: video (video/webm) ──────────────────────────────────────────────────────────────
    ../../../../../../tmp/aheart-d4-c-independent/dnd-splitter-QG2-中文-DnD-fi-e9a74-ragging-without-handleProps-desktop-webkit/video.webm
    ────────────────────────────────────────────────────────────────────────────────────────────────

    Error Context: ../../../../../../tmp/aheart-d4-c-independent/dnd-splitter-QG2-中文-DnD-fi-e9a74-ragging-without-handleProps-desktop-webkit/error-context.md

    attachment #4: trace (application/zip) ─────────────────────────────────────────────────────────
    ../../../../../../tmp/aheart-d4-c-independent/dnd-splitter-QG2-中文-DnD-fi-e9a74-ragging-without-handleProps-desktop-webkit/trace.zip
    Usage:

        pnpm exec playwright show-trace ../../../../../../tmp/aheart-d4-c-independent/dnd-splitter-QG2-中文-DnD-fi-e9a74-ragging-without-handleProps-desktop-webkit/trace.zip

    ────────────────────────────────────────────────────────────────────────────────────────────────



(node:43875) Warning: The 'NO_COLOR' env is ignored due to the 'FORCE_COLOR' env being set.
(Use `node --trace-warnings ...` to show where the warning was created)

[498/571] [mobile-webkit] › e2e/cross-browser-r1.spec.ts:80:7 › QG5 R1 production cross-browser smoke › Select selects, clears multiple values, and closes by keyboard

(node:43876) Warning: The 'NO_COLOR' env is ignored due to the 'FORCE_COLOR' env being set.
(Use `node --trace-warnings ...` to show where the warning was created)

[499/571] [desktop-webkit] › e2e/dnd-splitter.spec.ts:202:7 › QG2 中文 DnD fixture › reorders from a trusted Chromium touch sequence on the handle
  16) [mobile-webkit] › e2e/cross-browser-r1.spec.ts:80:7 › QG5 R1 production cross-browser smoke › Select selects, clears multiple values, and closes by keyboard 

    Error: page.goto: Could not connect to the server.
    Call log:
      - navigating to "http://127.0.0.1:5213/components/select", waiting until "domcontentloaded"


      35 |
      36 | const expectProductionRoute = async (page: Page, route: string) => {
    > 37 |   await page.goto(`/components/${route}`, { waitUntil: 'domcontentloaded' })
         |              ^
      38 |   await page.waitForFunction(() => Boolean((document.querySelector('#app') as HTMLElement & { __vue_app__?: unknown } | null)?.__vue_app__))
      39 |   await expect(page.locator('.vp-doc h1')).toBeVisible()
      40 |   await page.waitForLoadState('networkidle')
        at expectProductionRoute (/Users/start/.codex/worktrees/091b/aheart-ui/e2e/cross-browser-r1.spec.ts:37:14)
        at /Users/start/.codex/worktrees/091b/aheart-ui/e2e/cross-browser-r1.spec.ts:83:11

    Error: expect(received).toEqual(expected) // deep equality

    - Expected  - 1
    + Received  + 4

    - Array []
    + Array [
    +   "requestfailed: /components/select (Could not connect to the server.)",
    +   "console error: Failed to load resource: Could not connect to the server.",
    + ]

      45 |     (window as typeof window & Record<string, string[] | undefined>)[key] ?? [],
      46 |   unhandledRejectionsKey)
    > 47 |   expect([...errors, ...unhandledRejections]).toEqual([])
         |                                               ^
      48 | }
      49 |
      50 | const item = (list: ReturnType<Page['getByTestId']>, name: string) =>
        at expectNoProductionErrors (/Users/start/.codex/worktrees/091b/aheart-ui/e2e/cross-browser-r1.spec.ts:47:47)
        at /Users/start/.codex/worktrees/091b/aheart-ui/e2e/cross-browser-r1.spec.ts:59:5

    attachment #1: screenshot (image/png) ──────────────────────────────────────────────────────────
    ../../../../../../tmp/aheart-d4-c-independent/cross-browser-r1-QG5-R1-pr-b2c6d-lues-and-closes-by-keyboard-mobile-webkit/test-failed-1.png
    ────────────────────────────────────────────────────────────────────────────────────────────────

    attachment #2: video (video/webm) ──────────────────────────────────────────────────────────────
    ../../../../../../tmp/aheart-d4-c-independent/cross-browser-r1-QG5-R1-pr-b2c6d-lues-and-closes-by-keyboard-mobile-webkit/video.webm
    ────────────────────────────────────────────────────────────────────────────────────────────────

    Error Context: ../../../../../../tmp/aheart-d4-c-independent/cross-browser-r1-QG5-R1-pr-b2c6d-lues-and-closes-by-keyboard-mobile-webkit/error-context.md

    attachment #4: trace (application/zip) ─────────────────────────────────────────────────────────
    ../../../../../../tmp/aheart-d4-c-independent/cross-browser-r1-QG5-R1-pr-b2c6d-lues-and-closes-by-keyboard-mobile-webkit/trace.zip
    Usage:

        pnpm exec playwright show-trace ../../../../../../tmp/aheart-d4-c-independent/cross-browser-r1-QG5-R1-pr-b2c6d-lues-and-closes-by-keyboard-mobile-webkit/trace.zip

    ────────────────────────────────────────────────────────────────────────────────────────────────


  17) [desktop-webkit] › e2e/dnd-splitter.spec.ts:202:7 › QG2 中文 DnD fixture › reorders from a trusted Chromium touch sequence on the handle 

    Error: page.goto: Could not connect to the server.
    Call log:
      - navigating to "http://127.0.0.1:5213/components/dnd", waiting until "domcontentloaded"


      124 |   test.beforeEach(async ({ page }) => {
      125 |     collectRuntimeErrors(page)
    > 126 |     await page.goto('/components/dnd', { waitUntil: 'domcontentloaded' })
          |                ^
      127 |   })
      128 |
      129 |   test.afterEach(async ({ page }) => {
        at /Users/start/.codex/worktrees/091b/aheart-ui/e2e/dnd-splitter.spec.ts:126:16

    Error: expect(received).toEqual(expected) // deep equality

    - Expected  - 1
    + Received  + 3

    - Array []
    + Array [
    +   "error: Failed to load resource: Could not connect to the server.",
    + ]

      16 | }
      17 |
    > 18 | const expectNoRuntimeErrors = (page: Page) => expect(runtimeErrors.get(page) ?? []).toEqual([])
         |                                                                                     ^
      19 |
      20 | const clickAdvancedSidebarLink = async (page: Page, name: 'DnD 拖拽' | 'Splitter 分割面板', href: string) => {
      21 |   const sidebar = page.locator('.VPSidebar')
        at expectNoRuntimeErrors (/Users/start/.codex/worktrees/091b/aheart-ui/e2e/dnd-splitter.spec.ts:18:85)
        at /Users/start/.codex/worktrees/091b/aheart-ui/e2e/dnd-splitter.spec.ts:130:5

    attachment #1: screenshot (image/png) ──────────────────────────────────────────────────────────
    ../../../../../../tmp/aheart-d4-c-independent/dnd-splitter-QG2-中文-DnD-fi-db0fa-ouch-sequence-on-the-handle-desktop-webkit/test-failed-1.png
    ────────────────────────────────────────────────────────────────────────────────────────────────

    attachment #2: video (video/webm) ──────────────────────────────────────────────────────────────
    ../../../../../../tmp/aheart-d4-c-independent/dnd-splitter-QG2-中文-DnD-fi-db0fa-ouch-sequence-on-the-handle-desktop-webkit/video.webm
    ────────────────────────────────────────────────────────────────────────────────────────────────

    Error Context: ../../../../../../tmp/aheart-d4-c-independent/dnd-splitter-QG2-中文-DnD-fi-db0fa-ouch-sequence-on-the-handle-desktop-webkit/error-context.md

    attachment #4: trace (application/zip) ─────────────────────────────────────────────────────────
    ../../../../../../tmp/aheart-d4-c-independent/dnd-splitter-QG2-中文-DnD-fi-db0fa-ouch-sequence-on-the-handle-desktop-webkit/trace.zip
    Usage:

        pnpm exec playwright show-trace ../../../../../../tmp/aheart-d4-c-independent/dnd-splitter-QG2-中文-DnD-fi-db0fa-ouch-sequence-on-the-handle-desktop-webkit/trace.zip

    ────────────────────────────────────────────────────────────────────────────────────────────────



(node:43905) Warning: The 'NO_COLOR' env is ignored due to the 'FORCE_COLOR' env being set.
(Use `node --trace-warnings ...` to show where the warning was created)

[500/571] [mobile-webkit] › e2e/cross-browser-r1.spec.ts:104:7 › QG5 R1 production cross-browser smoke › DatePicker commits a date-time draft and cancels a later edit

(node:43906) Warning: The 'NO_COLOR' env is ignored due to the 'FORCE_COLOR' env being set.
(Use `node --trace-warnings ...` to show where the warning was created)

[501/571] [desktop-webkit] › e2e/dnd-splitter.spec.ts:238:7 › QG2 中文 DnD fixture › naturally scrolls from trusted Chromium touch input on item content without sorting
  18) [mobile-webkit] › e2e/cross-browser-r1.spec.ts:104:7 › QG5 R1 production cross-browser smoke › DatePicker commits a date-time draft and cancels a later edit 

    Error: page.goto: Could not connect to the server.
    Call log:
      - navigating to "http://127.0.0.1:5213/components/date-picker", waiting until "domcontentloaded"


      35 |
      36 | const expectProductionRoute = async (page: Page, route: string) => {
    > 37 |   await page.goto(`/components/${route}`, { waitUntil: 'domcontentloaded' })
         |              ^
      38 |   await page.waitForFunction(() => Boolean((document.querySelector('#app') as HTMLElement & { __vue_app__?: unknown } | null)?.__vue_app__))
      39 |   await expect(page.locator('.vp-doc h1')).toBeVisible()
      40 |   await page.waitForLoadState('networkidle')
        at expectProductionRoute (/Users/start/.codex/worktrees/091b/aheart-ui/e2e/cross-browser-r1.spec.ts:37:14)
        at /Users/start/.codex/worktrees/091b/aheart-ui/e2e/cross-browser-r1.spec.ts:107:11

    Error: expect(received).toEqual(expected) // deep equality

    - Expected  - 1
    + Received  + 4

    - Array []
    + Array [
    +   "requestfailed: /components/date-picker (Could not connect to the server.)",
    +   "console error: Failed to load resource: Could not connect to the server.",
    + ]

      45 |     (window as typeof window & Record<string, string[] | undefined>)[key] ?? [],
      46 |   unhandledRejectionsKey)
    > 47 |   expect([...errors, ...unhandledRejections]).toEqual([])
         |                                               ^
      48 | }
      49 |
      50 | const item = (list: ReturnType<Page['getByTestId']>, name: string) =>
        at expectNoProductionErrors (/Users/start/.codex/worktrees/091b/aheart-ui/e2e/cross-browser-r1.spec.ts:47:47)
        at /Users/start/.codex/worktrees/091b/aheart-ui/e2e/cross-browser-r1.spec.ts:59:5

    attachment #1: screenshot (image/png) ──────────────────────────────────────────────────────────
    ../../../../../../tmp/aheart-d4-c-independent/cross-browser-r1-QG5-R1-pr-33b66-ft-and-cancels-a-later-edit-mobile-webkit/test-failed-1.png
    ────────────────────────────────────────────────────────────────────────────────────────────────

    attachment #2: video (video/webm) ──────────────────────────────────────────────────────────────
    ../../../../../../tmp/aheart-d4-c-independent/cross-browser-r1-QG5-R1-pr-33b66-ft-and-cancels-a-later-edit-mobile-webkit/video.webm
    ────────────────────────────────────────────────────────────────────────────────────────────────

    Error Context: ../../../../../../tmp/aheart-d4-c-independent/cross-browser-r1-QG5-R1-pr-33b66-ft-and-cancels-a-later-edit-mobile-webkit/error-context.md

    attachment #4: trace (application/zip) ─────────────────────────────────────────────────────────
    ../../../../../../tmp/aheart-d4-c-independent/cross-browser-r1-QG5-R1-pr-33b66-ft-and-cancels-a-later-edit-mobile-webkit/trace.zip
    Usage:

        pnpm exec playwright show-trace ../../../../../../tmp/aheart-d4-c-independent/cross-browser-r1-QG5-R1-pr-33b66-ft-and-cancels-a-later-edit-mobile-webkit/trace.zip

    ────────────────────────────────────────────────────────────────────────────────────────────────


  19) [desktop-webkit] › e2e/dnd-splitter.spec.ts:238:7 › QG2 中文 DnD fixture › naturally scrolls from trusted Chromium touch input on item content without sorting 

    Error: page.goto: Could not connect to the server.
    Call log:
      - navigating to "http://127.0.0.1:5213/components/dnd", waiting until "domcontentloaded"


      124 |   test.beforeEach(async ({ page }) => {
      125 |     collectRuntimeErrors(page)
    > 126 |     await page.goto('/components/dnd', { waitUntil: 'domcontentloaded' })
          |                ^
      127 |   })
      128 |
      129 |   test.afterEach(async ({ page }) => {
        at /Users/start/.codex/worktrees/091b/aheart-ui/e2e/dnd-splitter.spec.ts:126:16

    Error: expect(received).toEqual(expected) // deep equality

    - Expected  - 1
    + Received  + 3

    - Array []
    + Array [
    +   "error: Failed to load resource: Could not connect to the server.",
    + ]

      16 | }
      17 |
    > 18 | const expectNoRuntimeErrors = (page: Page) => expect(runtimeErrors.get(page) ?? []).toEqual([])
         |                                                                                     ^
      19 |
      20 | const clickAdvancedSidebarLink = async (page: Page, name: 'DnD 拖拽' | 'Splitter 分割面板', href: string) => {
      21 |   const sidebar = page.locator('.VPSidebar')
        at expectNoRuntimeErrors (/Users/start/.codex/worktrees/091b/aheart-ui/e2e/dnd-splitter.spec.ts:18:85)
        at /Users/start/.codex/worktrees/091b/aheart-ui/e2e/dnd-splitter.spec.ts:130:5

    attachment #1: screenshot (image/png) ──────────────────────────────────────────────────────────
    ../../../../../../tmp/aheart-d4-c-independent/dnd-splitter-QG2-中文-DnD-fi-e993f-tem-content-without-sorting-desktop-webkit/test-failed-1.png
    ────────────────────────────────────────────────────────────────────────────────────────────────

    attachment #2: video (video/webm) ──────────────────────────────────────────────────────────────
    ../../../../../../tmp/aheart-d4-c-independent/dnd-splitter-QG2-中文-DnD-fi-e993f-tem-content-without-sorting-desktop-webkit/video.webm
    ────────────────────────────────────────────────────────────────────────────────────────────────

    Error Context: ../../../../../../tmp/aheart-d4-c-independent/dnd-splitter-QG2-中文-DnD-fi-e993f-tem-content-without-sorting-desktop-webkit/error-context.md

    attachment #4: trace (application/zip) ─────────────────────────────────────────────────────────
    ../../../../../../tmp/aheart-d4-c-independent/dnd-splitter-QG2-中文-DnD-fi-e993f-tem-content-without-sorting-desktop-webkit/trace.zip
    Usage:

        pnpm exec playwright show-trace ../../../../../../tmp/aheart-d4-c-independent/dnd-splitter-QG2-中文-DnD-fi-e993f-tem-content-without-sorting-desktop-webkit/trace.zip

    ────────────────────────────────────────────────────────────────────────────────────────────────



(node:43931) Warning: The 'NO_COLOR' env is ignored due to the 'FORCE_COLOR' env being set.
(Use `node --trace-warnings ...` to show where the warning was created)

[502/571] [mobile-webkit] › e2e/cross-browser-r1.spec.ts:123:7 › QG5 R1 production cross-browser smoke › Table sorts, selects, expands, and paginates records

(node:43932) Warning: The 'NO_COLOR' env is ignored due to the 'FORCE_COLOR' env being set.
(Use `node --trace-warnings ...` to show where the warning was created)

[503/571] [desktop-webkit] › e2e/dnd-splitter.spec.ts:268:7 › QG2 中文 DnD fixture › runs the touch handle state machine with scripted PointerEvents in mobile WebKit
  20) [mobile-webkit] › e2e/cross-browser-r1.spec.ts:123:7 › QG5 R1 production cross-browser smoke › Table sorts, selects, expands, and paginates records 

    Error: page.goto: Could not connect to the server.
    Call log:
      - navigating to "http://127.0.0.1:5213/components/table", waiting until "domcontentloaded"


      35 |
      36 | const expectProductionRoute = async (page: Page, route: string) => {
    > 37 |   await page.goto(`/components/${route}`, { waitUntil: 'domcontentloaded' })
         |              ^
      38 |   await page.waitForFunction(() => Boolean((document.querySelector('#app') as HTMLElement & { __vue_app__?: unknown } | null)?.__vue_app__))
      39 |   await expect(page.locator('.vp-doc h1')).toBeVisible()
      40 |   await page.waitForLoadState('networkidle')
        at expectProductionRoute (/Users/start/.codex/worktrees/091b/aheart-ui/e2e/cross-browser-r1.spec.ts:37:14)
        at /Users/start/.codex/worktrees/091b/aheart-ui/e2e/cross-browser-r1.spec.ts:126:11

    Error: expect(received).toEqual(expected) // deep equality

    - Expected  - 1
    + Received  + 4

    - Array []
    + Array [
    +   "requestfailed: /components/table (Could not connect to the server.)",
    +   "console error: Failed to load resource: Could not connect to the server.",
    + ]

      45 |     (window as typeof window & Record<string, string[] | undefined>)[key] ?? [],
      46 |   unhandledRejectionsKey)
    > 47 |   expect([...errors, ...unhandledRejections]).toEqual([])
         |                                               ^
      48 | }
      49 |
      50 | const item = (list: ReturnType<Page['getByTestId']>, name: string) =>
        at expectNoProductionErrors (/Users/start/.codex/worktrees/091b/aheart-ui/e2e/cross-browser-r1.spec.ts:47:47)
        at /Users/start/.codex/worktrees/091b/aheart-ui/e2e/cross-browser-r1.spec.ts:59:5

    attachment #1: screenshot (image/png) ──────────────────────────────────────────────────────────
    ../../../../../../tmp/aheart-d4-c-independent/cross-browser-r1-QG5-R1-pr-3e9cb-pands-and-paginates-records-mobile-webkit/test-failed-1.png
    ────────────────────────────────────────────────────────────────────────────────────────────────

    attachment #2: video (video/webm) ──────────────────────────────────────────────────────────────
    ../../../../../../tmp/aheart-d4-c-independent/cross-browser-r1-QG5-R1-pr-3e9cb-pands-and-paginates-records-mobile-webkit/video.webm
    ────────────────────────────────────────────────────────────────────────────────────────────────

    Error Context: ../../../../../../tmp/aheart-d4-c-independent/cross-browser-r1-QG5-R1-pr-3e9cb-pands-and-paginates-records-mobile-webkit/error-context.md

    attachment #4: trace (application/zip) ─────────────────────────────────────────────────────────
    ../../../../../../tmp/aheart-d4-c-independent/cross-browser-r1-QG5-R1-pr-3e9cb-pands-and-paginates-records-mobile-webkit/trace.zip
    Usage:

        pnpm exec playwright show-trace ../../../../../../tmp/aheart-d4-c-independent/cross-browser-r1-QG5-R1-pr-3e9cb-pands-and-paginates-records-mobile-webkit/trace.zip

    ────────────────────────────────────────────────────────────────────────────────────────────────


  21) [desktop-webkit] › e2e/dnd-splitter.spec.ts:268:7 › QG2 中文 DnD fixture › runs the touch handle state machine with scripted PointerEvents in mobile WebKit 

    Error: page.goto: Could not connect to the server.
    Call log:
      - navigating to "http://127.0.0.1:5213/components/dnd", waiting until "domcontentloaded"


      124 |   test.beforeEach(async ({ page }) => {
      125 |     collectRuntimeErrors(page)
    > 126 |     await page.goto('/components/dnd', { waitUntil: 'domcontentloaded' })
          |                ^
      127 |   })
      128 |
      129 |   test.afterEach(async ({ page }) => {
        at /Users/start/.codex/worktrees/091b/aheart-ui/e2e/dnd-splitter.spec.ts:126:16

    Error: expect(received).toEqual(expected) // deep equality

    - Expected  - 1
    + Received  + 3

    - Array []
    + Array [
    +   "error: Failed to load resource: Could not connect to the server.",
    + ]

      16 | }
      17 |
    > 18 | const expectNoRuntimeErrors = (page: Page) => expect(runtimeErrors.get(page) ?? []).toEqual([])
         |                                                                                     ^
      19 |
      20 | const clickAdvancedSidebarLink = async (page: Page, name: 'DnD 拖拽' | 'Splitter 分割面板', href: string) => {
      21 |   const sidebar = page.locator('.VPSidebar')
        at expectNoRuntimeErrors (/Users/start/.codex/worktrees/091b/aheart-ui/e2e/dnd-splitter.spec.ts:18:85)
        at /Users/start/.codex/worktrees/091b/aheart-ui/e2e/dnd-splitter.spec.ts:130:5

    attachment #1: screenshot (image/png) ──────────────────────────────────────────────────────────
    ../../../../../../tmp/aheart-d4-c-independent/dnd-splitter-QG2-中文-DnD-fi-47d82-nterEvents-in-mobile-WebKit-desktop-webkit/test-failed-1.png
    ────────────────────────────────────────────────────────────────────────────────────────────────

    attachment #2: video (video/webm) ──────────────────────────────────────────────────────────────
    ../../../../../../tmp/aheart-d4-c-independent/dnd-splitter-QG2-中文-DnD-fi-47d82-nterEvents-in-mobile-WebKit-desktop-webkit/video.webm
    ────────────────────────────────────────────────────────────────────────────────────────────────

    Error Context: ../../../../../../tmp/aheart-d4-c-independent/dnd-splitter-QG2-中文-DnD-fi-47d82-nterEvents-in-mobile-WebKit-desktop-webkit/error-context.md

    attachment #4: trace (application/zip) ─────────────────────────────────────────────────────────
    ../../../../../../tmp/aheart-d4-c-independent/dnd-splitter-QG2-中文-DnD-fi-47d82-nterEvents-in-mobile-WebKit-desktop-webkit/trace.zip
    Usage:

        pnpm exec playwright show-trace ../../../../../../tmp/aheart-d4-c-independent/dnd-splitter-QG2-中文-DnD-fi-47d82-nterEvents-in-mobile-WebKit-desktop-webkit/trace.zip

    ────────────────────────────────────────────────────────────────────────────────────────────────



(node:43963) Warning: The 'NO_COLOR' env is ignored due to the 'FORCE_COLOR' env being set.
(Use `node --trace-warnings ...` to show where the warning was created)

[504/571] [mobile-webkit] › e2e/cross-browser-r1.spec.ts:141:7 › QG5 R1 production cross-browser smoke › Upload reports progress, recovers a failure, and enforces disabled state

(node:43964) Warning: The 'NO_COLOR' env is ignored due to the 'FORCE_COLOR' env being set.
(Use `node --trace-warnings ...` to show where the warning was created)

[505/571] [desktop-webkit] › e2e/dnd-splitter.spec.ts:301:7 › QG2 中文 DnD fixture › moves across lists and accepts an empty destination with a real pointer drag
  22) [mobile-webkit] › e2e/cross-browser-r1.spec.ts:141:7 › QG5 R1 production cross-browser smoke › Upload reports progress, recovers a failure, and enforces disabled state 

    Error: page.goto: Could not connect to the server.
    Call log:
      - navigating to "http://127.0.0.1:5213/components/upload", waiting until "domcontentloaded"


      35 |
      36 | const expectProductionRoute = async (page: Page, route: string) => {
    > 37 |   await page.goto(`/components/${route}`, { waitUntil: 'domcontentloaded' })
         |              ^
      38 |   await page.waitForFunction(() => Boolean((document.querySelector('#app') as HTMLElement & { __vue_app__?: unknown } | null)?.__vue_app__))
      39 |   await expect(page.locator('.vp-doc h1')).toBeVisible()
      40 |   await page.waitForLoadState('networkidle')
        at expectProductionRoute (/Users/start/.codex/worktrees/091b/aheart-ui/e2e/cross-browser-r1.spec.ts:37:14)
        at /Users/start/.codex/worktrees/091b/aheart-ui/e2e/cross-browser-r1.spec.ts:144:11

    Error: expect(received).toEqual(expected) // deep equality

    - Expected  - 1
    + Received  + 4

    - Array []
    + Array [
    +   "requestfailed: /components/upload (Could not connect to the server.)",
    +   "console error: Failed to load resource: Could not connect to the server.",
    + ]

      45 |     (window as typeof window & Record<string, string[] | undefined>)[key] ?? [],
      46 |   unhandledRejectionsKey)
    > 47 |   expect([...errors, ...unhandledRejections]).toEqual([])
         |                                               ^
      48 | }
      49 |
      50 | const item = (list: ReturnType<Page['getByTestId']>, name: string) =>
        at expectNoProductionErrors (/Users/start/.codex/worktrees/091b/aheart-ui/e2e/cross-browser-r1.spec.ts:47:47)
        at /Users/start/.codex/worktrees/091b/aheart-ui/e2e/cross-browser-r1.spec.ts:59:5

    attachment #1: screenshot (image/png) ──────────────────────────────────────────────────────────
    ../../../../../../tmp/aheart-d4-c-independent/cross-browser-r1-QG5-R1-pr-5baed-and-enforces-disabled-state-mobile-webkit/test-failed-1.png
    ────────────────────────────────────────────────────────────────────────────────────────────────

    attachment #2: video (video/webm) ──────────────────────────────────────────────────────────────
    ../../../../../../tmp/aheart-d4-c-independent/cross-browser-r1-QG5-R1-pr-5baed-and-enforces-disabled-state-mobile-webkit/video.webm
    ────────────────────────────────────────────────────────────────────────────────────────────────

    Error Context: ../../../../../../tmp/aheart-d4-c-independent/cross-browser-r1-QG5-R1-pr-5baed-and-enforces-disabled-state-mobile-webkit/error-context.md

    attachment #4: trace (application/zip) ─────────────────────────────────────────────────────────
    ../../../../../../tmp/aheart-d4-c-independent/cross-browser-r1-QG5-R1-pr-5baed-and-enforces-disabled-state-mobile-webkit/trace.zip
    Usage:

        pnpm exec playwright show-trace ../../../../../../tmp/aheart-d4-c-independent/cross-browser-r1-QG5-R1-pr-5baed-and-enforces-disabled-state-mobile-webkit/trace.zip

    ────────────────────────────────────────────────────────────────────────────────────────────────


  23) [desktop-webkit] › e2e/dnd-splitter.spec.ts:301:7 › QG2 中文 DnD fixture › moves across lists and accepts an empty destination with a real pointer drag 

    Error: page.goto: Could not connect to the server.
    Call log:
      - navigating to "http://127.0.0.1:5213/components/dnd", waiting until "domcontentloaded"


      124 |   test.beforeEach(async ({ page }) => {
      125 |     collectRuntimeErrors(page)
    > 126 |     await page.goto('/components/dnd', { waitUntil: 'domcontentloaded' })
          |                ^
      127 |   })
      128 |
      129 |   test.afterEach(async ({ page }) => {
        at /Users/start/.codex/worktrees/091b/aheart-ui/e2e/dnd-splitter.spec.ts:126:16

    Error: expect(received).toEqual(expected) // deep equality

    - Expected  - 1
    + Received  + 3

    - Array []
    + Array [
    +   "error: Failed to load resource: Could not connect to the server.",
    + ]

      16 | }
      17 |
    > 18 | const expectNoRuntimeErrors = (page: Page) => expect(runtimeErrors.get(page) ?? []).toEqual([])
         |                                                                                     ^
      19 |
      20 | const clickAdvancedSidebarLink = async (page: Page, name: 'DnD 拖拽' | 'Splitter 分割面板', href: string) => {
      21 |   const sidebar = page.locator('.VPSidebar')
        at expectNoRuntimeErrors (/Users/start/.codex/worktrees/091b/aheart-ui/e2e/dnd-splitter.spec.ts:18:85)
        at /Users/start/.codex/worktrees/091b/aheart-ui/e2e/dnd-splitter.spec.ts:130:5

    attachment #1: screenshot (image/png) ──────────────────────────────────────────────────────────
    ../../../../../../tmp/aheart-d4-c-independent/dnd-splitter-QG2-中文-DnD-fi-cb9bc-on-with-a-real-pointer-drag-desktop-webkit/test-failed-1.png
    ────────────────────────────────────────────────────────────────────────────────────────────────

    attachment #2: video (video/webm) ──────────────────────────────────────────────────────────────
    ../../../../../../tmp/aheart-d4-c-independent/dnd-splitter-QG2-中文-DnD-fi-cb9bc-on-with-a-real-pointer-drag-desktop-webkit/video.webm
    ────────────────────────────────────────────────────────────────────────────────────────────────

    Error Context: ../../../../../../tmp/aheart-d4-c-independent/dnd-splitter-QG2-中文-DnD-fi-cb9bc-on-with-a-real-pointer-drag-desktop-webkit/error-context.md

    attachment #4: trace (application/zip) ─────────────────────────────────────────────────────────
    ../../../../../../tmp/aheart-d4-c-independent/dnd-splitter-QG2-中文-DnD-fi-cb9bc-on-with-a-real-pointer-drag-desktop-webkit/trace.zip
    Usage:

        pnpm exec playwright show-trace ../../../../../../tmp/aheart-d4-c-independent/dnd-splitter-QG2-中文-DnD-fi-cb9bc-on-with-a-real-pointer-drag-desktop-webkit/trace.zip

    ────────────────────────────────────────────────────────────────────────────────────────────────



(node:43989) Warning: The 'NO_COLOR' env is ignored due to the 'FORCE_COLOR' env being set.
(Use `node --trace-warnings ...` to show where the warning was created)

[506/571] [mobile-webkit] › e2e/cross-browser-r1.spec.ts:164:7 › QG5 R1 production cross-browser smoke › Modal opens, cancels by keyboard, and restores its trigger

(node:43990) Warning: The 'NO_COLOR' env is ignored due to the 'FORCE_COLOR' env being set.
(Use `node --trace-warnings ...` to show where the warning was created)

[507/571] [desktop-webkit] › e2e/dnd-splitter.spec.ts:323:7 › QG2 中文 DnD fixture › moves a trusted Chromium touch handle across a non-empty list and then into an empty list exactly once per list
  24) [mobile-webkit] › e2e/cross-browser-r1.spec.ts:164:7 › QG5 R1 production cross-browser smoke › Modal opens, cancels by keyboard, and restores its trigger 

    Error: page.goto: Could not connect to the server.
    Call log:
      - navigating to "http://127.0.0.1:5213/components/modal", waiting until "domcontentloaded"


      35 |
      36 | const expectProductionRoute = async (page: Page, route: string) => {
    > 37 |   await page.goto(`/components/${route}`, { waitUntil: 'domcontentloaded' })
         |              ^
      38 |   await page.waitForFunction(() => Boolean((document.querySelector('#app') as HTMLElement & { __vue_app__?: unknown } | null)?.__vue_app__))
      39 |   await expect(page.locator('.vp-doc h1')).toBeVisible()
      40 |   await page.waitForLoadState('networkidle')
        at expectProductionRoute (/Users/start/.codex/worktrees/091b/aheart-ui/e2e/cross-browser-r1.spec.ts:37:14)
        at /Users/start/.codex/worktrees/091b/aheart-ui/e2e/cross-browser-r1.spec.ts:167:11

    Error: expect(received).toEqual(expected) // deep equality

    - Expected  - 1
    + Received  + 4

    - Array []
    + Array [
    +   "requestfailed: /components/modal (Could not connect to the server.)",
    +   "console error: Failed to load resource: Could not connect to the server.",
    + ]

      45 |     (window as typeof window & Record<string, string[] | undefined>)[key] ?? [],
      46 |   unhandledRejectionsKey)
    > 47 |   expect([...errors, ...unhandledRejections]).toEqual([])
         |                                               ^
      48 | }
      49 |
      50 | const item = (list: ReturnType<Page['getByTestId']>, name: string) =>
        at expectNoProductionErrors (/Users/start/.codex/worktrees/091b/aheart-ui/e2e/cross-browser-r1.spec.ts:47:47)
        at /Users/start/.codex/worktrees/091b/aheart-ui/e2e/cross-browser-r1.spec.ts:59:5

    attachment #1: screenshot (image/png) ──────────────────────────────────────────────────────────
    ../../../../../../tmp/aheart-d4-c-independent/cross-browser-r1-QG5-R1-pr-40d71-rd-and-restores-its-trigger-mobile-webkit/test-failed-1.png
    ────────────────────────────────────────────────────────────────────────────────────────────────

    attachment #2: video (video/webm) ──────────────────────────────────────────────────────────────
    ../../../../../../tmp/aheart-d4-c-independent/cross-browser-r1-QG5-R1-pr-40d71-rd-and-restores-its-trigger-mobile-webkit/video.webm
    ────────────────────────────────────────────────────────────────────────────────────────────────

    Error Context: ../../../../../../tmp/aheart-d4-c-independent/cross-browser-r1-QG5-R1-pr-40d71-rd-and-restores-its-trigger-mobile-webkit/error-context.md

    attachment #4: trace (application/zip) ─────────────────────────────────────────────────────────
    ../../../../../../tmp/aheart-d4-c-independent/cross-browser-r1-QG5-R1-pr-40d71-rd-and-restores-its-trigger-mobile-webkit/trace.zip
    Usage:

        pnpm exec playwright show-trace ../../../../../../tmp/aheart-d4-c-independent/cross-browser-r1-QG5-R1-pr-40d71-rd-and-restores-its-trigger-mobile-webkit/trace.zip

    ────────────────────────────────────────────────────────────────────────────────────────────────


  25) [desktop-webkit] › e2e/dnd-splitter.spec.ts:323:7 › QG2 中文 DnD fixture › moves a trusted Chromium touch handle across a non-empty list and then into an empty list exactly once per list 

    Error: page.goto: Could not connect to the server.
    Call log:
      - navigating to "http://127.0.0.1:5213/components/dnd", waiting until "domcontentloaded"


      124 |   test.beforeEach(async ({ page }) => {
      125 |     collectRuntimeErrors(page)
    > 126 |     await page.goto('/components/dnd', { waitUntil: 'domcontentloaded' })
          |                ^
      127 |   })
      128 |
      129 |   test.afterEach(async ({ page }) => {
        at /Users/start/.codex/worktrees/091b/aheart-ui/e2e/dnd-splitter.spec.ts:126:16

    Error: expect(received).toEqual(expected) // deep equality

    - Expected  - 1
    + Received  + 3

    - Array []
    + Array [
    +   "error: Failed to load resource: Could not connect to the server.",
    + ]

      16 | }
      17 |
    > 18 | const expectNoRuntimeErrors = (page: Page) => expect(runtimeErrors.get(page) ?? []).toEqual([])
         |                                                                                     ^
      19 |
      20 | const clickAdvancedSidebarLink = async (page: Page, name: 'DnD 拖拽' | 'Splitter 分割面板', href: string) => {
      21 |   const sidebar = page.locator('.VPSidebar')
        at expectNoRuntimeErrors (/Users/start/.codex/worktrees/091b/aheart-ui/e2e/dnd-splitter.spec.ts:18:85)
        at /Users/start/.codex/worktrees/091b/aheart-ui/e2e/dnd-splitter.spec.ts:130:5

    attachment #1: screenshot (image/png) ──────────────────────────────────────────────────────────
    ../../../../../../tmp/aheart-d4-c-independent/dnd-splitter-QG2-中文-DnD-fi-590bf--list-exactly-once-per-list-desktop-webkit/test-failed-1.png
    ────────────────────────────────────────────────────────────────────────────────────────────────

    attachment #2: video (video/webm) ──────────────────────────────────────────────────────────────
    ../../../../../../tmp/aheart-d4-c-independent/dnd-splitter-QG2-中文-DnD-fi-590bf--list-exactly-once-per-list-desktop-webkit/video.webm
    ────────────────────────────────────────────────────────────────────────────────────────────────

    Error Context: ../../../../../../tmp/aheart-d4-c-independent/dnd-splitter-QG2-中文-DnD-fi-590bf--list-exactly-once-per-list-desktop-webkit/error-context.md

    attachment #4: trace (application/zip) ─────────────────────────────────────────────────────────
    ../../../../../../tmp/aheart-d4-c-independent/dnd-splitter-QG2-中文-DnD-fi-590bf--list-exactly-once-per-list-desktop-webkit/trace.zip
    Usage:

        pnpm exec playwright show-trace ../../../../../../tmp/aheart-d4-c-independent/dnd-splitter-QG2-中文-DnD-fi-590bf--list-exactly-once-per-list-desktop-webkit/trace.zip

    ────────────────────────────────────────────────────────────────────────────────────────────────



(node:44015) Warning: The 'NO_COLOR' env is ignored due to the 'FORCE_COLOR' env being set.
(Use `node --trace-warnings ...` to show where the warning was created)

[508/571] [mobile-webkit] › e2e/cross-browser-r1.spec.ts:179:7 › QG5 R1 production cross-browser smoke › nested overlays close topmost-first and keep scroll and focus ownership

(node:44016) Warning: The 'NO_COLOR' env is ignored due to the 'FORCE_COLOR' env being set.
(Use `node --trace-warnings ...` to show where the warning was created)

[509/571] [desktop-webkit] › e2e/dnd-splitter.spec.ts:364:7 › QG2 中文 DnD fixture › keeps disabled and rejected destinations unchanged
  26) [mobile-webkit] › e2e/cross-browser-r1.spec.ts:179:7 › QG5 R1 production cross-browser smoke › nested overlays close topmost-first and keep scroll and focus ownership 

    Error: page.goto: Could not connect to the server.
    Call log:
      - navigating to "http://127.0.0.1:5213/components/modal", waiting until "domcontentloaded"


      35 |
      36 | const expectProductionRoute = async (page: Page, route: string) => {
    > 37 |   await page.goto(`/components/${route}`, { waitUntil: 'domcontentloaded' })
         |              ^
      38 |   await page.waitForFunction(() => Boolean((document.querySelector('#app') as HTMLElement & { __vue_app__?: unknown } | null)?.__vue_app__))
      39 |   await expect(page.locator('.vp-doc h1')).toBeVisible()
      40 |   await page.waitForLoadState('networkidle')
        at expectProductionRoute (/Users/start/.codex/worktrees/091b/aheart-ui/e2e/cross-browser-r1.spec.ts:37:14)
        at /Users/start/.codex/worktrees/091b/aheart-ui/e2e/cross-browser-r1.spec.ts:182:11

    Error: expect(received).toEqual(expected) // deep equality

    - Expected  - 1
    + Received  + 4

    - Array []
    + Array [
    +   "requestfailed: /components/modal (Could not connect to the server.)",
    +   "console error: Failed to load resource: Could not connect to the server.",
    + ]

      45 |     (window as typeof window & Record<string, string[] | undefined>)[key] ?? [],
      46 |   unhandledRejectionsKey)
    > 47 |   expect([...errors, ...unhandledRejections]).toEqual([])
         |                                               ^
      48 | }
      49 |
      50 | const item = (list: ReturnType<Page['getByTestId']>, name: string) =>
        at expectNoProductionErrors (/Users/start/.codex/worktrees/091b/aheart-ui/e2e/cross-browser-r1.spec.ts:47:47)
        at /Users/start/.codex/worktrees/091b/aheart-ui/e2e/cross-browser-r1.spec.ts:59:5

    attachment #1: screenshot (image/png) ──────────────────────────────────────────────────────────
    ../../../../../../tmp/aheart-d4-c-independent/cross-browser-r1-QG5-R1-pr-95e01--scroll-and-focus-ownership-mobile-webkit/test-failed-1.png
    ────────────────────────────────────────────────────────────────────────────────────────────────

    attachment #2: video (video/webm) ──────────────────────────────────────────────────────────────
    ../../../../../../tmp/aheart-d4-c-independent/cross-browser-r1-QG5-R1-pr-95e01--scroll-and-focus-ownership-mobile-webkit/video.webm
    ────────────────────────────────────────────────────────────────────────────────────────────────

    Error Context: ../../../../../../tmp/aheart-d4-c-independent/cross-browser-r1-QG5-R1-pr-95e01--scroll-and-focus-ownership-mobile-webkit/error-context.md

    attachment #4: trace (application/zip) ─────────────────────────────────────────────────────────
    ../../../../../../tmp/aheart-d4-c-independent/cross-browser-r1-QG5-R1-pr-95e01--scroll-and-focus-ownership-mobile-webkit/trace.zip
    Usage:

        pnpm exec playwright show-trace ../../../../../../tmp/aheart-d4-c-independent/cross-browser-r1-QG5-R1-pr-95e01--scroll-and-focus-ownership-mobile-webkit/trace.zip

    ────────────────────────────────────────────────────────────────────────────────────────────────


  27) [desktop-webkit] › e2e/dnd-splitter.spec.ts:364:7 › QG2 中文 DnD fixture › keeps disabled and rejected destinations unchanged 

    Error: page.goto: Could not connect to the server.
    Call log:
      - navigating to "http://127.0.0.1:5213/components/dnd", waiting until "domcontentloaded"


      124 |   test.beforeEach(async ({ page }) => {
      125 |     collectRuntimeErrors(page)
    > 126 |     await page.goto('/components/dnd', { waitUntil: 'domcontentloaded' })
          |                ^
      127 |   })
      128 |
      129 |   test.afterEach(async ({ page }) => {
        at /Users/start/.codex/worktrees/091b/aheart-ui/e2e/dnd-splitter.spec.ts:126:16

    Error: expect(received).toEqual(expected) // deep equality

    - Expected  - 1
    + Received  + 3

    - Array []
    + Array [
    +   "error: Failed to load resource: Could not connect to the server.",
    + ]

      16 | }
      17 |
    > 18 | const expectNoRuntimeErrors = (page: Page) => expect(runtimeErrors.get(page) ?? []).toEqual([])
         |                                                                                     ^
      19 |
      20 | const clickAdvancedSidebarLink = async (page: Page, name: 'DnD 拖拽' | 'Splitter 分割面板', href: string) => {
      21 |   const sidebar = page.locator('.VPSidebar')
        at expectNoRuntimeErrors (/Users/start/.codex/worktrees/091b/aheart-ui/e2e/dnd-splitter.spec.ts:18:85)
        at /Users/start/.codex/worktrees/091b/aheart-ui/e2e/dnd-splitter.spec.ts:130:5

    attachment #1: screenshot (image/png) ──────────────────────────────────────────────────────────
    ../../../../../../tmp/aheart-d4-c-independent/dnd-splitter-QG2-中文-DnD-fi-deb3c-cted-destinations-unchanged-desktop-webkit/test-failed-1.png
    ────────────────────────────────────────────────────────────────────────────────────────────────

    attachment #2: video (video/webm) ──────────────────────────────────────────────────────────────
    ../../../../../../tmp/aheart-d4-c-independent/dnd-splitter-QG2-中文-DnD-fi-deb3c-cted-destinations-unchanged-desktop-webkit/video.webm
    ────────────────────────────────────────────────────────────────────────────────────────────────

    Error Context: ../../../../../../tmp/aheart-d4-c-independent/dnd-splitter-QG2-中文-DnD-fi-deb3c-cted-destinations-unchanged-desktop-webkit/error-context.md

    attachment #4: trace (application/zip) ─────────────────────────────────────────────────────────
    ../../../../../../tmp/aheart-d4-c-independent/dnd-splitter-QG2-中文-DnD-fi-deb3c-cted-destinations-unchanged-desktop-webkit/trace.zip
    Usage:

        pnpm exec playwright show-trace ../../../../../../tmp/aheart-d4-c-independent/dnd-splitter-QG2-中文-DnD-fi-deb3c-cted-destinations-unchanged-desktop-webkit/trace.zip

    ────────────────────────────────────────────────────────────────────────────────────────────────



(node:44041) Warning: The 'NO_COLOR' env is ignored due to the 'FORCE_COLOR' env being set.
(Use `node --trace-warnings ...` to show where the warning was created)

[510/571] [mobile-webkit] › e2e/cross-browser-r1.spec.ts:230:7 › QG5 R1 production cross-browser smoke › DnD sorts by keyboard and Splitter resizes by keyboard

(node:44042) Warning: The 'NO_COLOR' env is ignored due to the 'FORCE_COLOR' env being set.
(Use `node --trace-warnings ...` to show where the warning was created)

[511/571] [desktop-webkit] › e2e/dnd-splitter.spec.ts:399:7 › QG2 中文 DnD fixture › rejects trusted Chromium touch moves to disabled and different-group lists without leaving drag UI behind
  28) [mobile-webkit] › e2e/cross-browser-r1.spec.ts:230:7 › QG5 R1 production cross-browser smoke › DnD sorts by keyboard and Splitter resizes by keyboard 

    Error: page.goto: Could not connect to the server.
    Call log:
      - navigating to "http://127.0.0.1:5213/components/dnd", waiting until "domcontentloaded"


      35 |
      36 | const expectProductionRoute = async (page: Page, route: string) => {
    > 37 |   await page.goto(`/components/${route}`, { waitUntil: 'domcontentloaded' })
         |              ^
      38 |   await page.waitForFunction(() => Boolean((document.querySelector('#app') as HTMLElement & { __vue_app__?: unknown } | null)?.__vue_app__))
      39 |   await expect(page.locator('.vp-doc h1')).toBeVisible()
      40 |   await page.waitForLoadState('networkidle')
        at expectProductionRoute (/Users/start/.codex/worktrees/091b/aheart-ui/e2e/cross-browser-r1.spec.ts:37:14)
        at /Users/start/.codex/worktrees/091b/aheart-ui/e2e/cross-browser-r1.spec.ts:233:11

    Error: expect(received).toEqual(expected) // deep equality

    - Expected  - 1
    + Received  + 4

    - Array []
    + Array [
    +   "requestfailed: /components/dnd (Could not connect to the server.)",
    +   "console error: Failed to load resource: Could not connect to the server.",
    + ]

      45 |     (window as typeof window & Record<string, string[] | undefined>)[key] ?? [],
      46 |   unhandledRejectionsKey)
    > 47 |   expect([...errors, ...unhandledRejections]).toEqual([])
         |                                               ^
      48 | }
      49 |
      50 | const item = (list: ReturnType<Page['getByTestId']>, name: string) =>
        at expectNoProductionErrors (/Users/start/.codex/worktrees/091b/aheart-ui/e2e/cross-browser-r1.spec.ts:47:47)
        at /Users/start/.codex/worktrees/091b/aheart-ui/e2e/cross-browser-r1.spec.ts:59:5

    attachment #1: screenshot (image/png) ──────────────────────────────────────────────────────────
    ../../../../../../tmp/aheart-d4-c-independent/cross-browser-r1-QG5-R1-pr-c998c-plitter-resizes-by-keyboard-mobile-webkit/test-failed-1.png
    ────────────────────────────────────────────────────────────────────────────────────────────────

    attachment #2: video (video/webm) ──────────────────────────────────────────────────────────────
    ../../../../../../tmp/aheart-d4-c-independent/cross-browser-r1-QG5-R1-pr-c998c-plitter-resizes-by-keyboard-mobile-webkit/video.webm
    ────────────────────────────────────────────────────────────────────────────────────────────────

    Error Context: ../../../../../../tmp/aheart-d4-c-independent/cross-browser-r1-QG5-R1-pr-c998c-plitter-resizes-by-keyboard-mobile-webkit/error-context.md

    attachment #4: trace (application/zip) ─────────────────────────────────────────────────────────
    ../../../../../../tmp/aheart-d4-c-independent/cross-browser-r1-QG5-R1-pr-c998c-plitter-resizes-by-keyboard-mobile-webkit/trace.zip
    Usage:

        pnpm exec playwright show-trace ../../../../../../tmp/aheart-d4-c-independent/cross-browser-r1-QG5-R1-pr-c998c-plitter-resizes-by-keyboard-mobile-webkit/trace.zip

    ────────────────────────────────────────────────────────────────────────────────────────────────


  29) [desktop-webkit] › e2e/dnd-splitter.spec.ts:399:7 › QG2 中文 DnD fixture › rejects trusted Chromium touch moves to disabled and different-group lists without leaving drag UI behind 

    Error: page.goto: Could not connect to the server.
    Call log:
      - navigating to "http://127.0.0.1:5213/components/dnd", waiting until "domcontentloaded"


      124 |   test.beforeEach(async ({ page }) => {
      125 |     collectRuntimeErrors(page)
    > 126 |     await page.goto('/components/dnd', { waitUntil: 'domcontentloaded' })
          |                ^
      127 |   })
      128 |
      129 |   test.afterEach(async ({ page }) => {
        at /Users/start/.codex/worktrees/091b/aheart-ui/e2e/dnd-splitter.spec.ts:126:16

    Error: expect(received).toEqual(expected) // deep equality

    - Expected  - 1
    + Received  + 3

    - Array []
    + Array [
    +   "error: Failed to load resource: Could not connect to the server.",
    + ]

      16 | }
      17 |
    > 18 | const expectNoRuntimeErrors = (page: Page) => expect(runtimeErrors.get(page) ?? []).toEqual([])
         |                                                                                     ^
      19 |
      20 | const clickAdvancedSidebarLink = async (page: Page, name: 'DnD 拖拽' | 'Splitter 分割面板', href: string) => {
      21 |   const sidebar = page.locator('.VPSidebar')
        at expectNoRuntimeErrors (/Users/start/.codex/worktrees/091b/aheart-ui/e2e/dnd-splitter.spec.ts:18:85)
        at /Users/start/.codex/worktrees/091b/aheart-ui/e2e/dnd-splitter.spec.ts:130:5

    attachment #1: screenshot (image/png) ──────────────────────────────────────────────────────────
    ../../../../../../tmp/aheart-d4-c-independent/dnd-splitter-QG2-中文-DnD-fi-2cd6c-hout-leaving-drag-UI-behind-desktop-webkit/test-failed-1.png
    ────────────────────────────────────────────────────────────────────────────────────────────────

    attachment #2: video (video/webm) ──────────────────────────────────────────────────────────────
    ../../../../../../tmp/aheart-d4-c-independent/dnd-splitter-QG2-中文-DnD-fi-2cd6c-hout-leaving-drag-UI-behind-desktop-webkit/video.webm
    ────────────────────────────────────────────────────────────────────────────────────────────────

    Error Context: ../../../../../../tmp/aheart-d4-c-independent/dnd-splitter-QG2-中文-DnD-fi-2cd6c-hout-leaving-drag-UI-behind-desktop-webkit/error-context.md

    attachment #4: trace (application/zip) ─────────────────────────────────────────────────────────
    ../../../../../../tmp/aheart-d4-c-independent/dnd-splitter-QG2-中文-DnD-fi-2cd6c-hout-leaving-drag-UI-behind-desktop-webkit/trace.zip
    Usage:

        pnpm exec playwright show-trace ../../../../../../tmp/aheart-d4-c-independent/dnd-splitter-QG2-中文-DnD-fi-2cd6c-hout-leaving-drag-UI-behind-desktop-webkit/trace.zip

    ────────────────────────────────────────────────────────────────────────────────────────────────



(node:44069) Warning: The 'NO_COLOR' env is ignored due to the 'FORCE_COLOR' env being set.
(Use `node --trace-warnings ...` to show where the warning was created)

[512/571] [mobile-webkit] › e2e/cross-browser-r1.spec.ts:251:7 › QG5 R1 production cross-browser smoke › AI Workbench retries a task, completes approval, and previews an artifact

(node:44070) Warning: The 'NO_COLOR' env is ignored due to the 'FORCE_COLOR' env being set.
(Use `node --trace-warnings ...` to show where the warning was created)

[513/571] [desktop-webkit] › e2e/dnd-splitter.spec.ts:444:7 › QG2 中文 DnD fixture › keeps the mobile workbench readable and its states explicit
  30) [mobile-webkit] › e2e/cross-browser-r1.spec.ts:251:7 › QG5 R1 production cross-browser smoke › AI Workbench retries a task, completes approval, and previews an artifact 

    Error: page.goto: Could not connect to the server.
    Call log:
      - navigating to "http://127.0.0.1:5213/components/ai-agent-workbench", waiting until "domcontentloaded"


      35 |
      36 | const expectProductionRoute = async (page: Page, route: string) => {
    > 37 |   await page.goto(`/components/${route}`, { waitUntil: 'domcontentloaded' })
         |              ^
      38 |   await page.waitForFunction(() => Boolean((document.querySelector('#app') as HTMLElement & { __vue_app__?: unknown } | null)?.__vue_app__))
      39 |   await expect(page.locator('.vp-doc h1')).toBeVisible()
      40 |   await page.waitForLoadState('networkidle')
        at expectProductionRoute (/Users/start/.codex/worktrees/091b/aheart-ui/e2e/cross-browser-r1.spec.ts:37:14)
        at /Users/start/.codex/worktrees/091b/aheart-ui/e2e/cross-browser-r1.spec.ts:254:11

    Error: expect(received).toEqual(expected) // deep equality

    - Expected  - 1
    + Received  + 4

    - Array []
    + Array [
    +   "requestfailed: /components/ai-agent-workbench (Could not connect to the server.)",
    +   "console error: Failed to load resource: Could not connect to the server.",
    + ]

      45 |     (window as typeof window & Record<string, string[] | undefined>)[key] ?? [],
      46 |   unhandledRejectionsKey)
    > 47 |   expect([...errors, ...unhandledRejections]).toEqual([])
         |                                               ^
      48 | }
      49 |
      50 | const item = (list: ReturnType<Page['getByTestId']>, name: string) =>
        at expectNoProductionErrors (/Users/start/.codex/worktrees/091b/aheart-ui/e2e/cross-browser-r1.spec.ts:47:47)
        at /Users/start/.codex/worktrees/091b/aheart-ui/e2e/cross-browser-r1.spec.ts:59:5

    attachment #1: screenshot (image/png) ──────────────────────────────────────────────────────────
    ../../../../../../tmp/aheart-d4-c-independent/cross-browser-r1-QG5-R1-pr-c677f-al-and-previews-an-artifact-mobile-webkit/test-failed-1.png
    ────────────────────────────────────────────────────────────────────────────────────────────────

    attachment #2: video (video/webm) ──────────────────────────────────────────────────────────────
    ../../../../../../tmp/aheart-d4-c-independent/cross-browser-r1-QG5-R1-pr-c677f-al-and-previews-an-artifact-mobile-webkit/video.webm
    ────────────────────────────────────────────────────────────────────────────────────────────────

    Error Context: ../../../../../../tmp/aheart-d4-c-independent/cross-browser-r1-QG5-R1-pr-c677f-al-and-previews-an-artifact-mobile-webkit/error-context.md

    attachment #4: trace (application/zip) ─────────────────────────────────────────────────────────
    ../../../../../../tmp/aheart-d4-c-independent/cross-browser-r1-QG5-R1-pr-c677f-al-and-previews-an-artifact-mobile-webkit/trace.zip
    Usage:

        pnpm exec playwright show-trace ../../../../../../tmp/aheart-d4-c-independent/cross-browser-r1-QG5-R1-pr-c677f-al-and-previews-an-artifact-mobile-webkit/trace.zip

    ────────────────────────────────────────────────────────────────────────────────────────────────


  31) [desktop-webkit] › e2e/dnd-splitter.spec.ts:444:7 › QG2 中文 DnD fixture › keeps the mobile workbench readable and its states explicit 

    Error: page.goto: Could not connect to the server.
    Call log:
      - navigating to "http://127.0.0.1:5213/components/dnd", waiting until "domcontentloaded"


      124 |   test.beforeEach(async ({ page }) => {
      125 |     collectRuntimeErrors(page)
    > 126 |     await page.goto('/components/dnd', { waitUntil: 'domcontentloaded' })
          |                ^
      127 |   })
      128 |
      129 |   test.afterEach(async ({ page }) => {
        at /Users/start/.codex/worktrees/091b/aheart-ui/e2e/dnd-splitter.spec.ts:126:16

    Error: expect(received).toEqual(expected) // deep equality

    - Expected  - 1
    + Received  + 3

    - Array []
    + Array [
    +   "error: Failed to load resource: Could not connect to the server.",
    + ]

      16 | }
      17 |
    > 18 | const expectNoRuntimeErrors = (page: Page) => expect(runtimeErrors.get(page) ?? []).toEqual([])
         |                                                                                     ^
      19 |
      20 | const clickAdvancedSidebarLink = async (page: Page, name: 'DnD 拖拽' | 'Splitter 分割面板', href: string) => {
      21 |   const sidebar = page.locator('.VPSidebar')
        at expectNoRuntimeErrors (/Users/start/.codex/worktrees/091b/aheart-ui/e2e/dnd-splitter.spec.ts:18:85)
        at /Users/start/.codex/worktrees/091b/aheart-ui/e2e/dnd-splitter.spec.ts:130:5

    attachment #1: screenshot (image/png) ──────────────────────────────────────────────────────────
    ../../../../../../tmp/aheart-d4-c-independent/dnd-splitter-QG2-中文-DnD-fi-1fb30-ble-and-its-states-explicit-desktop-webkit/test-failed-1.png
    ────────────────────────────────────────────────────────────────────────────────────────────────

    attachment #2: video (video/webm) ──────────────────────────────────────────────────────────────
    ../../../../../../tmp/aheart-d4-c-independent/dnd-splitter-QG2-中文-DnD-fi-1fb30-ble-and-its-states-explicit-desktop-webkit/video.webm
    ────────────────────────────────────────────────────────────────────────────────────────────────

    Error Context: ../../../../../../tmp/aheart-d4-c-independent/dnd-splitter-QG2-中文-DnD-fi-1fb30-ble-and-its-states-explicit-desktop-webkit/error-context.md

    attachment #4: trace (application/zip) ─────────────────────────────────────────────────────────
    ../../../../../../tmp/aheart-d4-c-independent/dnd-splitter-QG2-中文-DnD-fi-1fb30-ble-and-its-states-explicit-desktop-webkit/trace.zip
    Usage:

        pnpm exec playwright show-trace ../../../../../../tmp/aheart-d4-c-independent/dnd-splitter-QG2-中文-DnD-fi-1fb30-ble-and-its-states-explicit-desktop-webkit/trace.zip

    ────────────────────────────────────────────────────────────────────────────────────────────────



(node:44097) Warning: The 'NO_COLOR' env is ignored due to the 'FORCE_COLOR' env being set.
(Use `node --trace-warnings ...` to show where the warning was created)

[514/571] [mobile-webkit] › e2e/d4-iframe.spec.ts:80:7 › same-origin iframe Select focus, Escape restore, and SPA unmount cleanup

(node:44098) Warning: The 'NO_COLOR' env is ignored due to the 'FORCE_COLOR' env being set.
(Use `node --trace-warnings ...` to show where the warning was created)

[515/571] [desktop-webkit] › e2e/dnd-splitter.spec.ts:462:7 › QG2 中文 DnD fixture › keeps item content scrollable during scripted touch events in mobile WebKit while only the handle disables touch gestures
  32) [mobile-webkit] › e2e/d4-iframe.spec.ts:80:7 › same-origin iframe Select focus, Escape restore, and SPA unmount cleanup 

    Error: page.goto: Could not connect to the server.
    Call log:
      - navigating to "http://127.0.0.1:5213/", waiting until "load"


      79 | for (const fixture of fixtures) {
      80 |   test(`same-origin iframe ${fixture.name} focus, Escape restore, and SPA unmount cleanup`, async ({ page }) => {
    > 81 |     await page.goto('/')
         |                ^
      82 |     const frame = await mountSameOriginIframe(page, fixture.path)
      83 |     const trigger = frame.locator(fixture.trigger).first()
      84 |     const panel = frame.locator(fixture.panel).first()
        at /Users/start/.codex/worktrees/091b/aheart-ui/e2e/d4-iframe.spec.ts:81:16

    attachment #1: screenshot (image/png) ──────────────────────────────────────────────────────────
    ../../../../../../tmp/aheart-d4-c-independent/d4-iframe-same-origin-ifra-74083-ore-and-SPA-unmount-cleanup-mobile-webkit/test-failed-1.png
    ────────────────────────────────────────────────────────────────────────────────────────────────

    attachment #2: video (video/webm) ──────────────────────────────────────────────────────────────
    ../../../../../../tmp/aheart-d4-c-independent/d4-iframe-same-origin-ifra-74083-ore-and-SPA-unmount-cleanup-mobile-webkit/video.webm
    ────────────────────────────────────────────────────────────────────────────────────────────────

    Error Context: ../../../../../../tmp/aheart-d4-c-independent/d4-iframe-same-origin-ifra-74083-ore-and-SPA-unmount-cleanup-mobile-webkit/error-context.md

    attachment #4: trace (application/zip) ─────────────────────────────────────────────────────────
    ../../../../../../tmp/aheart-d4-c-independent/d4-iframe-same-origin-ifra-74083-ore-and-SPA-unmount-cleanup-mobile-webkit/trace.zip
    Usage:

        pnpm exec playwright show-trace ../../../../../../tmp/aheart-d4-c-independent/d4-iframe-same-origin-ifra-74083-ore-and-SPA-unmount-cleanup-mobile-webkit/trace.zip

    ────────────────────────────────────────────────────────────────────────────────────────────────


  33) [desktop-webkit] › e2e/dnd-splitter.spec.ts:462:7 › QG2 中文 DnD fixture › keeps item content scrollable during scripted touch events in mobile WebKit while only the handle disables touch gestures 

    Error: page.goto: Could not connect to the server.
    Call log:
      - navigating to "http://127.0.0.1:5213/components/dnd", waiting until "domcontentloaded"


      124 |   test.beforeEach(async ({ page }) => {
      125 |     collectRuntimeErrors(page)
    > 126 |     await page.goto('/components/dnd', { waitUntil: 'domcontentloaded' })
          |                ^
      127 |   })
      128 |
      129 |   test.afterEach(async ({ page }) => {
        at /Users/start/.codex/worktrees/091b/aheart-ui/e2e/dnd-splitter.spec.ts:126:16

    Error: expect(received).toEqual(expected) // deep equality

    - Expected  - 1
    + Received  + 3

    - Array []
    + Array [
    +   "error: Failed to load resource: Could not connect to the server.",
    + ]

      16 | }
      17 |
    > 18 | const expectNoRuntimeErrors = (page: Page) => expect(runtimeErrors.get(page) ?? []).toEqual([])
         |                                                                                     ^
      19 |
      20 | const clickAdvancedSidebarLink = async (page: Page, name: 'DnD 拖拽' | 'Splitter 分割面板', href: string) => {
      21 |   const sidebar = page.locator('.VPSidebar')
        at expectNoRuntimeErrors (/Users/start/.codex/worktrees/091b/aheart-ui/e2e/dnd-splitter.spec.ts:18:85)
        at /Users/start/.codex/worktrees/091b/aheart-ui/e2e/dnd-splitter.spec.ts:130:5

    attachment #1: screenshot (image/png) ──────────────────────────────────────────────────────────
    ../../../../../../tmp/aheart-d4-c-independent/dnd-splitter-QG2-中文-DnD-fi-77aad-dle-disables-touch-gestures-desktop-webkit/test-failed-1.png
    ────────────────────────────────────────────────────────────────────────────────────────────────

    attachment #2: video (video/webm) ──────────────────────────────────────────────────────────────
    ../../../../../../tmp/aheart-d4-c-independent/dnd-splitter-QG2-中文-DnD-fi-77aad-dle-disables-touch-gestures-desktop-webkit/video.webm
    ────────────────────────────────────────────────────────────────────────────────────────────────

    Error Context: ../../../../../../tmp/aheart-d4-c-independent/dnd-splitter-QG2-中文-DnD-fi-77aad-dle-disables-touch-gestures-desktop-webkit/error-context.md

    attachment #4: trace (application/zip) ─────────────────────────────────────────────────────────
    ../../../../../../tmp/aheart-d4-c-independent/dnd-splitter-QG2-中文-DnD-fi-77aad-dle-disables-touch-gestures-desktop-webkit/trace.zip
    Usage:

        pnpm exec playwright show-trace ../../../../../../tmp/aheart-d4-c-independent/dnd-splitter-QG2-中文-DnD-fi-77aad-dle-disables-touch-gestures-desktop-webkit/trace.zip

    ────────────────────────────────────────────────────────────────────────────────────────────────



(node:44123) Warning: The 'NO_COLOR' env is ignored due to the 'FORCE_COLOR' env being set.
(Use `node --trace-warnings ...` to show where the warning was created)

[516/571] [mobile-webkit] › e2e/d4-iframe.spec.ts:80:7 › same-origin iframe TreeSelect focus, Escape restore, and SPA unmount cleanup

(node:44124) Warning: The 'NO_COLOR' env is ignored due to the 'FORCE_COLOR' env being set.
(Use `node --trace-warnings ...` to show where the warning was created)

[517/571] [desktop-webkit] › e2e/dnd-splitter.spec.ts:526:7 › QG2 中文 DnD fixture › auto-scrolls a nested region and cancels without moving
  34) [mobile-webkit] › e2e/d4-iframe.spec.ts:80:7 › same-origin iframe TreeSelect focus, Escape restore, and SPA unmount cleanup 

    Error: page.goto: Could not connect to the server.
    Call log:
      - navigating to "http://127.0.0.1:5213/", waiting until "load"


      79 | for (const fixture of fixtures) {
      80 |   test(`same-origin iframe ${fixture.name} focus, Escape restore, and SPA unmount cleanup`, async ({ page }) => {
    > 81 |     await page.goto('/')
         |                ^
      82 |     const frame = await mountSameOriginIframe(page, fixture.path)
      83 |     const trigger = frame.locator(fixture.trigger).first()
      84 |     const panel = frame.locator(fixture.panel).first()
        at /Users/start/.codex/worktrees/091b/aheart-ui/e2e/d4-iframe.spec.ts:81:16

    attachment #1: screenshot (image/png) ──────────────────────────────────────────────────────────
    ../../../../../../tmp/aheart-d4-c-independent/d4-iframe-same-origin-ifra-ca4a6-ore-and-SPA-unmount-cleanup-mobile-webkit/test-failed-1.png
    ────────────────────────────────────────────────────────────────────────────────────────────────

    attachment #2: video (video/webm) ──────────────────────────────────────────────────────────────
    ../../../../../../tmp/aheart-d4-c-independent/d4-iframe-same-origin-ifra-ca4a6-ore-and-SPA-unmount-cleanup-mobile-webkit/video.webm
    ────────────────────────────────────────────────────────────────────────────────────────────────

    Error Context: ../../../../../../tmp/aheart-d4-c-independent/d4-iframe-same-origin-ifra-ca4a6-ore-and-SPA-unmount-cleanup-mobile-webkit/error-context.md

    attachment #4: trace (application/zip) ─────────────────────────────────────────────────────────
    ../../../../../../tmp/aheart-d4-c-independent/d4-iframe-same-origin-ifra-ca4a6-ore-and-SPA-unmount-cleanup-mobile-webkit/trace.zip
    Usage:

        pnpm exec playwright show-trace ../../../../../../tmp/aheart-d4-c-independent/d4-iframe-same-origin-ifra-ca4a6-ore-and-SPA-unmount-cleanup-mobile-webkit/trace.zip

    ────────────────────────────────────────────────────────────────────────────────────────────────


  35) [desktop-webkit] › e2e/dnd-splitter.spec.ts:526:7 › QG2 中文 DnD fixture › auto-scrolls a nested region and cancels without moving 

    Error: page.goto: Could not connect to the server.
    Call log:
      - navigating to "http://127.0.0.1:5213/components/dnd", waiting until "domcontentloaded"


      124 |   test.beforeEach(async ({ page }) => {
      125 |     collectRuntimeErrors(page)
    > 126 |     await page.goto('/components/dnd', { waitUntil: 'domcontentloaded' })
          |                ^
      127 |   })
      128 |
      129 |   test.afterEach(async ({ page }) => {
        at /Users/start/.codex/worktrees/091b/aheart-ui/e2e/dnd-splitter.spec.ts:126:16

    Error: expect(received).toEqual(expected) // deep equality

    - Expected  - 1
    + Received  + 3

    - Array []
    + Array [
    +   "error: Failed to load resource: Could not connect to the server.",
    + ]

      16 | }
      17 |
    > 18 | const expectNoRuntimeErrors = (page: Page) => expect(runtimeErrors.get(page) ?? []).toEqual([])
         |                                                                                     ^
      19 |
      20 | const clickAdvancedSidebarLink = async (page: Page, name: 'DnD 拖拽' | 'Splitter 分割面板', href: string) => {
      21 |   const sidebar = page.locator('.VPSidebar')
        at expectNoRuntimeErrors (/Users/start/.codex/worktrees/091b/aheart-ui/e2e/dnd-splitter.spec.ts:18:85)
        at /Users/start/.codex/worktrees/091b/aheart-ui/e2e/dnd-splitter.spec.ts:130:5

    attachment #1: screenshot (image/png) ──────────────────────────────────────────────────────────
    ../../../../../../tmp/aheart-d4-c-independent/dnd-splitter-QG2-中文-DnD-fi-b7957--and-cancels-without-moving-desktop-webkit/test-failed-1.png
    ────────────────────────────────────────────────────────────────────────────────────────────────

    attachment #2: video (video/webm) ──────────────────────────────────────────────────────────────
    ../../../../../../tmp/aheart-d4-c-independent/dnd-splitter-QG2-中文-DnD-fi-b7957--and-cancels-without-moving-desktop-webkit/video.webm
    ────────────────────────────────────────────────────────────────────────────────────────────────

    Error Context: ../../../../../../tmp/aheart-d4-c-independent/dnd-splitter-QG2-中文-DnD-fi-b7957--and-cancels-without-moving-desktop-webkit/error-context.md

    attachment #4: trace (application/zip) ─────────────────────────────────────────────────────────
    ../../../../../../tmp/aheart-d4-c-independent/dnd-splitter-QG2-中文-DnD-fi-b7957--and-cancels-without-moving-desktop-webkit/trace.zip
    Usage:

        pnpm exec playwright show-trace ../../../../../../tmp/aheart-d4-c-independent/dnd-splitter-QG2-中文-DnD-fi-b7957--and-cancels-without-moving-desktop-webkit/trace.zip

    ────────────────────────────────────────────────────────────────────────────────────────────────



(node:44154) Warning: The 'NO_COLOR' env is ignored due to the 'FORCE_COLOR' env being set.
(Use `node --trace-warnings ...` to show where the warning was created)

[518/571] [mobile-webkit] › e2e/d4-iframe.spec.ts:80:7 › same-origin iframe Cascader focus, Escape restore, and SPA unmount cleanup

(node:44155) Warning: The 'NO_COLOR' env is ignored due to the 'FORCE_COLOR' env being set.
(Use `node --trace-warnings ...` to show where the warning was created)

[519/571] [desktop-webkit] › e2e/dnd-splitter.spec.ts:549:7 › QG2 中文 DnD fixture › hands auto-scroll from an exhausted inner region to its outer ancestor
  36) [mobile-webkit] › e2e/d4-iframe.spec.ts:80:7 › same-origin iframe Cascader focus, Escape restore, and SPA unmount cleanup 

    Error: page.goto: Could not connect to the server.
    Call log:
      - navigating to "http://127.0.0.1:5213/", waiting until "load"


      79 | for (const fixture of fixtures) {
      80 |   test(`same-origin iframe ${fixture.name} focus, Escape restore, and SPA unmount cleanup`, async ({ page }) => {
    > 81 |     await page.goto('/')
         |                ^
      82 |     const frame = await mountSameOriginIframe(page, fixture.path)
      83 |     const trigger = frame.locator(fixture.trigger).first()
      84 |     const panel = frame.locator(fixture.panel).first()
        at /Users/start/.codex/worktrees/091b/aheart-ui/e2e/d4-iframe.spec.ts:81:16

    attachment #1: screenshot (image/png) ──────────────────────────────────────────────────────────
    ../../../../../../tmp/aheart-d4-c-independent/d4-iframe-same-origin-ifra-62454-ore-and-SPA-unmount-cleanup-mobile-webkit/test-failed-1.png
    ────────────────────────────────────────────────────────────────────────────────────────────────

    attachment #2: video (video/webm) ──────────────────────────────────────────────────────────────
    ../../../../../../tmp/aheart-d4-c-independent/d4-iframe-same-origin-ifra-62454-ore-and-SPA-unmount-cleanup-mobile-webkit/video.webm
    ────────────────────────────────────────────────────────────────────────────────────────────────

    Error Context: ../../../../../../tmp/aheart-d4-c-independent/d4-iframe-same-origin-ifra-62454-ore-and-SPA-unmount-cleanup-mobile-webkit/error-context.md

    attachment #4: trace (application/zip) ─────────────────────────────────────────────────────────
    ../../../../../../tmp/aheart-d4-c-independent/d4-iframe-same-origin-ifra-62454-ore-and-SPA-unmount-cleanup-mobile-webkit/trace.zip
    Usage:

        pnpm exec playwright show-trace ../../../../../../tmp/aheart-d4-c-independent/d4-iframe-same-origin-ifra-62454-ore-and-SPA-unmount-cleanup-mobile-webkit/trace.zip

    ────────────────────────────────────────────────────────────────────────────────────────────────



(node:44192) Warning: The 'NO_COLOR' env is ignored due to the 'FORCE_COLOR' env being set.
(Use `node --trace-warnings ...` to show where the warning was created)

  37) [desktop-webkit] › e2e/dnd-splitter.spec.ts:549:7 › QG2 中文 DnD fixture › hands auto-scroll from an exhausted inner region to its outer ancestor 

    Error: page.goto: Could not connect to the server.
    Call log:
      - navigating to "http://127.0.0.1:5213/components/dnd", waiting until "domcontentloaded"


      124 |   test.beforeEach(async ({ page }) => {
      125 |     collectRuntimeErrors(page)
    > 126 |     await page.goto('/components/dnd', { waitUntil: 'domcontentloaded' })
          |                ^
      127 |   })
      128 |
      129 |   test.afterEach(async ({ page }) => {
        at /Users/start/.codex/worktrees/091b/aheart-ui/e2e/dnd-splitter.spec.ts:126:16

    Error: expect(received).toEqual(expected) // deep equality

    - Expected  - 1
    + Received  + 3

    - Array []
    + Array [
    +   "error: Failed to load resource: Could not connect to the server.",
    + ]

      16 | }
      17 |
    > 18 | const expectNoRuntimeErrors = (page: Page) => expect(runtimeErrors.get(page) ?? []).toEqual([])
         |                                                                                     ^
      19 |
      20 | const clickAdvancedSidebarLink = async (page: Page, name: 'DnD 拖拽' | 'Splitter 分割面板', href: string) => {
      21 |   const sidebar = page.locator('.VPSidebar')
        at expectNoRuntimeErrors (/Users/start/.codex/worktrees/091b/aheart-ui/e2e/dnd-splitter.spec.ts:18:85)
        at /Users/start/.codex/worktrees/091b/aheart-ui/e2e/dnd-splitter.spec.ts:130:5

    attachment #1: screenshot (image/png) ──────────────────────────────────────────────────────────
    ../../../../../../tmp/aheart-d4-c-independent/dnd-splitter-QG2-中文-DnD-fi-ebf3e-egion-to-its-outer-ancestor-desktop-webkit/test-failed-1.png
    ────────────────────────────────────────────────────────────────────────────────────────────────

    attachment #2: video (video/webm) ──────────────────────────────────────────────────────────────
    ../../../../../../tmp/aheart-d4-c-independent/dnd-splitter-QG2-中文-DnD-fi-ebf3e-egion-to-its-outer-ancestor-desktop-webkit/video.webm
    ────────────────────────────────────────────────────────────────────────────────────────────────

    Error Context: ../../../../../../tmp/aheart-d4-c-independent/dnd-splitter-QG2-中文-DnD-fi-ebf3e-egion-to-its-outer-ancestor-desktop-webkit/error-context.md

    attachment #4: trace (application/zip) ─────────────────────────────────────────────────────────
    ../../../../../../tmp/aheart-d4-c-independent/dnd-splitter-QG2-中文-DnD-fi-ebf3e-egion-to-its-outer-ancestor-desktop-webkit/trace.zip
    Usage:

        pnpm exec playwright show-trace ../../../../../../tmp/aheart-d4-c-independent/dnd-splitter-QG2-中文-DnD-fi-ebf3e-egion-to-its-outer-ancestor-desktop-webkit/trace.zip

    ────────────────────────────────────────────────────────────────────────────────────────────────


[520/571] [mobile-webkit] › e2e/d4-select-virtual.spec.ts:15:5 › Select virtual tail, disabled navigation, dynamic height and scroll anchoring

(node:44194) Warning: The 'NO_COLOR' env is ignored due to the 'FORCE_COLOR' env being set.
(Use `node --trace-warnings ...` to show where the warning was created)

[521/571] [desktop-webkit] › e2e/dnd-splitter.spec.ts:573:7 › QG2 中文 DnD fixture › unmounts and remounts without stale drag state
  38) [mobile-webkit] › e2e/d4-select-virtual.spec.ts:15:5 › Select virtual tail, disabled navigation, dynamic height and scroll anchoring 

    Error: page.goto: Could not connect to the server.
    Call log:
      - navigating to "http://127.0.0.1:5213/components/select", waiting until "load"


      37 |   const errors: string[] = []
      38 |   page.on('pageerror', error => errors.push(error.message))
    > 39 |   await page.goto('/components/select')
         |              ^
      40 |   await page.waitForFunction(() => Boolean((document.querySelector('#app') as any)?.__vue_app__))
      41 |   const trigger = page.locator('#select-virtual-demo')
      42 |   await trigger.scrollIntoViewIfNeeded()
        at /Users/start/.codex/worktrees/091b/aheart-ui/e2e/d4-select-virtual.spec.ts:39:14

    attachment #1: screenshot (image/png) ──────────────────────────────────────────────────────────
    ../../../../../../tmp/aheart-d4-c-independent/d4-select-virtual-Select-v-5eb26-height-and-scroll-anchoring-mobile-webkit/test-failed-1.png
    ────────────────────────────────────────────────────────────────────────────────────────────────

    attachment #2: video (video/webm) ──────────────────────────────────────────────────────────────
    ../../../../../../tmp/aheart-d4-c-independent/d4-select-virtual-Select-v-5eb26-height-and-scroll-anchoring-mobile-webkit/video.webm
    ────────────────────────────────────────────────────────────────────────────────────────────────

    Error Context: ../../../../../../tmp/aheart-d4-c-independent/d4-select-virtual-Select-v-5eb26-height-and-scroll-anchoring-mobile-webkit/error-context.md

    attachment #4: trace (application/zip) ─────────────────────────────────────────────────────────
    ../../../../../../tmp/aheart-d4-c-independent/d4-select-virtual-Select-v-5eb26-height-and-scroll-anchoring-mobile-webkit/trace.zip
    Usage:

        pnpm exec playwright show-trace ../../../../../../tmp/aheart-d4-c-independent/d4-select-virtual-Select-v-5eb26-height-and-scroll-anchoring-mobile-webkit/trace.zip

    ────────────────────────────────────────────────────────────────────────────────────────────────


  39) [desktop-webkit] › e2e/dnd-splitter.spec.ts:573:7 › QG2 中文 DnD fixture › unmounts and remounts without stale drag state 

    Error: page.goto: Could not connect to the server.
    Call log:
      - navigating to "http://127.0.0.1:5213/components/dnd", waiting until "domcontentloaded"


      124 |   test.beforeEach(async ({ page }) => {
      125 |     collectRuntimeErrors(page)
    > 126 |     await page.goto('/components/dnd', { waitUntil: 'domcontentloaded' })
          |                ^
      127 |   })
      128 |
      129 |   test.afterEach(async ({ page }) => {
        at /Users/start/.codex/worktrees/091b/aheart-ui/e2e/dnd-splitter.spec.ts:126:16

    Error: expect(received).toEqual(expected) // deep equality

    - Expected  - 1
    + Received  + 3

    - Array []
    + Array [
    +   "error: Failed to load resource: Could not connect to the server.",
    + ]

      16 | }
      17 |
    > 18 | const expectNoRuntimeErrors = (page: Page) => expect(runtimeErrors.get(page) ?? []).toEqual([])
         |                                                                                     ^
      19 |
      20 | const clickAdvancedSidebarLink = async (page: Page, name: 'DnD 拖拽' | 'Splitter 分割面板', href: string) => {
      21 |   const sidebar = page.locator('.VPSidebar')
        at expectNoRuntimeErrors (/Users/start/.codex/worktrees/091b/aheart-ui/e2e/dnd-splitter.spec.ts:18:85)
        at /Users/start/.codex/worktrees/091b/aheart-ui/e2e/dnd-splitter.spec.ts:130:5

    attachment #1: screenshot (image/png) ──────────────────────────────────────────────────────────
    ../../../../../../tmp/aheart-d4-c-independent/dnd-splitter-QG2-中文-DnD-fi-8bcca-ts-without-stale-drag-state-desktop-webkit/test-failed-1.png
    ────────────────────────────────────────────────────────────────────────────────────────────────

    attachment #2: video (video/webm) ──────────────────────────────────────────────────────────────
    ../../../../../../tmp/aheart-d4-c-independent/dnd-splitter-QG2-中文-DnD-fi-8bcca-ts-without-stale-drag-state-desktop-webkit/video.webm
    ────────────────────────────────────────────────────────────────────────────────────────────────

    Error Context: ../../../../../../tmp/aheart-d4-c-independent/dnd-splitter-QG2-中文-DnD-fi-8bcca-ts-without-stale-drag-state-desktop-webkit/error-context.md

    attachment #4: trace (application/zip) ─────────────────────────────────────────────────────────
    ../../../../../../tmp/aheart-d4-c-independent/dnd-splitter-QG2-中文-DnD-fi-8bcca-ts-without-stale-drag-state-desktop-webkit/trace.zip
    Usage:

        pnpm exec playwright show-trace ../../../../../../tmp/aheart-d4-c-independent/dnd-splitter-QG2-中文-DnD-fi-8bcca-ts-without-stale-drag-state-desktop-webkit/trace.zip

    ────────────────────────────────────────────────────────────────────────────────────────────────



(node:44226) Warning: The 'NO_COLOR' env is ignored due to the 'FORCE_COLOR' env being set.
(Use `node --trace-warnings ...` to show where the warning was created)

[522/571] [mobile-webkit] › e2e/d4-select-virtual.spec.ts:88:5 › Select virtual uses iframe realm and disposes after SPA unmount

(node:44233) Warning: The 'NO_COLOR' env is ignored due to the 'FORCE_COLOR' env being set.
(Use `node --trace-warnings ...` to show where the warning was created)

[523/571] [desktop-webkit] › e2e/dnd-splitter.spec.ts:606:7 › QG2 中文 Splitter fixture › renders horizontal, vertical, and three-panel splitters with state output
  40) [mobile-webkit] › e2e/d4-select-virtual.spec.ts:88:5 › Select virtual uses iframe realm and disposes after SPA unmount 

    Error: page.goto: Could not connect to the server.
    Call log:
      - navigating to "http://127.0.0.1:5213/", waiting until "load"


      108 |
      109 | test('Select virtual uses iframe realm and disposes after SPA unmount', async ({ page }) => {
    > 110 |   await page.goto('/')
          |              ^
      111 |   await page.evaluate(() => {
      112 |     const frame = document.createElement('iframe')
      113 |     frame.id = 'virtual-frame'
        at /Users/start/.codex/worktrees/091b/aheart-ui/e2e/d4-select-virtual.spec.ts:110:14

    attachment #1: screenshot (image/png) ──────────────────────────────────────────────────────────
    ../../../../../../tmp/aheart-d4-c-independent/d4-select-virtual-Select-v-69c9e--disposes-after-SPA-unmount-mobile-webkit/test-failed-1.png
    ────────────────────────────────────────────────────────────────────────────────────────────────

    attachment #2: video (video/webm) ──────────────────────────────────────────────────────────────
    ../../../../../../tmp/aheart-d4-c-independent/d4-select-virtual-Select-v-69c9e--disposes-after-SPA-unmount-mobile-webkit/video.webm
    ────────────────────────────────────────────────────────────────────────────────────────────────

    Error Context: ../../../../../../tmp/aheart-d4-c-independent/d4-select-virtual-Select-v-69c9e--disposes-after-SPA-unmount-mobile-webkit/error-context.md

    attachment #4: trace (application/zip) ─────────────────────────────────────────────────────────
    ../../../../../../tmp/aheart-d4-c-independent/d4-select-virtual-Select-v-69c9e--disposes-after-SPA-unmount-mobile-webkit/trace.zip
    Usage:

        pnpm exec playwright show-trace ../../../../../../tmp/aheart-d4-c-independent/d4-select-virtual-Select-v-69c9e--disposes-after-SPA-unmount-mobile-webkit/trace.zip

    ────────────────────────────────────────────────────────────────────────────────────────────────


  41) [desktop-webkit] › e2e/dnd-splitter.spec.ts:606:7 › QG2 中文 Splitter fixture › renders horizontal, vertical, and three-panel splitters with state output 

    Error: page.goto: Could not connect to the server.
    Call log:
      - navigating to "http://127.0.0.1:5213/components/splitter", waiting until "domcontentloaded"


      597 |   test.beforeEach(async ({ page }) => {
      598 |     collectRuntimeErrors(page)
    > 599 |     await page.goto('/components/splitter', { waitUntil: 'domcontentloaded' })
          |                ^
      600 |   })
      601 |
      602 |   test.afterEach(async ({ page }) => {
        at /Users/start/.codex/worktrees/091b/aheart-ui/e2e/dnd-splitter.spec.ts:599:16

    Error: expect(received).toEqual(expected) // deep equality

    - Expected  - 1
    + Received  + 3

    - Array []
    + Array [
    +   "error: Failed to load resource: Could not connect to the server.",
    + ]

      16 | }
      17 |
    > 18 | const expectNoRuntimeErrors = (page: Page) => expect(runtimeErrors.get(page) ?? []).toEqual([])
         |                                                                                     ^
      19 |
      20 | const clickAdvancedSidebarLink = async (page: Page, name: 'DnD 拖拽' | 'Splitter 分割面板', href: string) => {
      21 |   const sidebar = page.locator('.VPSidebar')
        at expectNoRuntimeErrors (/Users/start/.codex/worktrees/091b/aheart-ui/e2e/dnd-splitter.spec.ts:18:85)
        at /Users/start/.codex/worktrees/091b/aheart-ui/e2e/dnd-splitter.spec.ts:603:5

    attachment #1: screenshot (image/png) ──────────────────────────────────────────────────────────
    ../../../../../../tmp/aheart-d4-c-independent/dnd-splitter-QG2-中文-Splitt-b9f74-splitters-with-state-output-desktop-webkit/test-failed-1.png
    ────────────────────────────────────────────────────────────────────────────────────────────────

    attachment #2: video (video/webm) ──────────────────────────────────────────────────────────────
    ../../../../../../tmp/aheart-d4-c-independent/dnd-splitter-QG2-中文-Splitt-b9f74-splitters-with-state-output-desktop-webkit/video.webm
    ────────────────────────────────────────────────────────────────────────────────────────────────

    Error Context: ../../../../../../tmp/aheart-d4-c-independent/dnd-splitter-QG2-中文-Splitt-b9f74-splitters-with-state-output-desktop-webkit/error-context.md

    attachment #4: trace (application/zip) ─────────────────────────────────────────────────────────
    ../../../../../../tmp/aheart-d4-c-independent/dnd-splitter-QG2-中文-Splitt-b9f74-splitters-with-state-output-desktop-webkit/trace.zip
    Usage:

        pnpm exec playwright show-trace ../../../../../../tmp/aheart-d4-c-independent/dnd-splitter-QG2-中文-Splitt-b9f74-splitters-with-state-output-desktop-webkit/trace.zip

    ────────────────────────────────────────────────────────────────────────────────────────────────



(node:44262) Warning: The 'NO_COLOR' env is ignored due to the 'FORCE_COLOR' env being set.
(Use `node --trace-warnings ...` to show where the warning was created)

[524/571] [mobile-webkit] › e2e/d4-selection.spec.ts:3:5 › D4 Tree linked checks expose mixed state and lazy failure retry

(node:44264) Warning: The 'NO_COLOR' env is ignored due to the 'FORCE_COLOR' env being set.
(Use `node --trace-warnings ...` to show where the warning was created)

[525/571] [desktop-webkit] › e2e/dnd-splitter.spec.ts:664:7 › QG2 中文 Splitter fixture › enforces percentage bounds and recomputes them after container resize
  42) [mobile-webkit] › e2e/d4-selection.spec.ts:3:5 › D4 Tree linked checks expose mixed state and lazy failure retry 

    Error: page.goto: Could not connect to the server.
    Call log:
      - navigating to "http://127.0.0.1:5213/components/tree", waiting until "load"


      2 |
      3 | test('D4 Tree linked checks expose mixed state and lazy failure retry', async ({ page }) => {
    > 4 |   await page.goto('/components/tree')
        |              ^
      5 |   await page.waitForFunction(() => Boolean((document.querySelector('#app') as any)?.__vue_app__))
      6 |   const linked = page.getByRole('region', { name: 'D4 树联动示例' })
      7 |   const parent = linked.getByRole('treeitem', { name: '研发组', exact: true })
        at /Users/start/.codex/worktrees/091b/aheart-ui/e2e/d4-selection.spec.ts:4:14

    attachment #1: screenshot (image/png) ──────────────────────────────────────────────────────────
    ../../../../../../tmp/aheart-d4-c-independent/d4-selection-D4-Tree-linke-f23c9-tate-and-lazy-failure-retry-mobile-webkit/test-failed-1.png
    ────────────────────────────────────────────────────────────────────────────────────────────────

    attachment #2: video (video/webm) ──────────────────────────────────────────────────────────────
    ../../../../../../tmp/aheart-d4-c-independent/d4-selection-D4-Tree-linke-f23c9-tate-and-lazy-failure-retry-mobile-webkit/video.webm
    ────────────────────────────────────────────────────────────────────────────────────────────────

    Error Context: ../../../../../../tmp/aheart-d4-c-independent/d4-selection-D4-Tree-linke-f23c9-tate-and-lazy-failure-retry-mobile-webkit/error-context.md

    attachment #4: trace (application/zip) ─────────────────────────────────────────────────────────
    ../../../../../../tmp/aheart-d4-c-independent/d4-selection-D4-Tree-linke-f23c9-tate-and-lazy-failure-retry-mobile-webkit/trace.zip
    Usage:

        pnpm exec playwright show-trace ../../../../../../tmp/aheart-d4-c-independent/d4-selection-D4-Tree-linke-f23c9-tate-and-lazy-failure-retry-mobile-webkit/trace.zip

    ────────────────────────────────────────────────────────────────────────────────────────────────


  43) [desktop-webkit] › e2e/dnd-splitter.spec.ts:664:7 › QG2 中文 Splitter fixture › enforces percentage bounds and recomputes them after container resize 

    Error: page.goto: Could not connect to the server.
    Call log:
      - navigating to "http://127.0.0.1:5213/components/splitter", waiting until "domcontentloaded"


      597 |   test.beforeEach(async ({ page }) => {
      598 |     collectRuntimeErrors(page)
    > 599 |     await page.goto('/components/splitter', { waitUntil: 'domcontentloaded' })
          |                ^
      600 |   })
      601 |
      602 |   test.afterEach(async ({ page }) => {
        at /Users/start/.codex/worktrees/091b/aheart-ui/e2e/dnd-splitter.spec.ts:599:16

    Error: expect(received).toEqual(expected) // deep equality

    - Expected  - 1
    + Received  + 3

    - Array []
    + Array [
    +   "error: Failed to load resource: Could not connect to the server.",
    + ]

      16 | }
      17 |
    > 18 | const expectNoRuntimeErrors = (page: Page) => expect(runtimeErrors.get(page) ?? []).toEqual([])
         |                                                                                     ^
      19 |
      20 | const clickAdvancedSidebarLink = async (page: Page, name: 'DnD 拖拽' | 'Splitter 分割面板', href: string) => {
      21 |   const sidebar = page.locator('.VPSidebar')
        at expectNoRuntimeErrors (/Users/start/.codex/worktrees/091b/aheart-ui/e2e/dnd-splitter.spec.ts:18:85)
        at /Users/start/.codex/worktrees/091b/aheart-ui/e2e/dnd-splitter.spec.ts:603:5

    attachment #1: screenshot (image/png) ──────────────────────────────────────────────────────────
    ../../../../../../tmp/aheart-d4-c-independent/dnd-splitter-QG2-中文-Splitt-95dbd-them-after-container-resize-desktop-webkit/test-failed-1.png
    ────────────────────────────────────────────────────────────────────────────────────────────────

    attachment #2: video (video/webm) ──────────────────────────────────────────────────────────────
    ../../../../../../tmp/aheart-d4-c-independent/dnd-splitter-QG2-中文-Splitt-95dbd-them-after-container-resize-desktop-webkit/video.webm
    ────────────────────────────────────────────────────────────────────────────────────────────────

    Error Context: ../../../../../../tmp/aheart-d4-c-independent/dnd-splitter-QG2-中文-Splitt-95dbd-them-after-container-resize-desktop-webkit/error-context.md

    attachment #4: trace (application/zip) ─────────────────────────────────────────────────────────
    ../../../../../../tmp/aheart-d4-c-independent/dnd-splitter-QG2-中文-Splitt-95dbd-them-after-container-resize-desktop-webkit/trace.zip
    Usage:

        pnpm exec playwright show-trace ../../../../../../tmp/aheart-d4-c-independent/dnd-splitter-QG2-中文-Splitt-95dbd-them-after-container-resize-desktop-webkit/trace.zip

    ────────────────────────────────────────────────────────────────────────────────────────────────



(node:44288) Warning: The 'NO_COLOR' env is ignored due to the 'FORCE_COLOR' env being set.
(Use `node --trace-warnings ...` to show where the warning was created)

[526/571] [mobile-webkit] › e2e/d4-selection.spec.ts:25:5 › D4 TreeSelect searching retains the full linked selection model

(node:44290) Warning: The 'NO_COLOR' env is ignored due to the 'FORCE_COLOR' env being set.
(Use `node --trace-warnings ...` to show where the warning was created)

[527/571] [desktop-webkit] › e2e/dnd-splitter.spec.ts:687:7 › QG2 中文 Splitter fixture › keeps lazy values unchanged while dragging and commits on pointerup
  44) [mobile-webkit] › e2e/d4-selection.spec.ts:25:5 › D4 TreeSelect searching retains the full linked selection model 

    Error: page.goto: Could not connect to the server.
    Call log:
      - navigating to "http://127.0.0.1:5213/components/tree-select", waiting until "load"


      24 |
      25 | test('D4 TreeSelect searching retains the full linked selection model', async ({ page }) => {
    > 26 |   await page.goto('/components/tree-select')
         |              ^
      27 |   await page.waitForFunction(() => Boolean((document.querySelector('#app') as any)?.__vue_app__))
      28 |   const region = page.getByRole('region', { name: 'D4 树选择勾选示例' })
      29 |   await region.getByRole('combobox').click()
        at /Users/start/.codex/worktrees/091b/aheart-ui/e2e/d4-selection.spec.ts:26:14

    attachment #1: screenshot (image/png) ──────────────────────────────────────────────────────────
    ../../../../../../tmp/aheart-d4-c-independent/d4-selection-D4-TreeSelect-212f1-full-linked-selection-model-mobile-webkit/test-failed-1.png
    ────────────────────────────────────────────────────────────────────────────────────────────────

    attachment #2: video (video/webm) ──────────────────────────────────────────────────────────────
    ../../../../../../tmp/aheart-d4-c-independent/d4-selection-D4-TreeSelect-212f1-full-linked-selection-model-mobile-webkit/video.webm
    ────────────────────────────────────────────────────────────────────────────────────────────────

    Error Context: ../../../../../../tmp/aheart-d4-c-independent/d4-selection-D4-TreeSelect-212f1-full-linked-selection-model-mobile-webkit/error-context.md

    attachment #4: trace (application/zip) ─────────────────────────────────────────────────────────
    ../../../../../../tmp/aheart-d4-c-independent/d4-selection-D4-TreeSelect-212f1-full-linked-selection-model-mobile-webkit/trace.zip
    Usage:

        pnpm exec playwright show-trace ../../../../../../tmp/aheart-d4-c-independent/d4-selection-D4-TreeSelect-212f1-full-linked-selection-model-mobile-webkit/trace.zip

    ────────────────────────────────────────────────────────────────────────────────────────────────


  45) [desktop-webkit] › e2e/dnd-splitter.spec.ts:687:7 › QG2 中文 Splitter fixture › keeps lazy values unchanged while dragging and commits on pointerup 

    Error: page.goto: Could not connect to the server.
    Call log:
      - navigating to "http://127.0.0.1:5213/components/splitter", waiting until "domcontentloaded"


      597 |   test.beforeEach(async ({ page }) => {
      598 |     collectRuntimeErrors(page)
    > 599 |     await page.goto('/components/splitter', { waitUntil: 'domcontentloaded' })
          |                ^
      600 |   })
      601 |
      602 |   test.afterEach(async ({ page }) => {
        at /Users/start/.codex/worktrees/091b/aheart-ui/e2e/dnd-splitter.spec.ts:599:16

    Error: expect(received).toEqual(expected) // deep equality

    - Expected  - 1
    + Received  + 3

    - Array []
    + Array [
    +   "error: Failed to load resource: Could not connect to the server.",
    + ]

      16 | }
      17 |
    > 18 | const expectNoRuntimeErrors = (page: Page) => expect(runtimeErrors.get(page) ?? []).toEqual([])
         |                                                                                     ^
      19 |
      20 | const clickAdvancedSidebarLink = async (page: Page, name: 'DnD 拖拽' | 'Splitter 分割面板', href: string) => {
      21 |   const sidebar = page.locator('.VPSidebar')
        at expectNoRuntimeErrors (/Users/start/.codex/worktrees/091b/aheart-ui/e2e/dnd-splitter.spec.ts:18:85)
        at /Users/start/.codex/worktrees/091b/aheart-ui/e2e/dnd-splitter.spec.ts:603:5

    attachment #1: screenshot (image/png) ──────────────────────────────────────────────────────────
    ../../../../../../tmp/aheart-d4-c-independent/dnd-splitter-QG2-中文-Splitt-70d94-ng-and-commits-on-pointerup-desktop-webkit/test-failed-1.png
    ────────────────────────────────────────────────────────────────────────────────────────────────

    attachment #2: video (video/webm) ──────────────────────────────────────────────────────────────
    ../../../../../../tmp/aheart-d4-c-independent/dnd-splitter-QG2-中文-Splitt-70d94-ng-and-commits-on-pointerup-desktop-webkit/video.webm
    ────────────────────────────────────────────────────────────────────────────────────────────────

    Error Context: ../../../../../../tmp/aheart-d4-c-independent/dnd-splitter-QG2-中文-Splitt-70d94-ng-and-commits-on-pointerup-desktop-webkit/error-context.md

    attachment #4: trace (application/zip) ─────────────────────────────────────────────────────────
    ../../../../../../tmp/aheart-d4-c-independent/dnd-splitter-QG2-中文-Splitt-70d94-ng-and-commits-on-pointerup-desktop-webkit/trace.zip
    Usage:

        pnpm exec playwright show-trace ../../../../../../tmp/aheart-d4-c-independent/dnd-splitter-QG2-中文-Splitt-70d94-ng-and-commits-on-pointerup-desktop-webkit/trace.zip

    ────────────────────────────────────────────────────────────────────────────────────────────────



(node:44316) Warning: The 'NO_COLOR' env is ignored due to the 'FORCE_COLOR' env being set.
(Use `node --trace-warnings ...` to show where the warning was created)

[528/571] [mobile-webkit] › e2e/dnd-splitter.spec.ts:133:7 › QG2 中文 DnD fixture › exposes same-list keyboard sorting, counts, status, and live region

(node:44318) Warning: The 'NO_COLOR' env is ignored due to the 'FORCE_COLOR' env being set.
(Use `node --trace-warnings ...` to show where the warning was created)

[529/571] [desktop-webkit] › e2e/dnd-splitter.spec.ts:712:7 › QG2 中文 Splitter fixture › commits lazy values after a trusted Chromium touch sequence
  46) [mobile-webkit] › e2e/dnd-splitter.spec.ts:133:7 › QG2 中文 DnD fixture › exposes same-list keyboard sorting, counts, status, and live region 

    Error: page.goto: Could not connect to the server.
    Call log:
      - navigating to "http://127.0.0.1:5213/components/dnd", waiting until "domcontentloaded"


      124 |   test.beforeEach(async ({ page }) => {
      125 |     collectRuntimeErrors(page)
    > 126 |     await page.goto('/components/dnd', { waitUntil: 'domcontentloaded' })
          |                ^
      127 |   })
      128 |
      129 |   test.afterEach(async ({ page }) => {
        at /Users/start/.codex/worktrees/091b/aheart-ui/e2e/dnd-splitter.spec.ts:126:16

    Error: expect(received).toEqual(expected) // deep equality

    - Expected  - 1
    + Received  + 3

    - Array []
    + Array [
    +   "error: Failed to load resource: Could not connect to the server.",
    + ]

      16 | }
      17 |
    > 18 | const expectNoRuntimeErrors = (page: Page) => expect(runtimeErrors.get(page) ?? []).toEqual([])
         |                                                                                     ^
      19 |
      20 | const clickAdvancedSidebarLink = async (page: Page, name: 'DnD 拖拽' | 'Splitter 分割面板', href: string) => {
      21 |   const sidebar = page.locator('.VPSidebar')
        at expectNoRuntimeErrors (/Users/start/.codex/worktrees/091b/aheart-ui/e2e/dnd-splitter.spec.ts:18:85)
        at /Users/start/.codex/worktrees/091b/aheart-ui/e2e/dnd-splitter.spec.ts:130:5

    attachment #1: screenshot (image/png) ──────────────────────────────────────────────────────────
    ../../../../../../tmp/aheart-d4-c-independent/dnd-splitter-QG2-中文-DnD-fi-c58d0-unts-status-and-live-region-mobile-webkit/test-failed-1.png
    ────────────────────────────────────────────────────────────────────────────────────────────────

    attachment #2: video (video/webm) ──────────────────────────────────────────────────────────────
    ../../../../../../tmp/aheart-d4-c-independent/dnd-splitter-QG2-中文-DnD-fi-c58d0-unts-status-and-live-region-mobile-webkit/video.webm
    ────────────────────────────────────────────────────────────────────────────────────────────────

    Error Context: ../../../../../../tmp/aheart-d4-c-independent/dnd-splitter-QG2-中文-DnD-fi-c58d0-unts-status-and-live-region-mobile-webkit/error-context.md

    attachment #4: trace (application/zip) ─────────────────────────────────────────────────────────
    ../../../../../../tmp/aheart-d4-c-independent/dnd-splitter-QG2-中文-DnD-fi-c58d0-unts-status-and-live-region-mobile-webkit/trace.zip
    Usage:

        pnpm exec playwright show-trace ../../../../../../tmp/aheart-d4-c-independent/dnd-splitter-QG2-中文-DnD-fi-c58d0-unts-status-and-live-region-mobile-webkit/trace.zip

    ────────────────────────────────────────────────────────────────────────────────────────────────


  47) [desktop-webkit] › e2e/dnd-splitter.spec.ts:712:7 › QG2 中文 Splitter fixture › commits lazy values after a trusted Chromium touch sequence 

    Error: page.goto: Could not connect to the server.
    Call log:
      - navigating to "http://127.0.0.1:5213/components/splitter", waiting until "domcontentloaded"


      597 |   test.beforeEach(async ({ page }) => {
      598 |     collectRuntimeErrors(page)
    > 599 |     await page.goto('/components/splitter', { waitUntil: 'domcontentloaded' })
          |                ^
      600 |   })
      601 |
      602 |   test.afterEach(async ({ page }) => {
        at /Users/start/.codex/worktrees/091b/aheart-ui/e2e/dnd-splitter.spec.ts:599:16

    Error: expect(received).toEqual(expected) // deep equality

    - Expected  - 1
    + Received  + 3

    - Array []
    + Array [
    +   "error: Failed to load resource: Could not connect to the server.",
    + ]

      16 | }
      17 |
    > 18 | const expectNoRuntimeErrors = (page: Page) => expect(runtimeErrors.get(page) ?? []).toEqual([])
         |                                                                                     ^
      19 |
      20 | const clickAdvancedSidebarLink = async (page: Page, name: 'DnD 拖拽' | 'Splitter 分割面板', href: string) => {
      21 |   const sidebar = page.locator('.VPSidebar')
        at expectNoRuntimeErrors (/Users/start/.codex/worktrees/091b/aheart-ui/e2e/dnd-splitter.spec.ts:18:85)
        at /Users/start/.codex/worktrees/091b/aheart-ui/e2e/dnd-splitter.spec.ts:603:5

    attachment #1: screenshot (image/png) ──────────────────────────────────────────────────────────
    ../../../../../../tmp/aheart-d4-c-independent/dnd-splitter-QG2-中文-Splitt-4654e-ted-Chromium-touch-sequence-desktop-webkit/test-failed-1.png
    ────────────────────────────────────────────────────────────────────────────────────────────────

    attachment #2: video (video/webm) ──────────────────────────────────────────────────────────────
    ../../../../../../tmp/aheart-d4-c-independent/dnd-splitter-QG2-中文-Splitt-4654e-ted-Chromium-touch-sequence-desktop-webkit/video.webm
    ────────────────────────────────────────────────────────────────────────────────────────────────

    Error Context: ../../../../../../tmp/aheart-d4-c-independent/dnd-splitter-QG2-中文-Splitt-4654e-ted-Chromium-touch-sequence-desktop-webkit/error-context.md

    attachment #4: trace (application/zip) ─────────────────────────────────────────────────────────
    ../../../../../../tmp/aheart-d4-c-independent/dnd-splitter-QG2-中文-Splitt-4654e-ted-Chromium-touch-sequence-desktop-webkit/trace.zip
    Usage:

        pnpm exec playwright show-trace ../../../../../../tmp/aheart-d4-c-independent/dnd-splitter-QG2-中文-Splitt-4654e-ted-Chromium-touch-sequence-desktop-webkit/trace.zip

    ────────────────────────────────────────────────────────────────────────────────────────────────



(node:44342) Warning: The 'NO_COLOR' env is ignored due to the 'FORCE_COLOR' env being set.
(Use `node --trace-warnings ...` to show where the warning was created)

[530/571] [mobile-webkit] › e2e/dnd-splitter.spec.ts:148:7 › QG2 中文 DnD fixture › sorts from a focused handle with Alt+Arrow and restores focus to that handle

(node:44344) Warning: The 'NO_COLOR' env is ignored due to the 'FORCE_COLOR' env being set.
(Use `node --trace-warnings ...` to show where the warning was created)

[531/571] [desktop-webkit] › e2e/dnd-splitter.spec.ts:747:7 › QG2 中文 Splitter fixture › runs the lazy touch state machine with scripted PointerEvents in mobile WebKit
  48) [mobile-webkit] › e2e/dnd-splitter.spec.ts:148:7 › QG2 中文 DnD fixture › sorts from a focused handle with Alt+Arrow and restores focus to that handle 

    Error: page.goto: Could not connect to the server.
    Call log:
      - navigating to "http://127.0.0.1:5213/components/dnd", waiting until "domcontentloaded"


      124 |   test.beforeEach(async ({ page }) => {
      125 |     collectRuntimeErrors(page)
    > 126 |     await page.goto('/components/dnd', { waitUntil: 'domcontentloaded' })
          |                ^
      127 |   })
      128 |
      129 |   test.afterEach(async ({ page }) => {
        at /Users/start/.codex/worktrees/091b/aheart-ui/e2e/dnd-splitter.spec.ts:126:16

    Error: expect(received).toEqual(expected) // deep equality

    - Expected  - 1
    + Received  + 3

    - Array []
    + Array [
    +   "error: Failed to load resource: Could not connect to the server.",
    + ]

      16 | }
      17 |
    > 18 | const expectNoRuntimeErrors = (page: Page) => expect(runtimeErrors.get(page) ?? []).toEqual([])
         |                                                                                     ^
      19 |
      20 | const clickAdvancedSidebarLink = async (page: Page, name: 'DnD 拖拽' | 'Splitter 分割面板', href: string) => {
      21 |   const sidebar = page.locator('.VPSidebar')
        at expectNoRuntimeErrors (/Users/start/.codex/worktrees/091b/aheart-ui/e2e/dnd-splitter.spec.ts:18:85)
        at /Users/start/.codex/worktrees/091b/aheart-ui/e2e/dnd-splitter.spec.ts:130:5

    attachment #1: screenshot (image/png) ──────────────────────────────────────────────────────────
    ../../../../../../tmp/aheart-d4-c-independent/dnd-splitter-QG2-中文-DnD-fi-38daf-stores-focus-to-that-handle-mobile-webkit/test-failed-1.png
    ────────────────────────────────────────────────────────────────────────────────────────────────

    attachment #2: video (video/webm) ──────────────────────────────────────────────────────────────
    ../../../../../../tmp/aheart-d4-c-independent/dnd-splitter-QG2-中文-DnD-fi-38daf-stores-focus-to-that-handle-mobile-webkit/video.webm
    ────────────────────────────────────────────────────────────────────────────────────────────────

    Error Context: ../../../../../../tmp/aheart-d4-c-independent/dnd-splitter-QG2-中文-DnD-fi-38daf-stores-focus-to-that-handle-mobile-webkit/error-context.md

    attachment #4: trace (application/zip) ─────────────────────────────────────────────────────────
    ../../../../../../tmp/aheart-d4-c-independent/dnd-splitter-QG2-中文-DnD-fi-38daf-stores-focus-to-that-handle-mobile-webkit/trace.zip
    Usage:

        pnpm exec playwright show-trace ../../../../../../tmp/aheart-d4-c-independent/dnd-splitter-QG2-中文-DnD-fi-38daf-stores-focus-to-that-handle-mobile-webkit/trace.zip

    ────────────────────────────────────────────────────────────────────────────────────────────────


  49) [desktop-webkit] › e2e/dnd-splitter.spec.ts:747:7 › QG2 中文 Splitter fixture › runs the lazy touch state machine with scripted PointerEvents in mobile WebKit 

    Error: page.goto: Could not connect to the server.
    Call log:
      - navigating to "http://127.0.0.1:5213/components/splitter", waiting until "domcontentloaded"


      597 |   test.beforeEach(async ({ page }) => {
      598 |     collectRuntimeErrors(page)
    > 599 |     await page.goto('/components/splitter', { waitUntil: 'domcontentloaded' })
          |                ^
      600 |   })
      601 |
      602 |   test.afterEach(async ({ page }) => {
        at /Users/start/.codex/worktrees/091b/aheart-ui/e2e/dnd-splitter.spec.ts:599:16

    Error: expect(received).toEqual(expected) // deep equality

    - Expected  - 1
    + Received  + 3

    - Array []
    + Array [
    +   "error: Failed to load resource: Could not connect to the server.",
    + ]

      16 | }
      17 |
    > 18 | const expectNoRuntimeErrors = (page: Page) => expect(runtimeErrors.get(page) ?? []).toEqual([])
         |                                                                                     ^
      19 |
      20 | const clickAdvancedSidebarLink = async (page: Page, name: 'DnD 拖拽' | 'Splitter 分割面板', href: string) => {
      21 |   const sidebar = page.locator('.VPSidebar')
        at expectNoRuntimeErrors (/Users/start/.codex/worktrees/091b/aheart-ui/e2e/dnd-splitter.spec.ts:18:85)
        at /Users/start/.codex/worktrees/091b/aheart-ui/e2e/dnd-splitter.spec.ts:603:5

    attachment #1: screenshot (image/png) ──────────────────────────────────────────────────────────
    ../../../../../../tmp/aheart-d4-c-independent/dnd-splitter-QG2-中文-Splitt-d42cf-nterEvents-in-mobile-WebKit-desktop-webkit/test-failed-1.png
    ────────────────────────────────────────────────────────────────────────────────────────────────

    attachment #2: video (video/webm) ──────────────────────────────────────────────────────────────
    ../../../../../../tmp/aheart-d4-c-independent/dnd-splitter-QG2-中文-Splitt-d42cf-nterEvents-in-mobile-WebKit-desktop-webkit/video.webm
    ────────────────────────────────────────────────────────────────────────────────────────────────

    Error Context: ../../../../../../tmp/aheart-d4-c-independent/dnd-splitter-QG2-中文-Splitt-d42cf-nterEvents-in-mobile-WebKit-desktop-webkit/error-context.md

    attachment #4: trace (application/zip) ─────────────────────────────────────────────────────────
    ../../../../../../tmp/aheart-d4-c-independent/dnd-splitter-QG2-中文-Splitt-d42cf-nterEvents-in-mobile-WebKit-desktop-webkit/trace.zip
    Usage:

        pnpm exec playwright show-trace ../../../../../../tmp/aheart-d4-c-independent/dnd-splitter-QG2-中文-Splitt-d42cf-nterEvents-in-mobile-WebKit-desktop-webkit/trace.zip

    ────────────────────────────────────────────────────────────────────────────────────────────────



(node:44371) Warning: The 'NO_COLOR' env is ignored due to the 'FORCE_COLOR' env being set.
(Use `node --trace-warnings ...` to show where the warning was created)

[532/571] [mobile-webkit] › e2e/dnd-splitter.spec.ts:160:7 › QG2 中文 DnD fixture › moves a focused handle across compatible lists with Alt+Arrow and announces the destination

(node:44373) Warning: The 'NO_COLOR' env is ignored due to the 'FORCE_COLOR' env being set.
(Use `node --trace-warnings ...` to show where the warning was created)

[533/571] [desktop-webkit] › e2e/dnd-splitter.spec.ts:780:7 › QG2 中文 Splitter fixture › drags across the iframe and restores the document after pointerup
  50) [mobile-webkit] › e2e/dnd-splitter.spec.ts:160:7 › QG2 中文 DnD fixture › moves a focused handle across compatible lists with Alt+Arrow and announces the destination 

    Error: page.goto: Could not connect to the server.
    Call log:
      - navigating to "http://127.0.0.1:5213/components/dnd", waiting until "domcontentloaded"


      124 |   test.beforeEach(async ({ page }) => {
      125 |     collectRuntimeErrors(page)
    > 126 |     await page.goto('/components/dnd', { waitUntil: 'domcontentloaded' })
          |                ^
      127 |   })
      128 |
      129 |   test.afterEach(async ({ page }) => {
        at /Users/start/.codex/worktrees/091b/aheart-ui/e2e/dnd-splitter.spec.ts:126:16

    Error: expect(received).toEqual(expected) // deep equality

    - Expected  - 1
    + Received  + 3

    - Array []
    + Array [
    +   "error: Failed to load resource: Could not connect to the server.",
    + ]

      16 | }
      17 |
    > 18 | const expectNoRuntimeErrors = (page: Page) => expect(runtimeErrors.get(page) ?? []).toEqual([])
         |                                                                                     ^
      19 |
      20 | const clickAdvancedSidebarLink = async (page: Page, name: 'DnD 拖拽' | 'Splitter 分割面板', href: string) => {
      21 |   const sidebar = page.locator('.VPSidebar')
        at expectNoRuntimeErrors (/Users/start/.codex/worktrees/091b/aheart-ui/e2e/dnd-splitter.spec.ts:18:85)
        at /Users/start/.codex/worktrees/091b/aheart-ui/e2e/dnd-splitter.spec.ts:130:5

    attachment #1: screenshot (image/png) ──────────────────────────────────────────────────────────
    ../../../../../../tmp/aheart-d4-c-independent/dnd-splitter-QG2-中文-DnD-fi-94616-d-announces-the-destination-mobile-webkit/test-failed-1.png
    ────────────────────────────────────────────────────────────────────────────────────────────────

    attachment #2: video (video/webm) ──────────────────────────────────────────────────────────────
    ../../../../../../tmp/aheart-d4-c-independent/dnd-splitter-QG2-中文-DnD-fi-94616-d-announces-the-destination-mobile-webkit/video.webm
    ────────────────────────────────────────────────────────────────────────────────────────────────

    Error Context: ../../../../../../tmp/aheart-d4-c-independent/dnd-splitter-QG2-中文-DnD-fi-94616-d-announces-the-destination-mobile-webkit/error-context.md

    attachment #4: trace (application/zip) ─────────────────────────────────────────────────────────
    ../../../../../../tmp/aheart-d4-c-independent/dnd-splitter-QG2-中文-DnD-fi-94616-d-announces-the-destination-mobile-webkit/trace.zip
    Usage:

        pnpm exec playwright show-trace ../../../../../../tmp/aheart-d4-c-independent/dnd-splitter-QG2-中文-DnD-fi-94616-d-announces-the-destination-mobile-webkit/trace.zip

    ────────────────────────────────────────────────────────────────────────────────────────────────


  51) [desktop-webkit] › e2e/dnd-splitter.spec.ts:780:7 › QG2 中文 Splitter fixture › drags across the iframe and restores the document after pointerup 

    Error: page.goto: Could not connect to the server.
    Call log:
      - navigating to "http://127.0.0.1:5213/components/splitter", waiting until "domcontentloaded"


      597 |   test.beforeEach(async ({ page }) => {
      598 |     collectRuntimeErrors(page)
    > 599 |     await page.goto('/components/splitter', { waitUntil: 'domcontentloaded' })
          |                ^
      600 |   })
      601 |
      602 |   test.afterEach(async ({ page }) => {
        at /Users/start/.codex/worktrees/091b/aheart-ui/e2e/dnd-splitter.spec.ts:599:16

    Error: expect(received).toEqual(expected) // deep equality

    - Expected  - 1
    + Received  + 3

    - Array []
    + Array [
    +   "error: Failed to load resource: Could not connect to the server.",
    + ]

      16 | }
      17 |
    > 18 | const expectNoRuntimeErrors = (page: Page) => expect(runtimeErrors.get(page) ?? []).toEqual([])
         |                                                                                     ^
      19 |
      20 | const clickAdvancedSidebarLink = async (page: Page, name: 'DnD 拖拽' | 'Splitter 分割面板', href: string) => {
      21 |   const sidebar = page.locator('.VPSidebar')
        at expectNoRuntimeErrors (/Users/start/.codex/worktrees/091b/aheart-ui/e2e/dnd-splitter.spec.ts:18:85)
        at /Users/start/.codex/worktrees/091b/aheart-ui/e2e/dnd-splitter.spec.ts:603:5

    attachment #1: screenshot (image/png) ──────────────────────────────────────────────────────────
    ../../../../../../tmp/aheart-d4-c-independent/dnd-splitter-QG2-中文-Splitt-9d59f-he-document-after-pointerup-desktop-webkit/test-failed-1.png
    ────────────────────────────────────────────────────────────────────────────────────────────────

    attachment #2: video (video/webm) ──────────────────────────────────────────────────────────────
    ../../../../../../tmp/aheart-d4-c-independent/dnd-splitter-QG2-中文-Splitt-9d59f-he-document-after-pointerup-desktop-webkit/video.webm
    ────────────────────────────────────────────────────────────────────────────────────────────────

    Error Context: ../../../../../../tmp/aheart-d4-c-independent/dnd-splitter-QG2-中文-Splitt-9d59f-he-document-after-pointerup-desktop-webkit/error-context.md

    attachment #4: trace (application/zip) ─────────────────────────────────────────────────────────
    ../../../../../../tmp/aheart-d4-c-independent/dnd-splitter-QG2-中文-Splitt-9d59f-he-document-after-pointerup-desktop-webkit/trace.zip
    Usage:

        pnpm exec playwright show-trace ../../../../../../tmp/aheart-d4-c-independent/dnd-splitter-QG2-中文-Splitt-9d59f-he-document-after-pointerup-desktop-webkit/trace.zip

    ────────────────────────────────────────────────────────────────────────────────────────────────



(node:44398) Warning: The 'NO_COLOR' env is ignored due to the 'FORCE_COLOR' env being set.
(Use `node --trace-warnings ...` to show where the warning was created)

[534/571] [mobile-webkit] › e2e/dnd-splitter.spec.ts:176:7 › QG2 中文 DnD fixture › uses an accessible deep-blue color for DnD status text without changing the handle focus color

(node:44400) Warning: The 'NO_COLOR' env is ignored due to the 'FORCE_COLOR' env being set.
(Use `node --trace-warnings ...` to show where the warning was created)

[535/571] [desktop-webkit] › e2e/dnd-splitter.spec.ts:802:7 › QG2 中文 Splitter fixture › cleans up on pointercancel and commits a subsequent pointer drag
  52) [mobile-webkit] › e2e/dnd-splitter.spec.ts:176:7 › QG2 中文 DnD fixture › uses an accessible deep-blue color for DnD status text without changing the handle focus color 

    Error: page.goto: Could not connect to the server.
    Call log:
      - navigating to "http://127.0.0.1:5213/components/dnd", waiting until "domcontentloaded"


      124 |   test.beforeEach(async ({ page }) => {
      125 |     collectRuntimeErrors(page)
    > 126 |     await page.goto('/components/dnd', { waitUntil: 'domcontentloaded' })
          |                ^
      127 |   })
      128 |
      129 |   test.afterEach(async ({ page }) => {
        at /Users/start/.codex/worktrees/091b/aheart-ui/e2e/dnd-splitter.spec.ts:126:16

    Error: expect(received).toEqual(expected) // deep equality

    - Expected  - 1
    + Received  + 3

    - Array []
    + Array [
    +   "error: Failed to load resource: Could not connect to the server.",
    + ]

      16 | }
      17 |
    > 18 | const expectNoRuntimeErrors = (page: Page) => expect(runtimeErrors.get(page) ?? []).toEqual([])
         |                                                                                     ^
      19 |
      20 | const clickAdvancedSidebarLink = async (page: Page, name: 'DnD 拖拽' | 'Splitter 分割面板', href: string) => {
      21 |   const sidebar = page.locator('.VPSidebar')
        at expectNoRuntimeErrors (/Users/start/.codex/worktrees/091b/aheart-ui/e2e/dnd-splitter.spec.ts:18:85)
        at /Users/start/.codex/worktrees/091b/aheart-ui/e2e/dnd-splitter.spec.ts:130:5

    attachment #1: screenshot (image/png) ──────────────────────────────────────────────────────────
    ../../../../../../tmp/aheart-d4-c-independent/dnd-splitter-QG2-中文-DnD-fi-fea8d-ging-the-handle-focus-color-mobile-webkit/test-failed-1.png
    ────────────────────────────────────────────────────────────────────────────────────────────────

    attachment #2: video (video/webm) ──────────────────────────────────────────────────────────────
    ../../../../../../tmp/aheart-d4-c-independent/dnd-splitter-QG2-中文-DnD-fi-fea8d-ging-the-handle-focus-color-mobile-webkit/video.webm
    ────────────────────────────────────────────────────────────────────────────────────────────────

    Error Context: ../../../../../../tmp/aheart-d4-c-independent/dnd-splitter-QG2-中文-DnD-fi-fea8d-ging-the-handle-focus-color-mobile-webkit/error-context.md

    attachment #4: trace (application/zip) ─────────────────────────────────────────────────────────
    ../../../../../../tmp/aheart-d4-c-independent/dnd-splitter-QG2-中文-DnD-fi-fea8d-ging-the-handle-focus-color-mobile-webkit/trace.zip
    Usage:

        pnpm exec playwright show-trace ../../../../../../tmp/aheart-d4-c-independent/dnd-splitter-QG2-中文-DnD-fi-fea8d-ging-the-handle-focus-color-mobile-webkit/trace.zip

    ────────────────────────────────────────────────────────────────────────────────────────────────


  53) [desktop-webkit] › e2e/dnd-splitter.spec.ts:802:7 › QG2 中文 Splitter fixture › cleans up on pointercancel and commits a subsequent pointer drag 

    Error: page.goto: Could not connect to the server.
    Call log:
      - navigating to "http://127.0.0.1:5213/components/splitter", waiting until "domcontentloaded"


      597 |   test.beforeEach(async ({ page }) => {
      598 |     collectRuntimeErrors(page)
    > 599 |     await page.goto('/components/splitter', { waitUntil: 'domcontentloaded' })
          |                ^
      600 |   })
      601 |
      602 |   test.afterEach(async ({ page }) => {
        at /Users/start/.codex/worktrees/091b/aheart-ui/e2e/dnd-splitter.spec.ts:599:16

    Error: expect(received).toEqual(expected) // deep equality

    - Expected  - 1
    + Received  + 3

    - Array []
    + Array [
    +   "error: Failed to load resource: Could not connect to the server.",
    + ]

      16 | }
      17 |
    > 18 | const expectNoRuntimeErrors = (page: Page) => expect(runtimeErrors.get(page) ?? []).toEqual([])
         |                                                                                     ^
      19 |
      20 | const clickAdvancedSidebarLink = async (page: Page, name: 'DnD 拖拽' | 'Splitter 分割面板', href: string) => {
      21 |   const sidebar = page.locator('.VPSidebar')
        at expectNoRuntimeErrors (/Users/start/.codex/worktrees/091b/aheart-ui/e2e/dnd-splitter.spec.ts:18:85)
        at /Users/start/.codex/worktrees/091b/aheart-ui/e2e/dnd-splitter.spec.ts:603:5

    attachment #1: screenshot (image/png) ──────────────────────────────────────────────────────────
    ../../../../../../tmp/aheart-d4-c-independent/dnd-splitter-QG2-中文-Splitt-98236-s-a-subsequent-pointer-drag-desktop-webkit/test-failed-1.png
    ────────────────────────────────────────────────────────────────────────────────────────────────

    attachment #2: video (video/webm) ──────────────────────────────────────────────────────────────
    ../../../../../../tmp/aheart-d4-c-independent/dnd-splitter-QG2-中文-Splitt-98236-s-a-subsequent-pointer-drag-desktop-webkit/video.webm
    ────────────────────────────────────────────────────────────────────────────────────────────────

    Error Context: ../../../../../../tmp/aheart-d4-c-independent/dnd-splitter-QG2-中文-Splitt-98236-s-a-subsequent-pointer-drag-desktop-webkit/error-context.md

    attachment #4: trace (application/zip) ─────────────────────────────────────────────────────────
    ../../../../../../tmp/aheart-d4-c-independent/dnd-splitter-QG2-中文-Splitt-98236-s-a-subsequent-pointer-drag-desktop-webkit/trace.zip
    Usage:

        pnpm exec playwright show-trace ../../../../../../tmp/aheart-d4-c-independent/dnd-splitter-QG2-中文-Splitt-98236-s-a-subsequent-pointer-drag-desktop-webkit/trace.zip

    ────────────────────────────────────────────────────────────────────────────────────────────────



(node:44424) Warning: The 'NO_COLOR' env is ignored due to the 'FORCE_COLOR' env being set.
(Use `node --trace-warnings ...` to show where the warning was created)

[536/571] [mobile-webkit] › e2e/dnd-splitter.spec.ts:183:7 › QG2 中文 DnD fixture › reorders a list once with a real pointer drag

(node:44426) Warning: The 'NO_COLOR' env is ignored due to the 'FORCE_COLOR' env being set.
(Use `node --trace-warnings ...` to show where the warning was created)

[537/571] [desktop-webkit] › e2e/dnd-splitter.spec.ts:836:7 › QG2 中文 Splitter fixture › cancels on window blur and cleans up when unmounted during a resize
  54) [mobile-webkit] › e2e/dnd-splitter.spec.ts:183:7 › QG2 中文 DnD fixture › reorders a list once with a real pointer drag 

    Error: page.goto: Could not connect to the server.
    Call log:
      - navigating to "http://127.0.0.1:5213/components/dnd", waiting until "domcontentloaded"


      124 |   test.beforeEach(async ({ page }) => {
      125 |     collectRuntimeErrors(page)
    > 126 |     await page.goto('/components/dnd', { waitUntil: 'domcontentloaded' })
          |                ^
      127 |   })
      128 |
      129 |   test.afterEach(async ({ page }) => {
        at /Users/start/.codex/worktrees/091b/aheart-ui/e2e/dnd-splitter.spec.ts:126:16

    Error: expect(received).toEqual(expected) // deep equality

    - Expected  - 1
    + Received  + 3

    - Array []
    + Array [
    +   "error: Failed to load resource: Could not connect to the server.",
    + ]

      16 | }
      17 |
    > 18 | const expectNoRuntimeErrors = (page: Page) => expect(runtimeErrors.get(page) ?? []).toEqual([])
         |                                                                                     ^
      19 |
      20 | const clickAdvancedSidebarLink = async (page: Page, name: 'DnD 拖拽' | 'Splitter 分割面板', href: string) => {
      21 |   const sidebar = page.locator('.VPSidebar')
        at expectNoRuntimeErrors (/Users/start/.codex/worktrees/091b/aheart-ui/e2e/dnd-splitter.spec.ts:18:85)
        at /Users/start/.codex/worktrees/091b/aheart-ui/e2e/dnd-splitter.spec.ts:130:5

    attachment #1: screenshot (image/png) ──────────────────────────────────────────────────────────
    ../../../../../../tmp/aheart-d4-c-independent/dnd-splitter-QG2-中文-DnD-fi-879ae-ce-with-a-real-pointer-drag-mobile-webkit/test-failed-1.png
    ────────────────────────────────────────────────────────────────────────────────────────────────

    attachment #2: video (video/webm) ──────────────────────────────────────────────────────────────
    ../../../../../../tmp/aheart-d4-c-independent/dnd-splitter-QG2-中文-DnD-fi-879ae-ce-with-a-real-pointer-drag-mobile-webkit/video.webm
    ────────────────────────────────────────────────────────────────────────────────────────────────

    Error Context: ../../../../../../tmp/aheart-d4-c-independent/dnd-splitter-QG2-中文-DnD-fi-879ae-ce-with-a-real-pointer-drag-mobile-webkit/error-context.md

    attachment #4: trace (application/zip) ─────────────────────────────────────────────────────────
    ../../../../../../tmp/aheart-d4-c-independent/dnd-splitter-QG2-中文-DnD-fi-879ae-ce-with-a-real-pointer-drag-mobile-webkit/trace.zip
    Usage:

        pnpm exec playwright show-trace ../../../../../../tmp/aheart-d4-c-independent/dnd-splitter-QG2-中文-DnD-fi-879ae-ce-with-a-real-pointer-drag-mobile-webkit/trace.zip

    ────────────────────────────────────────────────────────────────────────────────────────────────


  55) [desktop-webkit] › e2e/dnd-splitter.spec.ts:836:7 › QG2 中文 Splitter fixture › cancels on window blur and cleans up when unmounted during a resize 

    Error: page.goto: Could not connect to the server.
    Call log:
      - navigating to "http://127.0.0.1:5213/components/splitter", waiting until "domcontentloaded"


      597 |   test.beforeEach(async ({ page }) => {
      598 |     collectRuntimeErrors(page)
    > 599 |     await page.goto('/components/splitter', { waitUntil: 'domcontentloaded' })
          |                ^
      600 |   })
      601 |
      602 |   test.afterEach(async ({ page }) => {
        at /Users/start/.codex/worktrees/091b/aheart-ui/e2e/dnd-splitter.spec.ts:599:16

    Error: expect(received).toEqual(expected) // deep equality

    - Expected  - 1
    + Received  + 3

    - Array []
    + Array [
    +   "error: Failed to load resource: Could not connect to the server.",
    + ]

      16 | }
      17 |
    > 18 | const expectNoRuntimeErrors = (page: Page) => expect(runtimeErrors.get(page) ?? []).toEqual([])
         |                                                                                     ^
      19 |
      20 | const clickAdvancedSidebarLink = async (page: Page, name: 'DnD 拖拽' | 'Splitter 分割面板', href: string) => {
      21 |   const sidebar = page.locator('.VPSidebar')
        at expectNoRuntimeErrors (/Users/start/.codex/worktrees/091b/aheart-ui/e2e/dnd-splitter.spec.ts:18:85)
        at /Users/start/.codex/worktrees/091b/aheart-ui/e2e/dnd-splitter.spec.ts:603:5

    attachment #1: screenshot (image/png) ──────────────────────────────────────────────────────────
    ../../../../../../tmp/aheart-d4-c-independent/dnd-splitter-QG2-中文-Splitt-8d266-n-unmounted-during-a-resize-desktop-webkit/test-failed-1.png
    ────────────────────────────────────────────────────────────────────────────────────────────────

    attachment #2: video (video/webm) ──────────────────────────────────────────────────────────────
    ../../../../../../tmp/aheart-d4-c-independent/dnd-splitter-QG2-中文-Splitt-8d266-n-unmounted-during-a-resize-desktop-webkit/video.webm
    ────────────────────────────────────────────────────────────────────────────────────────────────

    Error Context: ../../../../../../tmp/aheart-d4-c-independent/dnd-splitter-QG2-中文-Splitt-8d266-n-unmounted-during-a-resize-desktop-webkit/error-context.md

    attachment #4: trace (application/zip) ─────────────────────────────────────────────────────────
    ../../../../../../tmp/aheart-d4-c-independent/dnd-splitter-QG2-中文-Splitt-8d266-n-unmounted-during-a-resize-desktop-webkit/trace.zip
    Usage:

        pnpm exec playwright show-trace ../../../../../../tmp/aheart-d4-c-independent/dnd-splitter-QG2-中文-Splitt-8d266-n-unmounted-during-a-resize-desktop-webkit/trace.zip

    ────────────────────────────────────────────────────────────────────────────────────────────────



(node:44450) Warning: The 'NO_COLOR' env is ignored due to the 'FORCE_COLOR' env being set.
(Use `node --trace-warnings ...` to show where the warning was created)

[538/571] [mobile-webkit] › e2e/dnd-splitter.spec.ts:192:7 › QG2 中文 DnD fixture › keeps legacy desktop whole-item native dragging without handleProps

(node:44452) Warning: The 'NO_COLOR' env is ignored due to the 'FORCE_COLOR' env being set.
(Use `node --trace-warnings ...` to show where the warning was created)

[539/571] [desktop-webkit] › e2e/dnd-splitter.spec.ts:860:7 › QG2 中文 Splitter fixture › cleans global drag state when navigating between Splitter and DnD
  56) [mobile-webkit] › e2e/dnd-splitter.spec.ts:192:7 › QG2 中文 DnD fixture › keeps legacy desktop whole-item native dragging without handleProps 

    Error: page.goto: Could not connect to the server.
    Call log:
      - navigating to "http://127.0.0.1:5213/components/dnd", waiting until "domcontentloaded"


      124 |   test.beforeEach(async ({ page }) => {
      125 |     collectRuntimeErrors(page)
    > 126 |     await page.goto('/components/dnd', { waitUntil: 'domcontentloaded' })
          |                ^
      127 |   })
      128 |
      129 |   test.afterEach(async ({ page }) => {
        at /Users/start/.codex/worktrees/091b/aheart-ui/e2e/dnd-splitter.spec.ts:126:16

    Error: expect(received).toEqual(expected) // deep equality

    - Expected  - 1
    + Received  + 3

    - Array []
    + Array [
    +   "error: Failed to load resource: Could not connect to the server.",
    + ]

      16 | }
      17 |
    > 18 | const expectNoRuntimeErrors = (page: Page) => expect(runtimeErrors.get(page) ?? []).toEqual([])
         |                                                                                     ^
      19 |
      20 | const clickAdvancedSidebarLink = async (page: Page, name: 'DnD 拖拽' | 'Splitter 分割面板', href: string) => {
      21 |   const sidebar = page.locator('.VPSidebar')
        at expectNoRuntimeErrors (/Users/start/.codex/worktrees/091b/aheart-ui/e2e/dnd-splitter.spec.ts:18:85)
        at /Users/start/.codex/worktrees/091b/aheart-ui/e2e/dnd-splitter.spec.ts:130:5

    attachment #1: screenshot (image/png) ──────────────────────────────────────────────────────────
    ../../../../../../tmp/aheart-d4-c-independent/dnd-splitter-QG2-中文-DnD-fi-e9a74-ragging-without-handleProps-mobile-webkit/test-failed-1.png
    ────────────────────────────────────────────────────────────────────────────────────────────────

    attachment #2: video (video/webm) ──────────────────────────────────────────────────────────────
    ../../../../../../tmp/aheart-d4-c-independent/dnd-splitter-QG2-中文-DnD-fi-e9a74-ragging-without-handleProps-mobile-webkit/video.webm
    ────────────────────────────────────────────────────────────────────────────────────────────────

    Error Context: ../../../../../../tmp/aheart-d4-c-independent/dnd-splitter-QG2-中文-DnD-fi-e9a74-ragging-without-handleProps-mobile-webkit/error-context.md

    attachment #4: trace (application/zip) ─────────────────────────────────────────────────────────
    ../../../../../../tmp/aheart-d4-c-independent/dnd-splitter-QG2-中文-DnD-fi-e9a74-ragging-without-handleProps-mobile-webkit/trace.zip
    Usage:

        pnpm exec playwright show-trace ../../../../../../tmp/aheart-d4-c-independent/dnd-splitter-QG2-中文-DnD-fi-e9a74-ragging-without-handleProps-mobile-webkit/trace.zip

    ────────────────────────────────────────────────────────────────────────────────────────────────


  57) [desktop-webkit] › e2e/dnd-splitter.spec.ts:860:7 › QG2 中文 Splitter fixture › cleans global drag state when navigating between Splitter and DnD 

    Error: page.goto: Could not connect to the server.
    Call log:
      - navigating to "http://127.0.0.1:5213/components/splitter", waiting until "domcontentloaded"


      597 |   test.beforeEach(async ({ page }) => {
      598 |     collectRuntimeErrors(page)
    > 599 |     await page.goto('/components/splitter', { waitUntil: 'domcontentloaded' })
          |                ^
      600 |   })
      601 |
      602 |   test.afterEach(async ({ page }) => {
        at /Users/start/.codex/worktrees/091b/aheart-ui/e2e/dnd-splitter.spec.ts:599:16

    Error: expect(received).toEqual(expected) // deep equality

    - Expected  - 1
    + Received  + 3

    - Array []
    + Array [
    +   "error: Failed to load resource: Could not connect to the server.",
    + ]

      16 | }
      17 |
    > 18 | const expectNoRuntimeErrors = (page: Page) => expect(runtimeErrors.get(page) ?? []).toEqual([])
         |                                                                                     ^
      19 |
      20 | const clickAdvancedSidebarLink = async (page: Page, name: 'DnD 拖拽' | 'Splitter 分割面板', href: string) => {
      21 |   const sidebar = page.locator('.VPSidebar')
        at expectNoRuntimeErrors (/Users/start/.codex/worktrees/091b/aheart-ui/e2e/dnd-splitter.spec.ts:18:85)
        at /Users/start/.codex/worktrees/091b/aheart-ui/e2e/dnd-splitter.spec.ts:603:5

    attachment #1: screenshot (image/png) ──────────────────────────────────────────────────────────
    ../../../../../../tmp/aheart-d4-c-independent/dnd-splitter-QG2-中文-Splitt-f3cfb-ng-between-Splitter-and-DnD-desktop-webkit/test-failed-1.png
    ────────────────────────────────────────────────────────────────────────────────────────────────

    attachment #2: video (video/webm) ──────────────────────────────────────────────────────────────
    ../../../../../../tmp/aheart-d4-c-independent/dnd-splitter-QG2-中文-Splitt-f3cfb-ng-between-Splitter-and-DnD-desktop-webkit/video.webm
    ────────────────────────────────────────────────────────────────────────────────────────────────

    Error Context: ../../../../../../tmp/aheart-d4-c-independent/dnd-splitter-QG2-中文-Splitt-f3cfb-ng-between-Splitter-and-DnD-desktop-webkit/error-context.md

    attachment #4: trace (application/zip) ─────────────────────────────────────────────────────────
    ../../../../../../tmp/aheart-d4-c-independent/dnd-splitter-QG2-中文-Splitt-f3cfb-ng-between-Splitter-and-DnD-desktop-webkit/trace.zip
    Usage:

        pnpm exec playwright show-trace ../../../../../../tmp/aheart-d4-c-independent/dnd-splitter-QG2-中文-Splitt-f3cfb-ng-between-Splitter-and-DnD-desktop-webkit/trace.zip

    ────────────────────────────────────────────────────────────────────────────────────────────────



(node:44476) Warning: The 'NO_COLOR' env is ignored due to the 'FORCE_COLOR' env being set.
(Use `node --trace-warnings ...` to show where the warning was created)

[540/571] [mobile-webkit] › e2e/dnd-splitter.spec.ts:202:7 › QG2 中文 DnD fixture › reorders from a trusted Chromium touch sequence on the handle

(node:44478) Warning: The 'NO_COLOR' env is ignored due to the 'FORCE_COLOR' env being set.
(Use `node --trace-warnings ...` to show where the warning was created)

[541/571] [desktop-webkit] › e2e/dnd-splitter.spec.ts:898:7 › QG2 中文 Splitter fixture › navigates between DnD and Splitter through the real sidebar without runtime errors
  58) [mobile-webkit] › e2e/dnd-splitter.spec.ts:202:7 › QG2 中文 DnD fixture › reorders from a trusted Chromium touch sequence on the handle 

    Error: page.goto: Could not connect to the server.
    Call log:
      - navigating to "http://127.0.0.1:5213/components/dnd", waiting until "domcontentloaded"


      124 |   test.beforeEach(async ({ page }) => {
      125 |     collectRuntimeErrors(page)
    > 126 |     await page.goto('/components/dnd', { waitUntil: 'domcontentloaded' })
          |                ^
      127 |   })
      128 |
      129 |   test.afterEach(async ({ page }) => {
        at /Users/start/.codex/worktrees/091b/aheart-ui/e2e/dnd-splitter.spec.ts:126:16

    Error: expect(received).toEqual(expected) // deep equality

    - Expected  - 1
    + Received  + 3

    - Array []
    + Array [
    +   "error: Failed to load resource: Could not connect to the server.",
    + ]

      16 | }
      17 |
    > 18 | const expectNoRuntimeErrors = (page: Page) => expect(runtimeErrors.get(page) ?? []).toEqual([])
         |                                                                                     ^
      19 |
      20 | const clickAdvancedSidebarLink = async (page: Page, name: 'DnD 拖拽' | 'Splitter 分割面板', href: string) => {
      21 |   const sidebar = page.locator('.VPSidebar')
        at expectNoRuntimeErrors (/Users/start/.codex/worktrees/091b/aheart-ui/e2e/dnd-splitter.spec.ts:18:85)
        at /Users/start/.codex/worktrees/091b/aheart-ui/e2e/dnd-splitter.spec.ts:130:5

    attachment #1: screenshot (image/png) ──────────────────────────────────────────────────────────
    ../../../../../../tmp/aheart-d4-c-independent/dnd-splitter-QG2-中文-DnD-fi-db0fa-ouch-sequence-on-the-handle-mobile-webkit/test-failed-1.png
    ────────────────────────────────────────────────────────────────────────────────────────────────

    attachment #2: video (video/webm) ──────────────────────────────────────────────────────────────
    ../../../../../../tmp/aheart-d4-c-independent/dnd-splitter-QG2-中文-DnD-fi-db0fa-ouch-sequence-on-the-handle-mobile-webkit/video.webm
    ────────────────────────────────────────────────────────────────────────────────────────────────

    Error Context: ../../../../../../tmp/aheart-d4-c-independent/dnd-splitter-QG2-中文-DnD-fi-db0fa-ouch-sequence-on-the-handle-mobile-webkit/error-context.md

    attachment #4: trace (application/zip) ─────────────────────────────────────────────────────────
    ../../../../../../tmp/aheart-d4-c-independent/dnd-splitter-QG2-中文-DnD-fi-db0fa-ouch-sequence-on-the-handle-mobile-webkit/trace.zip
    Usage:

        pnpm exec playwright show-trace ../../../../../../tmp/aheart-d4-c-independent/dnd-splitter-QG2-中文-DnD-fi-db0fa-ouch-sequence-on-the-handle-mobile-webkit/trace.zip

    ────────────────────────────────────────────────────────────────────────────────────────────────


  59) [desktop-webkit] › e2e/dnd-splitter.spec.ts:898:7 › QG2 中文 Splitter fixture › navigates between DnD and Splitter through the real sidebar without runtime errors 

    Error: page.goto: Could not connect to the server.
    Call log:
      - navigating to "http://127.0.0.1:5213/components/splitter", waiting until "domcontentloaded"


      597 |   test.beforeEach(async ({ page }) => {
      598 |     collectRuntimeErrors(page)
    > 599 |     await page.goto('/components/splitter', { waitUntil: 'domcontentloaded' })
          |                ^
      600 |   })
      601 |
      602 |   test.afterEach(async ({ page }) => {
        at /Users/start/.codex/worktrees/091b/aheart-ui/e2e/dnd-splitter.spec.ts:599:16

    Error: expect(received).toEqual(expected) // deep equality

    - Expected  - 1
    + Received  + 3

    - Array []
    + Array [
    +   "error: Failed to load resource: Could not connect to the server.",
    + ]

      16 | }
      17 |
    > 18 | const expectNoRuntimeErrors = (page: Page) => expect(runtimeErrors.get(page) ?? []).toEqual([])
         |                                                                                     ^
      19 |
      20 | const clickAdvancedSidebarLink = async (page: Page, name: 'DnD 拖拽' | 'Splitter 分割面板', href: string) => {
      21 |   const sidebar = page.locator('.VPSidebar')
        at expectNoRuntimeErrors (/Users/start/.codex/worktrees/091b/aheart-ui/e2e/dnd-splitter.spec.ts:18:85)
        at /Users/start/.codex/worktrees/091b/aheart-ui/e2e/dnd-splitter.spec.ts:603:5

    attachment #1: screenshot (image/png) ──────────────────────────────────────────────────────────
    ../../../../../../tmp/aheart-d4-c-independent/dnd-splitter-QG2-中文-Splitt-14917-ebar-without-runtime-errors-desktop-webkit/test-failed-1.png
    ────────────────────────────────────────────────────────────────────────────────────────────────

    attachment #2: video (video/webm) ──────────────────────────────────────────────────────────────
    ../../../../../../tmp/aheart-d4-c-independent/dnd-splitter-QG2-中文-Splitt-14917-ebar-without-runtime-errors-desktop-webkit/video.webm
    ────────────────────────────────────────────────────────────────────────────────────────────────

    Error Context: ../../../../../../tmp/aheart-d4-c-independent/dnd-splitter-QG2-中文-Splitt-14917-ebar-without-runtime-errors-desktop-webkit/error-context.md

    attachment #4: trace (application/zip) ─────────────────────────────────────────────────────────
    ../../../../../../tmp/aheart-d4-c-independent/dnd-splitter-QG2-中文-Splitt-14917-ebar-without-runtime-errors-desktop-webkit/trace.zip
    Usage:

        pnpm exec playwright show-trace ../../../../../../tmp/aheart-d4-c-independent/dnd-splitter-QG2-中文-Splitt-14917-ebar-without-runtime-errors-desktop-webkit/trace.zip

    ────────────────────────────────────────────────────────────────────────────────────────────────



(node:44503) Warning: The 'NO_COLOR' env is ignored due to the 'FORCE_COLOR' env being set.
(Use `node --trace-warnings ...` to show where the warning was created)

[542/571] [mobile-webkit] › e2e/dnd-splitter.spec.ts:238:7 › QG2 中文 DnD fixture › naturally scrolls from trusted Chromium touch input on item content without sorting

(node:44506) Warning: The 'NO_COLOR' env is ignored due to the 'FORCE_COLOR' env being set.
(Use `node --trace-warnings ...` to show where the warning was created)

[543/571] [desktop-webkit] › e2e/dnd-splitter.spec.ts:920:7 › QG2 中文 Splitter fixture › updates from external InputNumber and keeps a visible iframe in the splitter
  60) [mobile-webkit] › e2e/dnd-splitter.spec.ts:238:7 › QG2 中文 DnD fixture › naturally scrolls from trusted Chromium touch input on item content without sorting 

    Error: page.goto: Could not connect to the server.
    Call log:
      - navigating to "http://127.0.0.1:5213/components/dnd", waiting until "domcontentloaded"


      124 |   test.beforeEach(async ({ page }) => {
      125 |     collectRuntimeErrors(page)
    > 126 |     await page.goto('/components/dnd', { waitUntil: 'domcontentloaded' })
          |                ^
      127 |   })
      128 |
      129 |   test.afterEach(async ({ page }) => {
        at /Users/start/.codex/worktrees/091b/aheart-ui/e2e/dnd-splitter.spec.ts:126:16

    Error: expect(received).toEqual(expected) // deep equality

    - Expected  - 1
    + Received  + 3

    - Array []
    + Array [
    +   "error: Failed to load resource: Could not connect to the server.",
    + ]

      16 | }
      17 |
    > 18 | const expectNoRuntimeErrors = (page: Page) => expect(runtimeErrors.get(page) ?? []).toEqual([])
         |                                                                                     ^
      19 |
      20 | const clickAdvancedSidebarLink = async (page: Page, name: 'DnD 拖拽' | 'Splitter 分割面板', href: string) => {
      21 |   const sidebar = page.locator('.VPSidebar')
        at expectNoRuntimeErrors (/Users/start/.codex/worktrees/091b/aheart-ui/e2e/dnd-splitter.spec.ts:18:85)
        at /Users/start/.codex/worktrees/091b/aheart-ui/e2e/dnd-splitter.spec.ts:130:5

    attachment #1: screenshot (image/png) ──────────────────────────────────────────────────────────
    ../../../../../../tmp/aheart-d4-c-independent/dnd-splitter-QG2-中文-DnD-fi-e993f-tem-content-without-sorting-mobile-webkit/test-failed-1.png
    ────────────────────────────────────────────────────────────────────────────────────────────────

    attachment #2: video (video/webm) ──────────────────────────────────────────────────────────────
    ../../../../../../tmp/aheart-d4-c-independent/dnd-splitter-QG2-中文-DnD-fi-e993f-tem-content-without-sorting-mobile-webkit/video.webm
    ────────────────────────────────────────────────────────────────────────────────────────────────

    Error Context: ../../../../../../tmp/aheart-d4-c-independent/dnd-splitter-QG2-中文-DnD-fi-e993f-tem-content-without-sorting-mobile-webkit/error-context.md

    attachment #4: trace (application/zip) ─────────────────────────────────────────────────────────
    ../../../../../../tmp/aheart-d4-c-independent/dnd-splitter-QG2-中文-DnD-fi-e993f-tem-content-without-sorting-mobile-webkit/trace.zip
    Usage:

        pnpm exec playwright show-trace ../../../../../../tmp/aheart-d4-c-independent/dnd-splitter-QG2-中文-DnD-fi-e993f-tem-content-without-sorting-mobile-webkit/trace.zip

    ────────────────────────────────────────────────────────────────────────────────────────────────


  61) [desktop-webkit] › e2e/dnd-splitter.spec.ts:920:7 › QG2 中文 Splitter fixture › updates from external InputNumber and keeps a visible iframe in the splitter 

    Error: page.goto: Could not connect to the server.
    Call log:
      - navigating to "http://127.0.0.1:5213/components/splitter", waiting until "domcontentloaded"


      597 |   test.beforeEach(async ({ page }) => {
      598 |     collectRuntimeErrors(page)
    > 599 |     await page.goto('/components/splitter', { waitUntil: 'domcontentloaded' })
          |                ^
      600 |   })
      601 |
      602 |   test.afterEach(async ({ page }) => {
        at /Users/start/.codex/worktrees/091b/aheart-ui/e2e/dnd-splitter.spec.ts:599:16

    Error: expect(received).toEqual(expected) // deep equality

    - Expected  - 1
    + Received  + 3

    - Array []
    + Array [
    +   "error: Failed to load resource: Could not connect to the server.",
    + ]

      16 | }
      17 |
    > 18 | const expectNoRuntimeErrors = (page: Page) => expect(runtimeErrors.get(page) ?? []).toEqual([])
         |                                                                                     ^
      19 |
      20 | const clickAdvancedSidebarLink = async (page: Page, name: 'DnD 拖拽' | 'Splitter 分割面板', href: string) => {
      21 |   const sidebar = page.locator('.VPSidebar')
        at expectNoRuntimeErrors (/Users/start/.codex/worktrees/091b/aheart-ui/e2e/dnd-splitter.spec.ts:18:85)
        at /Users/start/.codex/worktrees/091b/aheart-ui/e2e/dnd-splitter.spec.ts:603:5

    attachment #1: screenshot (image/png) ──────────────────────────────────────────────────────────
    ../../../../../../tmp/aheart-d4-c-independent/dnd-splitter-QG2-中文-Splitt-a24b3-ible-iframe-in-the-splitter-desktop-webkit/test-failed-1.png
    ────────────────────────────────────────────────────────────────────────────────────────────────

    attachment #2: video (video/webm) ──────────────────────────────────────────────────────────────
    ../../../../../../tmp/aheart-d4-c-independent/dnd-splitter-QG2-中文-Splitt-a24b3-ible-iframe-in-the-splitter-desktop-webkit/video.webm
    ────────────────────────────────────────────────────────────────────────────────────────────────

    Error Context: ../../../../../../tmp/aheart-d4-c-independent/dnd-splitter-QG2-中文-Splitt-a24b3-ible-iframe-in-the-splitter-desktop-webkit/error-context.md

    attachment #4: trace (application/zip) ─────────────────────────────────────────────────────────
    ../../../../../../tmp/aheart-d4-c-independent/dnd-splitter-QG2-中文-Splitt-a24b3-ible-iframe-in-the-splitter-desktop-webkit/trace.zip
    Usage:

        pnpm exec playwright show-trace ../../../../../../tmp/aheart-d4-c-independent/dnd-splitter-QG2-中文-Splitt-a24b3-ible-iframe-in-the-splitter-desktop-webkit/trace.zip

    ────────────────────────────────────────────────────────────────────────────────────────────────



(node:44530) Warning: The 'NO_COLOR' env is ignored due to the 'FORCE_COLOR' env being set.
(Use `node --trace-warnings ...` to show where the warning was created)

[544/571] [mobile-webkit] › e2e/dnd-splitter.spec.ts:268:7 › QG2 中文 DnD fixture › runs the touch handle state machine with scripted PointerEvents in mobile WebKit

(node:44533) Warning: The 'NO_COLOR' env is ignored due to the 'FORCE_COLOR' env being set.
(Use `node --trace-warnings ...` to show where the warning was created)

[545/571] [desktop-webkit] › e2e/dnd-splitter.spec.ts:930:7 › QG2 中文 Splitter fixture › clamps mobile external sizes to the measured splitter container
  62) [mobile-webkit] › e2e/dnd-splitter.spec.ts:268:7 › QG2 中文 DnD fixture › runs the touch handle state machine with scripted PointerEvents in mobile WebKit 

    Error: page.goto: Could not connect to the server.
    Call log:
      - navigating to "http://127.0.0.1:5213/components/dnd", waiting until "domcontentloaded"


      124 |   test.beforeEach(async ({ page }) => {
      125 |     collectRuntimeErrors(page)
    > 126 |     await page.goto('/components/dnd', { waitUntil: 'domcontentloaded' })
          |                ^
      127 |   })
      128 |
      129 |   test.afterEach(async ({ page }) => {
        at /Users/start/.codex/worktrees/091b/aheart-ui/e2e/dnd-splitter.spec.ts:126:16

    Error: expect(received).toEqual(expected) // deep equality

    - Expected  - 1
    + Received  + 3

    - Array []
    + Array [
    +   "error: Failed to load resource: Could not connect to the server.",
    + ]

      16 | }
      17 |
    > 18 | const expectNoRuntimeErrors = (page: Page) => expect(runtimeErrors.get(page) ?? []).toEqual([])
         |                                                                                     ^
      19 |
      20 | const clickAdvancedSidebarLink = async (page: Page, name: 'DnD 拖拽' | 'Splitter 分割面板', href: string) => {
      21 |   const sidebar = page.locator('.VPSidebar')
        at expectNoRuntimeErrors (/Users/start/.codex/worktrees/091b/aheart-ui/e2e/dnd-splitter.spec.ts:18:85)
        at /Users/start/.codex/worktrees/091b/aheart-ui/e2e/dnd-splitter.spec.ts:130:5

    attachment #1: screenshot (image/png) ──────────────────────────────────────────────────────────
    ../../../../../../tmp/aheart-d4-c-independent/dnd-splitter-QG2-中文-DnD-fi-47d82-nterEvents-in-mobile-WebKit-mobile-webkit/test-failed-1.png
    ────────────────────────────────────────────────────────────────────────────────────────────────

    attachment #2: video (video/webm) ──────────────────────────────────────────────────────────────
    ../../../../../../tmp/aheart-d4-c-independent/dnd-splitter-QG2-中文-DnD-fi-47d82-nterEvents-in-mobile-WebKit-mobile-webkit/video.webm
    ────────────────────────────────────────────────────────────────────────────────────────────────

    Error Context: ../../../../../../tmp/aheart-d4-c-independent/dnd-splitter-QG2-中文-DnD-fi-47d82-nterEvents-in-mobile-WebKit-mobile-webkit/error-context.md

    attachment #4: trace (application/zip) ─────────────────────────────────────────────────────────
    ../../../../../../tmp/aheart-d4-c-independent/dnd-splitter-QG2-中文-DnD-fi-47d82-nterEvents-in-mobile-WebKit-mobile-webkit/trace.zip
    Usage:

        pnpm exec playwright show-trace ../../../../../../tmp/aheart-d4-c-independent/dnd-splitter-QG2-中文-DnD-fi-47d82-nterEvents-in-mobile-WebKit-mobile-webkit/trace.zip

    ────────────────────────────────────────────────────────────────────────────────────────────────


  63) [desktop-webkit] › e2e/dnd-splitter.spec.ts:930:7 › QG2 中文 Splitter fixture › clamps mobile external sizes to the measured splitter container 

    Error: page.goto: Could not connect to the server.
    Call log:
      - navigating to "http://127.0.0.1:5213/components/splitter", waiting until "domcontentloaded"


      597 |   test.beforeEach(async ({ page }) => {
      598 |     collectRuntimeErrors(page)
    > 599 |     await page.goto('/components/splitter', { waitUntil: 'domcontentloaded' })
          |                ^
      600 |   })
      601 |
      602 |   test.afterEach(async ({ page }) => {
        at /Users/start/.codex/worktrees/091b/aheart-ui/e2e/dnd-splitter.spec.ts:599:16

    Error: expect(received).toEqual(expected) // deep equality

    - Expected  - 1
    + Received  + 3

    - Array []
    + Array [
    +   "error: Failed to load resource: Could not connect to the server.",
    + ]

      16 | }
      17 |
    > 18 | const expectNoRuntimeErrors = (page: Page) => expect(runtimeErrors.get(page) ?? []).toEqual([])
         |                                                                                     ^
      19 |
      20 | const clickAdvancedSidebarLink = async (page: Page, name: 'DnD 拖拽' | 'Splitter 分割面板', href: string) => {
      21 |   const sidebar = page.locator('.VPSidebar')
        at expectNoRuntimeErrors (/Users/start/.codex/worktrees/091b/aheart-ui/e2e/dnd-splitter.spec.ts:18:85)
        at /Users/start/.codex/worktrees/091b/aheart-ui/e2e/dnd-splitter.spec.ts:603:5

    attachment #1: screenshot (image/png) ──────────────────────────────────────────────────────────
    ../../../../../../tmp/aheart-d4-c-independent/dnd-splitter-QG2-中文-Splitt-1d9ee-measured-splitter-container-desktop-webkit/test-failed-1.png
    ────────────────────────────────────────────────────────────────────────────────────────────────

    attachment #2: video (video/webm) ──────────────────────────────────────────────────────────────
    ../../../../../../tmp/aheart-d4-c-independent/dnd-splitter-QG2-中文-Splitt-1d9ee-measured-splitter-container-desktop-webkit/video.webm
    ────────────────────────────────────────────────────────────────────────────────────────────────

    Error Context: ../../../../../../tmp/aheart-d4-c-independent/dnd-splitter-QG2-中文-Splitt-1d9ee-measured-splitter-container-desktop-webkit/error-context.md

    attachment #4: trace (application/zip) ─────────────────────────────────────────────────────────
    ../../../../../../tmp/aheart-d4-c-independent/dnd-splitter-QG2-中文-Splitt-1d9ee-measured-splitter-container-desktop-webkit/trace.zip
    Usage:

        pnpm exec playwright show-trace ../../../../../../tmp/aheart-d4-c-independent/dnd-splitter-QG2-中文-Splitt-1d9ee-measured-splitter-container-desktop-webkit/trace.zip

    ────────────────────────────────────────────────────────────────────────────────────────────────



(node:44560) Warning: The 'NO_COLOR' env is ignored due to the 'FORCE_COLOR' env being set.
(Use `node --trace-warnings ...` to show where the warning was created)

[546/571] [mobile-webkit] › e2e/dnd-splitter.spec.ts:301:7 › QG2 中文 DnD fixture › moves across lists and accepts an empty destination with a real pointer drag

(node:44562) Warning: The 'NO_COLOR' env is ignored due to the 'FORCE_COLOR' env being set.
(Use `node --trace-warnings ...` to show where the warning was created)

[547/571] [desktop-webkit] › e2e/dnd-splitter.spec.ts:963:7 › QG2 中文 Splitter fixture › renders the panel API table and keeps mobile controlled sizes inside the fixture
  64) [mobile-webkit] › e2e/dnd-splitter.spec.ts:301:7 › QG2 中文 DnD fixture › moves across lists and accepts an empty destination with a real pointer drag 

    Error: page.goto: Could not connect to the server.
    Call log:
      - navigating to "http://127.0.0.1:5213/components/dnd", waiting until "domcontentloaded"


      124 |   test.beforeEach(async ({ page }) => {
      125 |     collectRuntimeErrors(page)
    > 126 |     await page.goto('/components/dnd', { waitUntil: 'domcontentloaded' })
          |                ^
      127 |   })
      128 |
      129 |   test.afterEach(async ({ page }) => {
        at /Users/start/.codex/worktrees/091b/aheart-ui/e2e/dnd-splitter.spec.ts:126:16

    Error: expect(received).toEqual(expected) // deep equality

    - Expected  - 1
    + Received  + 3

    - Array []
    + Array [
    +   "error: Failed to load resource: Could not connect to the server.",
    + ]

      16 | }
      17 |
    > 18 | const expectNoRuntimeErrors = (page: Page) => expect(runtimeErrors.get(page) ?? []).toEqual([])
         |                                                                                     ^
      19 |
      20 | const clickAdvancedSidebarLink = async (page: Page, name: 'DnD 拖拽' | 'Splitter 分割面板', href: string) => {
      21 |   const sidebar = page.locator('.VPSidebar')
        at expectNoRuntimeErrors (/Users/start/.codex/worktrees/091b/aheart-ui/e2e/dnd-splitter.spec.ts:18:85)
        at /Users/start/.codex/worktrees/091b/aheart-ui/e2e/dnd-splitter.spec.ts:130:5

    attachment #1: screenshot (image/png) ──────────────────────────────────────────────────────────
    ../../../../../../tmp/aheart-d4-c-independent/dnd-splitter-QG2-中文-DnD-fi-cb9bc-on-with-a-real-pointer-drag-mobile-webkit/test-failed-1.png
    ────────────────────────────────────────────────────────────────────────────────────────────────

    attachment #2: video (video/webm) ──────────────────────────────────────────────────────────────
    ../../../../../../tmp/aheart-d4-c-independent/dnd-splitter-QG2-中文-DnD-fi-cb9bc-on-with-a-real-pointer-drag-mobile-webkit/video.webm
    ────────────────────────────────────────────────────────────────────────────────────────────────

    Error Context: ../../../../../../tmp/aheart-d4-c-independent/dnd-splitter-QG2-中文-DnD-fi-cb9bc-on-with-a-real-pointer-drag-mobile-webkit/error-context.md

    attachment #4: trace (application/zip) ─────────────────────────────────────────────────────────
    ../../../../../../tmp/aheart-d4-c-independent/dnd-splitter-QG2-中文-DnD-fi-cb9bc-on-with-a-real-pointer-drag-mobile-webkit/trace.zip
    Usage:

        pnpm exec playwright show-trace ../../../../../../tmp/aheart-d4-c-independent/dnd-splitter-QG2-中文-DnD-fi-cb9bc-on-with-a-real-pointer-drag-mobile-webkit/trace.zip

    ────────────────────────────────────────────────────────────────────────────────────────────────


  65) [desktop-webkit] › e2e/dnd-splitter.spec.ts:963:7 › QG2 中文 Splitter fixture › renders the panel API table and keeps mobile controlled sizes inside the fixture 

    Error: page.goto: Could not connect to the server.
    Call log:
      - navigating to "http://127.0.0.1:5213/components/splitter", waiting until "domcontentloaded"


      597 |   test.beforeEach(async ({ page }) => {
      598 |     collectRuntimeErrors(page)
    > 599 |     await page.goto('/components/splitter', { waitUntil: 'domcontentloaded' })
          |                ^
      600 |   })
      601 |
      602 |   test.afterEach(async ({ page }) => {
        at /Users/start/.codex/worktrees/091b/aheart-ui/e2e/dnd-splitter.spec.ts:599:16

    Error: expect(received).toEqual(expected) // deep equality

    - Expected  - 1
    + Received  + 3

    - Array []
    + Array [
    +   "error: Failed to load resource: Could not connect to the server.",
    + ]

      16 | }
      17 |
    > 18 | const expectNoRuntimeErrors = (page: Page) => expect(runtimeErrors.get(page) ?? []).toEqual([])
         |                                                                                     ^
      19 |
      20 | const clickAdvancedSidebarLink = async (page: Page, name: 'DnD 拖拽' | 'Splitter 分割面板', href: string) => {
      21 |   const sidebar = page.locator('.VPSidebar')
        at expectNoRuntimeErrors (/Users/start/.codex/worktrees/091b/aheart-ui/e2e/dnd-splitter.spec.ts:18:85)
        at /Users/start/.codex/worktrees/091b/aheart-ui/e2e/dnd-splitter.spec.ts:603:5

    attachment #1: screenshot (image/png) ──────────────────────────────────────────────────────────
    ../../../../../../tmp/aheart-d4-c-independent/dnd-splitter-QG2-中文-Splitt-b3eb0-ed-sizes-inside-the-fixture-desktop-webkit/test-failed-1.png
    ────────────────────────────────────────────────────────────────────────────────────────────────

    attachment #2: video (video/webm) ──────────────────────────────────────────────────────────────
    ../../../../../../tmp/aheart-d4-c-independent/dnd-splitter-QG2-中文-Splitt-b3eb0-ed-sizes-inside-the-fixture-desktop-webkit/video.webm
    ────────────────────────────────────────────────────────────────────────────────────────────────

    Error Context: ../../../../../../tmp/aheart-d4-c-independent/dnd-splitter-QG2-中文-Splitt-b3eb0-ed-sizes-inside-the-fixture-desktop-webkit/error-context.md

    attachment #4: trace (application/zip) ─────────────────────────────────────────────────────────
    ../../../../../../tmp/aheart-d4-c-independent/dnd-splitter-QG2-中文-Splitt-b3eb0-ed-sizes-inside-the-fixture-desktop-webkit/trace.zip
    Usage:

        pnpm exec playwright show-trace ../../../../../../tmp/aheart-d4-c-independent/dnd-splitter-QG2-中文-Splitt-b3eb0-ed-sizes-inside-the-fixture-desktop-webkit/trace.zip

    ────────────────────────────────────────────────────────────────────────────────────────────────



(node:44586) Warning: The 'NO_COLOR' env is ignored due to the 'FORCE_COLOR' env being set.
(Use `node --trace-warnings ...` to show where the warning was created)

[548/571] [mobile-webkit] › e2e/dnd-splitter.spec.ts:323:7 › QG2 中文 DnD fixture › moves a trusted Chromium touch handle across a non-empty list and then into an empty list exactly once per list

(node:44588) Warning: The 'NO_COLOR' env is ignored due to the 'FORCE_COLOR' env being set.
(Use `node --trace-warnings ...` to show where the warning was created)

[549/571] [desktop-webkit] › e2e/dnd-splitter.spec.ts:973:7 › QG2 中文 Splitter fixture › cleans up and remounts the splitter demos
  66) [mobile-webkit] › e2e/dnd-splitter.spec.ts:323:7 › QG2 中文 DnD fixture › moves a trusted Chromium touch handle across a non-empty list and then into an empty list exactly once per list 

    Error: page.goto: Could not connect to the server.
    Call log:
      - navigating to "http://127.0.0.1:5213/components/dnd", waiting until "domcontentloaded"


      124 |   test.beforeEach(async ({ page }) => {
      125 |     collectRuntimeErrors(page)
    > 126 |     await page.goto('/components/dnd', { waitUntil: 'domcontentloaded' })
          |                ^
      127 |   })
      128 |
      129 |   test.afterEach(async ({ page }) => {
        at /Users/start/.codex/worktrees/091b/aheart-ui/e2e/dnd-splitter.spec.ts:126:16

    Error: expect(received).toEqual(expected) // deep equality

    - Expected  - 1
    + Received  + 3

    - Array []
    + Array [
    +   "error: Failed to load resource: Could not connect to the server.",
    + ]

      16 | }
      17 |
    > 18 | const expectNoRuntimeErrors = (page: Page) => expect(runtimeErrors.get(page) ?? []).toEqual([])
         |                                                                                     ^
      19 |
      20 | const clickAdvancedSidebarLink = async (page: Page, name: 'DnD 拖拽' | 'Splitter 分割面板', href: string) => {
      21 |   const sidebar = page.locator('.VPSidebar')
        at expectNoRuntimeErrors (/Users/start/.codex/worktrees/091b/aheart-ui/e2e/dnd-splitter.spec.ts:18:85)
        at /Users/start/.codex/worktrees/091b/aheart-ui/e2e/dnd-splitter.spec.ts:130:5

    attachment #1: screenshot (image/png) ──────────────────────────────────────────────────────────
    ../../../../../../tmp/aheart-d4-c-independent/dnd-splitter-QG2-中文-DnD-fi-590bf--list-exactly-once-per-list-mobile-webkit/test-failed-1.png
    ────────────────────────────────────────────────────────────────────────────────────────────────

    attachment #2: video (video/webm) ──────────────────────────────────────────────────────────────
    ../../../../../../tmp/aheart-d4-c-independent/dnd-splitter-QG2-中文-DnD-fi-590bf--list-exactly-once-per-list-mobile-webkit/video.webm
    ────────────────────────────────────────────────────────────────────────────────────────────────

    Error Context: ../../../../../../tmp/aheart-d4-c-independent/dnd-splitter-QG2-中文-DnD-fi-590bf--list-exactly-once-per-list-mobile-webkit/error-context.md

    attachment #4: trace (application/zip) ─────────────────────────────────────────────────────────
    ../../../../../../tmp/aheart-d4-c-independent/dnd-splitter-QG2-中文-DnD-fi-590bf--list-exactly-once-per-list-mobile-webkit/trace.zip
    Usage:

        pnpm exec playwright show-trace ../../../../../../tmp/aheart-d4-c-independent/dnd-splitter-QG2-中文-DnD-fi-590bf--list-exactly-once-per-list-mobile-webkit/trace.zip

    ────────────────────────────────────────────────────────────────────────────────────────────────


  67) [desktop-webkit] › e2e/dnd-splitter.spec.ts:973:7 › QG2 中文 Splitter fixture › cleans up and remounts the splitter demos 

    Error: page.goto: Could not connect to the server.
    Call log:
      - navigating to "http://127.0.0.1:5213/components/splitter", waiting until "domcontentloaded"


      597 |   test.beforeEach(async ({ page }) => {
      598 |     collectRuntimeErrors(page)
    > 599 |     await page.goto('/components/splitter', { waitUntil: 'domcontentloaded' })
          |                ^
      600 |   })
      601 |
      602 |   test.afterEach(async ({ page }) => {
        at /Users/start/.codex/worktrees/091b/aheart-ui/e2e/dnd-splitter.spec.ts:599:16

    Error: expect(received).toEqual(expected) // deep equality

    - Expected  - 1
    + Received  + 3

    - Array []
    + Array [
    +   "error: Failed to load resource: Could not connect to the server.",
    + ]

      16 | }
      17 |
    > 18 | const expectNoRuntimeErrors = (page: Page) => expect(runtimeErrors.get(page) ?? []).toEqual([])
         |                                                                                     ^
      19 |
      20 | const clickAdvancedSidebarLink = async (page: Page, name: 'DnD 拖拽' | 'Splitter 分割面板', href: string) => {
      21 |   const sidebar = page.locator('.VPSidebar')
        at expectNoRuntimeErrors (/Users/start/.codex/worktrees/091b/aheart-ui/e2e/dnd-splitter.spec.ts:18:85)
        at /Users/start/.codex/worktrees/091b/aheart-ui/e2e/dnd-splitter.spec.ts:603:5

    attachment #1: screenshot (image/png) ──────────────────────────────────────────────────────────
    ../../../../../../tmp/aheart-d4-c-independent/dnd-splitter-QG2-中文-Splitt-5e32a-remounts-the-splitter-demos-desktop-webkit/test-failed-1.png
    ────────────────────────────────────────────────────────────────────────────────────────────────

    attachment #2: video (video/webm) ──────────────────────────────────────────────────────────────
    ../../../../../../tmp/aheart-d4-c-independent/dnd-splitter-QG2-中文-Splitt-5e32a-remounts-the-splitter-demos-desktop-webkit/video.webm
    ────────────────────────────────────────────────────────────────────────────────────────────────

    Error Context: ../../../../../../tmp/aheart-d4-c-independent/dnd-splitter-QG2-中文-Splitt-5e32a-remounts-the-splitter-demos-desktop-webkit/error-context.md

    attachment #4: trace (application/zip) ─────────────────────────────────────────────────────────
    ../../../../../../tmp/aheart-d4-c-independent/dnd-splitter-QG2-中文-Splitt-5e32a-remounts-the-splitter-demos-desktop-webkit/trace.zip
    Usage:

        pnpm exec playwright show-trace ../../../../../../tmp/aheart-d4-c-independent/dnd-splitter-QG2-中文-Splitt-5e32a-remounts-the-splitter-demos-desktop-webkit/trace.zip

    ────────────────────────────────────────────────────────────────────────────────────────────────



(node:44612) Warning: The 'NO_COLOR' env is ignored due to the 'FORCE_COLOR' env being set.
(Use `node --trace-warnings ...` to show where the warning was created)

[550/571] [mobile-webkit] › e2e/dnd-splitter.spec.ts:364:7 › QG2 中文 DnD fixture › keeps disabled and rejected destinations unchanged

(node:44614) Warning: The 'NO_COLOR' env is ignored due to the 'FORCE_COLOR' env being set.
(Use `node --trace-warnings ...` to show where the warning was created)

[551/571] [mobile-webkit] › e2e/form-engine.spec.ts:3:5 › account form validates dependencies and recovers from server field errors
  68) [mobile-webkit] › e2e/dnd-splitter.spec.ts:364:7 › QG2 中文 DnD fixture › keeps disabled and rejected destinations unchanged 

    Error: page.goto: Could not connect to the server.
    Call log:
      - navigating to "http://127.0.0.1:5213/components/dnd", waiting until "domcontentloaded"


      124 |   test.beforeEach(async ({ page }) => {
      125 |     collectRuntimeErrors(page)
    > 126 |     await page.goto('/components/dnd', { waitUntil: 'domcontentloaded' })
          |                ^
      127 |   })
      128 |
      129 |   test.afterEach(async ({ page }) => {
        at /Users/start/.codex/worktrees/091b/aheart-ui/e2e/dnd-splitter.spec.ts:126:16

    Error: expect(received).toEqual(expected) // deep equality

    - Expected  - 1
    + Received  + 3

    - Array []
    + Array [
    +   "error: Failed to load resource: Could not connect to the server.",
    + ]

      16 | }
      17 |
    > 18 | const expectNoRuntimeErrors = (page: Page) => expect(runtimeErrors.get(page) ?? []).toEqual([])
         |                                                                                     ^
      19 |
      20 | const clickAdvancedSidebarLink = async (page: Page, name: 'DnD 拖拽' | 'Splitter 分割面板', href: string) => {
      21 |   const sidebar = page.locator('.VPSidebar')
        at expectNoRuntimeErrors (/Users/start/.codex/worktrees/091b/aheart-ui/e2e/dnd-splitter.spec.ts:18:85)
        at /Users/start/.codex/worktrees/091b/aheart-ui/e2e/dnd-splitter.spec.ts:130:5

    attachment #1: screenshot (image/png) ──────────────────────────────────────────────────────────
    ../../../../../../tmp/aheart-d4-c-independent/dnd-splitter-QG2-中文-DnD-fi-deb3c-cted-destinations-unchanged-mobile-webkit/test-failed-1.png
    ────────────────────────────────────────────────────────────────────────────────────────────────

    attachment #2: video (video/webm) ──────────────────────────────────────────────────────────────
    ../../../../../../tmp/aheart-d4-c-independent/dnd-splitter-QG2-中文-DnD-fi-deb3c-cted-destinations-unchanged-mobile-webkit/video.webm
    ────────────────────────────────────────────────────────────────────────────────────────────────

    Error Context: ../../../../../../tmp/aheart-d4-c-independent/dnd-splitter-QG2-中文-DnD-fi-deb3c-cted-destinations-unchanged-mobile-webkit/error-context.md

    attachment #4: trace (application/zip) ─────────────────────────────────────────────────────────
    ../../../../../../tmp/aheart-d4-c-independent/dnd-splitter-QG2-中文-DnD-fi-deb3c-cted-destinations-unchanged-mobile-webkit/trace.zip
    Usage:

        pnpm exec playwright show-trace ../../../../../../tmp/aheart-d4-c-independent/dnd-splitter-QG2-中文-DnD-fi-deb3c-cted-destinations-unchanged-mobile-webkit/trace.zip

    ────────────────────────────────────────────────────────────────────────────────────────────────


  69) [mobile-webkit] › e2e/form-engine.spec.ts:3:5 › account form validates dependencies and recovers from server field errors 

    Error: page.goto: Could not connect to the server.
    Call log:
      - navigating to "http://127.0.0.1:5213/components/form", waiting until "load"


      4 |   const errors: string[] = []
      5 |   page.on('pageerror', (error) => errors.push(error.message))
    > 6 |   await page.goto('/components/form')
        |              ^
      7 |   const form = page.getByRole('region', { name: '账户资料表单' })
      8 |   const email = form.getByRole('textbox', { name: '账户邮箱' })
      9 |   const password = form.locator('[data-name="password"] input')
        at /Users/start/.codex/worktrees/091b/aheart-ui/e2e/form-engine.spec.ts:6:14

    attachment #1: screenshot (image/png) ──────────────────────────────────────────────────────────
    ../../../../../../tmp/aheart-d4-c-independent/form-engine-account-form-v-2ae9b-rs-from-server-field-errors-mobile-webkit/test-failed-1.png
    ────────────────────────────────────────────────────────────────────────────────────────────────

    attachment #2: video (video/webm) ──────────────────────────────────────────────────────────────
    ../../../../../../tmp/aheart-d4-c-independent/form-engine-account-form-v-2ae9b-rs-from-server-field-errors-mobile-webkit/video.webm
    ────────────────────────────────────────────────────────────────────────────────────────────────

    Error Context: ../../../../../../tmp/aheart-d4-c-independent/form-engine-account-form-v-2ae9b-rs-from-server-field-errors-mobile-webkit/error-context.md

    attachment #4: trace (application/zip) ─────────────────────────────────────────────────────────
    ../../../../../../tmp/aheart-d4-c-independent/form-engine-account-form-v-2ae9b-rs-from-server-field-errors-mobile-webkit/trace.zip
    Usage:

        pnpm exec playwright show-trace ../../../../../../tmp/aheart-d4-c-independent/form-engine-account-form-v-2ae9b-rs-from-server-field-errors-mobile-webkit/trace.zip

    ────────────────────────────────────────────────────────────────────────────────────────────────



(node:44638) Warning: The 'NO_COLOR' env is ignored due to the 'FORCE_COLOR' env being set.
(Use `node --trace-warnings ...` to show where the warning was created)

[552/571] [mobile-webkit] › e2e/dnd-splitter.spec.ts:399:7 › QG2 中文 DnD fixture › rejects trusted Chromium touch moves to disabled and different-group lists without leaving drag UI behind
  70) [mobile-webkit] › e2e/dnd-splitter.spec.ts:399:7 › QG2 中文 DnD fixture › rejects trusted Chromium touch moves to disabled and different-group lists without leaving drag UI behind 

    Error: page.goto: Could not connect to the server.
    Call log:
      - navigating to "http://127.0.0.1:5213/components/dnd", waiting until "domcontentloaded"


      124 |   test.beforeEach(async ({ page }) => {
      125 |     collectRuntimeErrors(page)
    > 126 |     await page.goto('/components/dnd', { waitUntil: 'domcontentloaded' })
          |                ^
      127 |   })
      128 |
      129 |   test.afterEach(async ({ page }) => {
        at /Users/start/.codex/worktrees/091b/aheart-ui/e2e/dnd-splitter.spec.ts:126:16

    Error: expect(received).toEqual(expected) // deep equality

    - Expected  - 1
    + Received  + 3

    - Array []
    + Array [
    +   "error: Failed to load resource: Could not connect to the server.",
    + ]

      16 | }
      17 |
    > 18 | const expectNoRuntimeErrors = (page: Page) => expect(runtimeErrors.get(page) ?? []).toEqual([])
         |                                                                                     ^
      19 |
      20 | const clickAdvancedSidebarLink = async (page: Page, name: 'DnD 拖拽' | 'Splitter 分割面板', href: string) => {
      21 |   const sidebar = page.locator('.VPSidebar')
        at expectNoRuntimeErrors (/Users/start/.codex/worktrees/091b/aheart-ui/e2e/dnd-splitter.spec.ts:18:85)
        at /Users/start/.codex/worktrees/091b/aheart-ui/e2e/dnd-splitter.spec.ts:130:5

    attachment #1: screenshot (image/png) ──────────────────────────────────────────────────────────
    ../../../../../../tmp/aheart-d4-c-independent/dnd-splitter-QG2-中文-DnD-fi-2cd6c-hout-leaving-drag-UI-behind-mobile-webkit/test-failed-1.png
    ────────────────────────────────────────────────────────────────────────────────────────────────

    attachment #2: video (video/webm) ──────────────────────────────────────────────────────────────
    ../../../../../../tmp/aheart-d4-c-independent/dnd-splitter-QG2-中文-DnD-fi-2cd6c-hout-leaving-drag-UI-behind-mobile-webkit/video.webm
    ────────────────────────────────────────────────────────────────────────────────────────────────

    Error Context: ../../../../../../tmp/aheart-d4-c-independent/dnd-splitter-QG2-中文-DnD-fi-2cd6c-hout-leaving-drag-UI-behind-mobile-webkit/error-context.md

    attachment #4: trace (application/zip) ─────────────────────────────────────────────────────────
    ../../../../../../tmp/aheart-d4-c-independent/dnd-splitter-QG2-中文-DnD-fi-2cd6c-hout-leaving-drag-UI-behind-mobile-webkit/trace.zip
    Usage:

        pnpm exec playwright show-trace ../../../../../../tmp/aheart-d4-c-independent/dnd-splitter-QG2-中文-DnD-fi-2cd6c-hout-leaving-drag-UI-behind-mobile-webkit/trace.zip

    ────────────────────────────────────────────────────────────────────────────────────────────────



(node:44652) Warning: The 'NO_COLOR' env is ignored due to the 'FORCE_COLOR' env being set.
(Use `node --trace-warnings ...` to show where the warning was created)

[553/571] [mobile-webkit] › e2e/dnd-splitter.spec.ts:444:7 › QG2 中文 DnD fixture › keeps the mobile workbench readable and its states explicit
  71) [mobile-webkit] › e2e/dnd-splitter.spec.ts:444:7 › QG2 中文 DnD fixture › keeps the mobile workbench readable and its states explicit 

    Error: page.goto: Could not connect to the server.
    Call log:
      - navigating to "http://127.0.0.1:5213/components/dnd", waiting until "domcontentloaded"


      124 |   test.beforeEach(async ({ page }) => {
      125 |     collectRuntimeErrors(page)
    > 126 |     await page.goto('/components/dnd', { waitUntil: 'domcontentloaded' })
          |                ^
      127 |   })
      128 |
      129 |   test.afterEach(async ({ page }) => {
        at /Users/start/.codex/worktrees/091b/aheart-ui/e2e/dnd-splitter.spec.ts:126:16

    Error: expect(received).toEqual(expected) // deep equality

    - Expected  - 1
    + Received  + 3

    - Array []
    + Array [
    +   "error: Failed to load resource: Could not connect to the server.",
    + ]

      16 | }
      17 |
    > 18 | const expectNoRuntimeErrors = (page: Page) => expect(runtimeErrors.get(page) ?? []).toEqual([])
         |                                                                                     ^
      19 |
      20 | const clickAdvancedSidebarLink = async (page: Page, name: 'DnD 拖拽' | 'Splitter 分割面板', href: string) => {
      21 |   const sidebar = page.locator('.VPSidebar')
        at expectNoRuntimeErrors (/Users/start/.codex/worktrees/091b/aheart-ui/e2e/dnd-splitter.spec.ts:18:85)
        at /Users/start/.codex/worktrees/091b/aheart-ui/e2e/dnd-splitter.spec.ts:130:5

    attachment #1: screenshot (image/png) ──────────────────────────────────────────────────────────
    ../../../../../../tmp/aheart-d4-c-independent/dnd-splitter-QG2-中文-DnD-fi-1fb30-ble-and-its-states-explicit-mobile-webkit/test-failed-1.png
    ────────────────────────────────────────────────────────────────────────────────────────────────

    attachment #2: video (video/webm) ──────────────────────────────────────────────────────────────
    ../../../../../../tmp/aheart-d4-c-independent/dnd-splitter-QG2-中文-DnD-fi-1fb30-ble-and-its-states-explicit-mobile-webkit/video.webm
    ────────────────────────────────────────────────────────────────────────────────────────────────

    Error Context: ../../../../../../tmp/aheart-d4-c-independent/dnd-splitter-QG2-中文-DnD-fi-1fb30-ble-and-its-states-explicit-mobile-webkit/error-context.md

    attachment #4: trace (application/zip) ─────────────────────────────────────────────────────────
    ../../../../../../tmp/aheart-d4-c-independent/dnd-splitter-QG2-中文-DnD-fi-1fb30-ble-and-its-states-explicit-mobile-webkit/trace.zip
    Usage:

        pnpm exec playwright show-trace ../../../../../../tmp/aheart-d4-c-independent/dnd-splitter-QG2-中文-DnD-fi-1fb30-ble-and-its-states-explicit-mobile-webkit/trace.zip

    ────────────────────────────────────────────────────────────────────────────────────────────────



(node:44666) Warning: The 'NO_COLOR' env is ignored due to the 'FORCE_COLOR' env being set.
(Use `node --trace-warnings ...` to show where the warning was created)

[554/571] [mobile-webkit] › e2e/dnd-splitter.spec.ts:462:7 › QG2 中文 DnD fixture › keeps item content scrollable during scripted touch events in mobile WebKit while only the handle disables touch gestures
  72) [mobile-webkit] › e2e/dnd-splitter.spec.ts:462:7 › QG2 中文 DnD fixture › keeps item content scrollable during scripted touch events in mobile WebKit while only the handle disables touch gestures 

    Error: page.goto: Could not connect to the server.
    Call log:
      - navigating to "http://127.0.0.1:5213/components/dnd", waiting until "domcontentloaded"


      124 |   test.beforeEach(async ({ page }) => {
      125 |     collectRuntimeErrors(page)
    > 126 |     await page.goto('/components/dnd', { waitUntil: 'domcontentloaded' })
          |                ^
      127 |   })
      128 |
      129 |   test.afterEach(async ({ page }) => {
        at /Users/start/.codex/worktrees/091b/aheart-ui/e2e/dnd-splitter.spec.ts:126:16

    Error: expect(received).toEqual(expected) // deep equality

    - Expected  - 1
    + Received  + 3

    - Array []
    + Array [
    +   "error: Failed to load resource: Could not connect to the server.",
    + ]

      16 | }
      17 |
    > 18 | const expectNoRuntimeErrors = (page: Page) => expect(runtimeErrors.get(page) ?? []).toEqual([])
         |                                                                                     ^
      19 |
      20 | const clickAdvancedSidebarLink = async (page: Page, name: 'DnD 拖拽' | 'Splitter 分割面板', href: string) => {
      21 |   const sidebar = page.locator('.VPSidebar')
        at expectNoRuntimeErrors (/Users/start/.codex/worktrees/091b/aheart-ui/e2e/dnd-splitter.spec.ts:18:85)
        at /Users/start/.codex/worktrees/091b/aheart-ui/e2e/dnd-splitter.spec.ts:130:5

    attachment #1: screenshot (image/png) ──────────────────────────────────────────────────────────
    ../../../../../../tmp/aheart-d4-c-independent/dnd-splitter-QG2-中文-DnD-fi-77aad-dle-disables-touch-gestures-mobile-webkit/test-failed-1.png
    ────────────────────────────────────────────────────────────────────────────────────────────────

    attachment #2: video (video/webm) ──────────────────────────────────────────────────────────────
    ../../../../../../tmp/aheart-d4-c-independent/dnd-splitter-QG2-中文-DnD-fi-77aad-dle-disables-touch-gestures-mobile-webkit/video.webm
    ────────────────────────────────────────────────────────────────────────────────────────────────

    Error Context: ../../../../../../tmp/aheart-d4-c-independent/dnd-splitter-QG2-中文-DnD-fi-77aad-dle-disables-touch-gestures-mobile-webkit/error-context.md

    attachment #4: trace (application/zip) ─────────────────────────────────────────────────────────
    ../../../../../../tmp/aheart-d4-c-independent/dnd-splitter-QG2-中文-DnD-fi-77aad-dle-disables-touch-gestures-mobile-webkit/trace.zip
    Usage:

        pnpm exec playwright show-trace ../../../../../../tmp/aheart-d4-c-independent/dnd-splitter-QG2-中文-DnD-fi-77aad-dle-disables-touch-gestures-mobile-webkit/trace.zip

    ────────────────────────────────────────────────────────────────────────────────────────────────



(node:44680) Warning: The 'NO_COLOR' env is ignored due to the 'FORCE_COLOR' env being set.
(Use `node --trace-warnings ...` to show where the warning was created)

[555/571] [mobile-webkit] › e2e/dnd-splitter.spec.ts:526:7 › QG2 中文 DnD fixture › auto-scrolls a nested region and cancels without moving
  73) [mobile-webkit] › e2e/dnd-splitter.spec.ts:526:7 › QG2 中文 DnD fixture › auto-scrolls a nested region and cancels without moving 

    Error: page.goto: Could not connect to the server.
    Call log:
      - navigating to "http://127.0.0.1:5213/components/dnd", waiting until "domcontentloaded"


      124 |   test.beforeEach(async ({ page }) => {
      125 |     collectRuntimeErrors(page)
    > 126 |     await page.goto('/components/dnd', { waitUntil: 'domcontentloaded' })
          |                ^
      127 |   })
      128 |
      129 |   test.afterEach(async ({ page }) => {
        at /Users/start/.codex/worktrees/091b/aheart-ui/e2e/dnd-splitter.spec.ts:126:16

    Error: expect(received).toEqual(expected) // deep equality

    - Expected  - 1
    + Received  + 3

    - Array []
    + Array [
    +   "error: Failed to load resource: Could not connect to the server.",
    + ]

      16 | }
      17 |
    > 18 | const expectNoRuntimeErrors = (page: Page) => expect(runtimeErrors.get(page) ?? []).toEqual([])
         |                                                                                     ^
      19 |
      20 | const clickAdvancedSidebarLink = async (page: Page, name: 'DnD 拖拽' | 'Splitter 分割面板', href: string) => {
      21 |   const sidebar = page.locator('.VPSidebar')
        at expectNoRuntimeErrors (/Users/start/.codex/worktrees/091b/aheart-ui/e2e/dnd-splitter.spec.ts:18:85)
        at /Users/start/.codex/worktrees/091b/aheart-ui/e2e/dnd-splitter.spec.ts:130:5

    attachment #1: screenshot (image/png) ──────────────────────────────────────────────────────────
    ../../../../../../tmp/aheart-d4-c-independent/dnd-splitter-QG2-中文-DnD-fi-b7957--and-cancels-without-moving-mobile-webkit/test-failed-1.png
    ────────────────────────────────────────────────────────────────────────────────────────────────

    attachment #2: video (video/webm) ──────────────────────────────────────────────────────────────
    ../../../../../../tmp/aheart-d4-c-independent/dnd-splitter-QG2-中文-DnD-fi-b7957--and-cancels-without-moving-mobile-webkit/video.webm
    ────────────────────────────────────────────────────────────────────────────────────────────────

    Error Context: ../../../../../../tmp/aheart-d4-c-independent/dnd-splitter-QG2-中文-DnD-fi-b7957--and-cancels-without-moving-mobile-webkit/error-context.md

    attachment #4: trace (application/zip) ─────────────────────────────────────────────────────────
    ../../../../../../tmp/aheart-d4-c-independent/dnd-splitter-QG2-中文-DnD-fi-b7957--and-cancels-without-moving-mobile-webkit/trace.zip
    Usage:

        pnpm exec playwright show-trace ../../../../../../tmp/aheart-d4-c-independent/dnd-splitter-QG2-中文-DnD-fi-b7957--and-cancels-without-moving-mobile-webkit/trace.zip

    ────────────────────────────────────────────────────────────────────────────────────────────────



(node:44693) Warning: The 'NO_COLOR' env is ignored due to the 'FORCE_COLOR' env being set.
(Use `node --trace-warnings ...` to show where the warning was created)

[556/571] [mobile-webkit] › e2e/dnd-splitter.spec.ts:549:7 › QG2 中文 DnD fixture › hands auto-scroll from an exhausted inner region to its outer ancestor
  74) [mobile-webkit] › e2e/dnd-splitter.spec.ts:549:7 › QG2 中文 DnD fixture › hands auto-scroll from an exhausted inner region to its outer ancestor 

    Error: page.goto: Could not connect to the server.
    Call log:
      - navigating to "http://127.0.0.1:5213/components/dnd", waiting until "domcontentloaded"


      124 |   test.beforeEach(async ({ page }) => {
      125 |     collectRuntimeErrors(page)
    > 126 |     await page.goto('/components/dnd', { waitUntil: 'domcontentloaded' })
          |                ^
      127 |   })
      128 |
      129 |   test.afterEach(async ({ page }) => {
        at /Users/start/.codex/worktrees/091b/aheart-ui/e2e/dnd-splitter.spec.ts:126:16

    Error: expect(received).toEqual(expected) // deep equality

    - Expected  - 1
    + Received  + 3

    - Array []
    + Array [
    +   "error: Failed to load resource: Could not connect to the server.",
    + ]

      16 | }
      17 |
    > 18 | const expectNoRuntimeErrors = (page: Page) => expect(runtimeErrors.get(page) ?? []).toEqual([])
         |                                                                                     ^
      19 |
      20 | const clickAdvancedSidebarLink = async (page: Page, name: 'DnD 拖拽' | 'Splitter 分割面板', href: string) => {
      21 |   const sidebar = page.locator('.VPSidebar')
        at expectNoRuntimeErrors (/Users/start/.codex/worktrees/091b/aheart-ui/e2e/dnd-splitter.spec.ts:18:85)
        at /Users/start/.codex/worktrees/091b/aheart-ui/e2e/dnd-splitter.spec.ts:130:5

    attachment #1: screenshot (image/png) ──────────────────────────────────────────────────────────
    ../../../../../../tmp/aheart-d4-c-independent/dnd-splitter-QG2-中文-DnD-fi-ebf3e-egion-to-its-outer-ancestor-mobile-webkit/test-failed-1.png
    ────────────────────────────────────────────────────────────────────────────────────────────────

    attachment #2: video (video/webm) ──────────────────────────────────────────────────────────────
    ../../../../../../tmp/aheart-d4-c-independent/dnd-splitter-QG2-中文-DnD-fi-ebf3e-egion-to-its-outer-ancestor-mobile-webkit/video.webm
    ────────────────────────────────────────────────────────────────────────────────────────────────

    Error Context: ../../../../../../tmp/aheart-d4-c-independent/dnd-splitter-QG2-中文-DnD-fi-ebf3e-egion-to-its-outer-ancestor-mobile-webkit/error-context.md

    attachment #4: trace (application/zip) ─────────────────────────────────────────────────────────
    ../../../../../../tmp/aheart-d4-c-independent/dnd-splitter-QG2-中文-DnD-fi-ebf3e-egion-to-its-outer-ancestor-mobile-webkit/trace.zip
    Usage:

        pnpm exec playwright show-trace ../../../../../../tmp/aheart-d4-c-independent/dnd-splitter-QG2-中文-DnD-fi-ebf3e-egion-to-its-outer-ancestor-mobile-webkit/trace.zip

    ────────────────────────────────────────────────────────────────────────────────────────────────



(node:44706) Warning: The 'NO_COLOR' env is ignored due to the 'FORCE_COLOR' env being set.
(Use `node --trace-warnings ...` to show where the warning was created)

[557/571] [mobile-webkit] › e2e/dnd-splitter.spec.ts:573:7 › QG2 中文 DnD fixture › unmounts and remounts without stale drag state
  75) [mobile-webkit] › e2e/dnd-splitter.spec.ts:573:7 › QG2 中文 DnD fixture › unmounts and remounts without stale drag state 

    Error: page.goto: Could not connect to the server.
    Call log:
      - navigating to "http://127.0.0.1:5213/components/dnd", waiting until "domcontentloaded"


      124 |   test.beforeEach(async ({ page }) => {
      125 |     collectRuntimeErrors(page)
    > 126 |     await page.goto('/components/dnd', { waitUntil: 'domcontentloaded' })
          |                ^
      127 |   })
      128 |
      129 |   test.afterEach(async ({ page }) => {
        at /Users/start/.codex/worktrees/091b/aheart-ui/e2e/dnd-splitter.spec.ts:126:16

    Error: expect(received).toEqual(expected) // deep equality

    - Expected  - 1
    + Received  + 3

    - Array []
    + Array [
    +   "error: Failed to load resource: Could not connect to the server.",
    + ]

      16 | }
      17 |
    > 18 | const expectNoRuntimeErrors = (page: Page) => expect(runtimeErrors.get(page) ?? []).toEqual([])
         |                                                                                     ^
      19 |
      20 | const clickAdvancedSidebarLink = async (page: Page, name: 'DnD 拖拽' | 'Splitter 分割面板', href: string) => {
      21 |   const sidebar = page.locator('.VPSidebar')
        at expectNoRuntimeErrors (/Users/start/.codex/worktrees/091b/aheart-ui/e2e/dnd-splitter.spec.ts:18:85)
        at /Users/start/.codex/worktrees/091b/aheart-ui/e2e/dnd-splitter.spec.ts:130:5

    attachment #1: screenshot (image/png) ──────────────────────────────────────────────────────────
    ../../../../../../tmp/aheart-d4-c-independent/dnd-splitter-QG2-中文-DnD-fi-8bcca-ts-without-stale-drag-state-mobile-webkit/test-failed-1.png
    ────────────────────────────────────────────────────────────────────────────────────────────────

    attachment #2: video (video/webm) ──────────────────────────────────────────────────────────────
    ../../../../../../tmp/aheart-d4-c-independent/dnd-splitter-QG2-中文-DnD-fi-8bcca-ts-without-stale-drag-state-mobile-webkit/video.webm
    ────────────────────────────────────────────────────────────────────────────────────────────────

    Error Context: ../../../../../../tmp/aheart-d4-c-independent/dnd-splitter-QG2-中文-DnD-fi-8bcca-ts-without-stale-drag-state-mobile-webkit/error-context.md

    attachment #4: trace (application/zip) ─────────────────────────────────────────────────────────
    ../../../../../../tmp/aheart-d4-c-independent/dnd-splitter-QG2-中文-DnD-fi-8bcca-ts-without-stale-drag-state-mobile-webkit/trace.zip
    Usage:

        pnpm exec playwright show-trace ../../../../../../tmp/aheart-d4-c-independent/dnd-splitter-QG2-中文-DnD-fi-8bcca-ts-without-stale-drag-state-mobile-webkit/trace.zip

    ────────────────────────────────────────────────────────────────────────────────────────────────



(node:44719) Warning: The 'NO_COLOR' env is ignored due to the 'FORCE_COLOR' env being set.
(Use `node --trace-warnings ...` to show where the warning was created)

[558/571] [mobile-webkit] › e2e/dnd-splitter.spec.ts:606:7 › QG2 中文 Splitter fixture › renders horizontal, vertical, and three-panel splitters with state output
  76) [mobile-webkit] › e2e/dnd-splitter.spec.ts:606:7 › QG2 中文 Splitter fixture › renders horizontal, vertical, and three-panel splitters with state output 

    Error: page.goto: Could not connect to the server.
    Call log:
      - navigating to "http://127.0.0.1:5213/components/splitter", waiting until "domcontentloaded"


      597 |   test.beforeEach(async ({ page }) => {
      598 |     collectRuntimeErrors(page)
    > 599 |     await page.goto('/components/splitter', { waitUntil: 'domcontentloaded' })
          |                ^
      600 |   })
      601 |
      602 |   test.afterEach(async ({ page }) => {
        at /Users/start/.codex/worktrees/091b/aheart-ui/e2e/dnd-splitter.spec.ts:599:16

    Error: expect(received).toEqual(expected) // deep equality

    - Expected  - 1
    + Received  + 3

    - Array []
    + Array [
    +   "error: Failed to load resource: Could not connect to the server.",
    + ]

      16 | }
      17 |
    > 18 | const expectNoRuntimeErrors = (page: Page) => expect(runtimeErrors.get(page) ?? []).toEqual([])
         |                                                                                     ^
      19 |
      20 | const clickAdvancedSidebarLink = async (page: Page, name: 'DnD 拖拽' | 'Splitter 分割面板', href: string) => {
      21 |   const sidebar = page.locator('.VPSidebar')
        at expectNoRuntimeErrors (/Users/start/.codex/worktrees/091b/aheart-ui/e2e/dnd-splitter.spec.ts:18:85)
        at /Users/start/.codex/worktrees/091b/aheart-ui/e2e/dnd-splitter.spec.ts:603:5

    attachment #1: screenshot (image/png) ──────────────────────────────────────────────────────────
    ../../../../../../tmp/aheart-d4-c-independent/dnd-splitter-QG2-中文-Splitt-b9f74-splitters-with-state-output-mobile-webkit/test-failed-1.png
    ────────────────────────────────────────────────────────────────────────────────────────────────

    attachment #2: video (video/webm) ──────────────────────────────────────────────────────────────
    ../../../../../../tmp/aheart-d4-c-independent/dnd-splitter-QG2-中文-Splitt-b9f74-splitters-with-state-output-mobile-webkit/video.webm
    ────────────────────────────────────────────────────────────────────────────────────────────────

    Error Context: ../../../../../../tmp/aheart-d4-c-independent/dnd-splitter-QG2-中文-Splitt-b9f74-splitters-with-state-output-mobile-webkit/error-context.md

    attachment #4: trace (application/zip) ─────────────────────────────────────────────────────────
    ../../../../../../tmp/aheart-d4-c-independent/dnd-splitter-QG2-中文-Splitt-b9f74-splitters-with-state-output-mobile-webkit/trace.zip
    Usage:

        pnpm exec playwright show-trace ../../../../../../tmp/aheart-d4-c-independent/dnd-splitter-QG2-中文-Splitt-b9f74-splitters-with-state-output-mobile-webkit/trace.zip

    ────────────────────────────────────────────────────────────────────────────────────────────────



(node:44732) Warning: The 'NO_COLOR' env is ignored due to the 'FORCE_COLOR' env being set.
(Use `node --trace-warnings ...` to show where the warning was created)

[559/571] [mobile-webkit] › e2e/dnd-splitter.spec.ts:664:7 › QG2 中文 Splitter fixture › enforces percentage bounds and recomputes them after container resize
  77) [mobile-webkit] › e2e/dnd-splitter.spec.ts:664:7 › QG2 中文 Splitter fixture › enforces percentage bounds and recomputes them after container resize 

    Error: page.goto: Could not connect to the server.
    Call log:
      - navigating to "http://127.0.0.1:5213/components/splitter", waiting until "domcontentloaded"


      597 |   test.beforeEach(async ({ page }) => {
      598 |     collectRuntimeErrors(page)
    > 599 |     await page.goto('/components/splitter', { waitUntil: 'domcontentloaded' })
          |                ^
      600 |   })
      601 |
      602 |   test.afterEach(async ({ page }) => {
        at /Users/start/.codex/worktrees/091b/aheart-ui/e2e/dnd-splitter.spec.ts:599:16

    Error: expect(received).toEqual(expected) // deep equality

    - Expected  - 1
    + Received  + 3

    - Array []
    + Array [
    +   "error: Failed to load resource: Could not connect to the server.",
    + ]

      16 | }
      17 |
    > 18 | const expectNoRuntimeErrors = (page: Page) => expect(runtimeErrors.get(page) ?? []).toEqual([])
         |                                                                                     ^
      19 |
      20 | const clickAdvancedSidebarLink = async (page: Page, name: 'DnD 拖拽' | 'Splitter 分割面板', href: string) => {
      21 |   const sidebar = page.locator('.VPSidebar')
        at expectNoRuntimeErrors (/Users/start/.codex/worktrees/091b/aheart-ui/e2e/dnd-splitter.spec.ts:18:85)
        at /Users/start/.codex/worktrees/091b/aheart-ui/e2e/dnd-splitter.spec.ts:603:5

    attachment #1: screenshot (image/png) ──────────────────────────────────────────────────────────
    ../../../../../../tmp/aheart-d4-c-independent/dnd-splitter-QG2-中文-Splitt-95dbd-them-after-container-resize-mobile-webkit/test-failed-1.png
    ────────────────────────────────────────────────────────────────────────────────────────────────

    attachment #2: video (video/webm) ──────────────────────────────────────────────────────────────
    ../../../../../../tmp/aheart-d4-c-independent/dnd-splitter-QG2-中文-Splitt-95dbd-them-after-container-resize-mobile-webkit/video.webm
    ────────────────────────────────────────────────────────────────────────────────────────────────

    Error Context: ../../../../../../tmp/aheart-d4-c-independent/dnd-splitter-QG2-中文-Splitt-95dbd-them-after-container-resize-mobile-webkit/error-context.md

    attachment #4: trace (application/zip) ─────────────────────────────────────────────────────────
    ../../../../../../tmp/aheart-d4-c-independent/dnd-splitter-QG2-中文-Splitt-95dbd-them-after-container-resize-mobile-webkit/trace.zip
    Usage:

        pnpm exec playwright show-trace ../../../../../../tmp/aheart-d4-c-independent/dnd-splitter-QG2-中文-Splitt-95dbd-them-after-container-resize-mobile-webkit/trace.zip

    ────────────────────────────────────────────────────────────────────────────────────────────────



(node:44745) Warning: The 'NO_COLOR' env is ignored due to the 'FORCE_COLOR' env being set.
(Use `node --trace-warnings ...` to show where the warning was created)

[560/571] [mobile-webkit] › e2e/dnd-splitter.spec.ts:687:7 › QG2 中文 Splitter fixture › keeps lazy values unchanged while dragging and commits on pointerup
  78) [mobile-webkit] › e2e/dnd-splitter.spec.ts:687:7 › QG2 中文 Splitter fixture › keeps lazy values unchanged while dragging and commits on pointerup 

    Error: page.goto: Could not connect to the server.
    Call log:
      - navigating to "http://127.0.0.1:5213/components/splitter", waiting until "domcontentloaded"


      597 |   test.beforeEach(async ({ page }) => {
      598 |     collectRuntimeErrors(page)
    > 599 |     await page.goto('/components/splitter', { waitUntil: 'domcontentloaded' })
          |                ^
      600 |   })
      601 |
      602 |   test.afterEach(async ({ page }) => {
        at /Users/start/.codex/worktrees/091b/aheart-ui/e2e/dnd-splitter.spec.ts:599:16

    Error: expect(received).toEqual(expected) // deep equality

    - Expected  - 1
    + Received  + 3

    - Array []
    + Array [
    +   "error: Failed to load resource: Could not connect to the server.",
    + ]

      16 | }
      17 |
    > 18 | const expectNoRuntimeErrors = (page: Page) => expect(runtimeErrors.get(page) ?? []).toEqual([])
         |                                                                                     ^
      19 |
      20 | const clickAdvancedSidebarLink = async (page: Page, name: 'DnD 拖拽' | 'Splitter 分割面板', href: string) => {
      21 |   const sidebar = page.locator('.VPSidebar')
        at expectNoRuntimeErrors (/Users/start/.codex/worktrees/091b/aheart-ui/e2e/dnd-splitter.spec.ts:18:85)
        at /Users/start/.codex/worktrees/091b/aheart-ui/e2e/dnd-splitter.spec.ts:603:5

    attachment #1: screenshot (image/png) ──────────────────────────────────────────────────────────
    ../../../../../../tmp/aheart-d4-c-independent/dnd-splitter-QG2-中文-Splitt-70d94-ng-and-commits-on-pointerup-mobile-webkit/test-failed-1.png
    ────────────────────────────────────────────────────────────────────────────────────────────────

    attachment #2: video (video/webm) ──────────────────────────────────────────────────────────────
    ../../../../../../tmp/aheart-d4-c-independent/dnd-splitter-QG2-中文-Splitt-70d94-ng-and-commits-on-pointerup-mobile-webkit/video.webm
    ────────────────────────────────────────────────────────────────────────────────────────────────

    Error Context: ../../../../../../tmp/aheart-d4-c-independent/dnd-splitter-QG2-中文-Splitt-70d94-ng-and-commits-on-pointerup-mobile-webkit/error-context.md

    attachment #4: trace (application/zip) ─────────────────────────────────────────────────────────
    ../../../../../../tmp/aheart-d4-c-independent/dnd-splitter-QG2-中文-Splitt-70d94-ng-and-commits-on-pointerup-mobile-webkit/trace.zip
    Usage:

        pnpm exec playwright show-trace ../../../../../../tmp/aheart-d4-c-independent/dnd-splitter-QG2-中文-Splitt-70d94-ng-and-commits-on-pointerup-mobile-webkit/trace.zip

    ────────────────────────────────────────────────────────────────────────────────────────────────



(node:44758) Warning: The 'NO_COLOR' env is ignored due to the 'FORCE_COLOR' env being set.
(Use `node --trace-warnings ...` to show where the warning was created)

[561/571] [mobile-webkit] › e2e/dnd-splitter.spec.ts:712:7 › QG2 中文 Splitter fixture › commits lazy values after a trusted Chromium touch sequence
  79) [mobile-webkit] › e2e/dnd-splitter.spec.ts:712:7 › QG2 中文 Splitter fixture › commits lazy values after a trusted Chromium touch sequence 

    Error: page.goto: Could not connect to the server.
    Call log:
      - navigating to "http://127.0.0.1:5213/components/splitter", waiting until "domcontentloaded"


      597 |   test.beforeEach(async ({ page }) => {
      598 |     collectRuntimeErrors(page)
    > 599 |     await page.goto('/components/splitter', { waitUntil: 'domcontentloaded' })
          |                ^
      600 |   })
      601 |
      602 |   test.afterEach(async ({ page }) => {
        at /Users/start/.codex/worktrees/091b/aheart-ui/e2e/dnd-splitter.spec.ts:599:16

    Error: expect(received).toEqual(expected) // deep equality

    - Expected  - 1
    + Received  + 3

    - Array []
    + Array [
    +   "error: Failed to load resource: Could not connect to the server.",
    + ]

      16 | }
      17 |
    > 18 | const expectNoRuntimeErrors = (page: Page) => expect(runtimeErrors.get(page) ?? []).toEqual([])
         |                                                                                     ^
      19 |
      20 | const clickAdvancedSidebarLink = async (page: Page, name: 'DnD 拖拽' | 'Splitter 分割面板', href: string) => {
      21 |   const sidebar = page.locator('.VPSidebar')
        at expectNoRuntimeErrors (/Users/start/.codex/worktrees/091b/aheart-ui/e2e/dnd-splitter.spec.ts:18:85)
        at /Users/start/.codex/worktrees/091b/aheart-ui/e2e/dnd-splitter.spec.ts:603:5

    attachment #1: screenshot (image/png) ──────────────────────────────────────────────────────────
    ../../../../../../tmp/aheart-d4-c-independent/dnd-splitter-QG2-中文-Splitt-4654e-ted-Chromium-touch-sequence-mobile-webkit/test-failed-1.png
    ────────────────────────────────────────────────────────────────────────────────────────────────

    attachment #2: video (video/webm) ──────────────────────────────────────────────────────────────
    ../../../../../../tmp/aheart-d4-c-independent/dnd-splitter-QG2-中文-Splitt-4654e-ted-Chromium-touch-sequence-mobile-webkit/video.webm
    ────────────────────────────────────────────────────────────────────────────────────────────────

    Error Context: ../../../../../../tmp/aheart-d4-c-independent/dnd-splitter-QG2-中文-Splitt-4654e-ted-Chromium-touch-sequence-mobile-webkit/error-context.md

    attachment #4: trace (application/zip) ─────────────────────────────────────────────────────────
    ../../../../../../tmp/aheart-d4-c-independent/dnd-splitter-QG2-中文-Splitt-4654e-ted-Chromium-touch-sequence-mobile-webkit/trace.zip
    Usage:

        pnpm exec playwright show-trace ../../../../../../tmp/aheart-d4-c-independent/dnd-splitter-QG2-中文-Splitt-4654e-ted-Chromium-touch-sequence-mobile-webkit/trace.zip

    ────────────────────────────────────────────────────────────────────────────────────────────────



(node:44772) Warning: The 'NO_COLOR' env is ignored due to the 'FORCE_COLOR' env being set.
(Use `node --trace-warnings ...` to show where the warning was created)

[562/571] [mobile-webkit] › e2e/dnd-splitter.spec.ts:747:7 › QG2 中文 Splitter fixture › runs the lazy touch state machine with scripted PointerEvents in mobile WebKit
  80) [mobile-webkit] › e2e/dnd-splitter.spec.ts:747:7 › QG2 中文 Splitter fixture › runs the lazy touch state machine with scripted PointerEvents in mobile WebKit 

    Error: page.goto: Could not connect to the server.
    Call log:
      - navigating to "http://127.0.0.1:5213/components/splitter", waiting until "domcontentloaded"


      597 |   test.beforeEach(async ({ page }) => {
      598 |     collectRuntimeErrors(page)
    > 599 |     await page.goto('/components/splitter', { waitUntil: 'domcontentloaded' })
          |                ^
      600 |   })
      601 |
      602 |   test.afterEach(async ({ page }) => {
        at /Users/start/.codex/worktrees/091b/aheart-ui/e2e/dnd-splitter.spec.ts:599:16

    Error: expect(received).toEqual(expected) // deep equality

    - Expected  - 1
    + Received  + 3

    - Array []
    + Array [
    +   "error: Failed to load resource: Could not connect to the server.",
    + ]

      16 | }
      17 |
    > 18 | const expectNoRuntimeErrors = (page: Page) => expect(runtimeErrors.get(page) ?? []).toEqual([])
         |                                                                                     ^
      19 |
      20 | const clickAdvancedSidebarLink = async (page: Page, name: 'DnD 拖拽' | 'Splitter 分割面板', href: string) => {
      21 |   const sidebar = page.locator('.VPSidebar')
        at expectNoRuntimeErrors (/Users/start/.codex/worktrees/091b/aheart-ui/e2e/dnd-splitter.spec.ts:18:85)
        at /Users/start/.codex/worktrees/091b/aheart-ui/e2e/dnd-splitter.spec.ts:603:5

    attachment #1: screenshot (image/png) ──────────────────────────────────────────────────────────
    ../../../../../../tmp/aheart-d4-c-independent/dnd-splitter-QG2-中文-Splitt-d42cf-nterEvents-in-mobile-WebKit-mobile-webkit/test-failed-1.png
    ────────────────────────────────────────────────────────────────────────────────────────────────

    attachment #2: video (video/webm) ──────────────────────────────────────────────────────────────
    ../../../../../../tmp/aheart-d4-c-independent/dnd-splitter-QG2-中文-Splitt-d42cf-nterEvents-in-mobile-WebKit-mobile-webkit/video.webm
    ────────────────────────────────────────────────────────────────────────────────────────────────

    Error Context: ../../../../../../tmp/aheart-d4-c-independent/dnd-splitter-QG2-中文-Splitt-d42cf-nterEvents-in-mobile-WebKit-mobile-webkit/error-context.md

    attachment #4: trace (application/zip) ─────────────────────────────────────────────────────────
    ../../../../../../tmp/aheart-d4-c-independent/dnd-splitter-QG2-中文-Splitt-d42cf-nterEvents-in-mobile-WebKit-mobile-webkit/trace.zip
    Usage:

        pnpm exec playwright show-trace ../../../../../../tmp/aheart-d4-c-independent/dnd-splitter-QG2-中文-Splitt-d42cf-nterEvents-in-mobile-WebKit-mobile-webkit/trace.zip

    ────────────────────────────────────────────────────────────────────────────────────────────────



(node:44786) Warning: The 'NO_COLOR' env is ignored due to the 'FORCE_COLOR' env being set.
(Use `node --trace-warnings ...` to show where the warning was created)

[563/571] [mobile-webkit] › e2e/dnd-splitter.spec.ts:780:7 › QG2 中文 Splitter fixture › drags across the iframe and restores the document after pointerup
  81) [mobile-webkit] › e2e/dnd-splitter.spec.ts:780:7 › QG2 中文 Splitter fixture › drags across the iframe and restores the document after pointerup 

    Error: page.goto: Could not connect to the server.
    Call log:
      - navigating to "http://127.0.0.1:5213/components/splitter", waiting until "domcontentloaded"


      597 |   test.beforeEach(async ({ page }) => {
      598 |     collectRuntimeErrors(page)
    > 599 |     await page.goto('/components/splitter', { waitUntil: 'domcontentloaded' })
          |                ^
      600 |   })
      601 |
      602 |   test.afterEach(async ({ page }) => {
        at /Users/start/.codex/worktrees/091b/aheart-ui/e2e/dnd-splitter.spec.ts:599:16

    Error: expect(received).toEqual(expected) // deep equality

    - Expected  - 1
    + Received  + 3

    - Array []
    + Array [
    +   "error: Failed to load resource: Could not connect to the server.",
    + ]

      16 | }
      17 |
    > 18 | const expectNoRuntimeErrors = (page: Page) => expect(runtimeErrors.get(page) ?? []).toEqual([])
         |                                                                                     ^
      19 |
      20 | const clickAdvancedSidebarLink = async (page: Page, name: 'DnD 拖拽' | 'Splitter 分割面板', href: string) => {
      21 |   const sidebar = page.locator('.VPSidebar')
        at expectNoRuntimeErrors (/Users/start/.codex/worktrees/091b/aheart-ui/e2e/dnd-splitter.spec.ts:18:85)
        at /Users/start/.codex/worktrees/091b/aheart-ui/e2e/dnd-splitter.spec.ts:603:5

    attachment #1: screenshot (image/png) ──────────────────────────────────────────────────────────
    ../../../../../../tmp/aheart-d4-c-independent/dnd-splitter-QG2-中文-Splitt-9d59f-he-document-after-pointerup-mobile-webkit/test-failed-1.png
    ────────────────────────────────────────────────────────────────────────────────────────────────

    attachment #2: video (video/webm) ──────────────────────────────────────────────────────────────
    ../../../../../../tmp/aheart-d4-c-independent/dnd-splitter-QG2-中文-Splitt-9d59f-he-document-after-pointerup-mobile-webkit/video.webm
    ────────────────────────────────────────────────────────────────────────────────────────────────

    Error Context: ../../../../../../tmp/aheart-d4-c-independent/dnd-splitter-QG2-中文-Splitt-9d59f-he-document-after-pointerup-mobile-webkit/error-context.md

    attachment #4: trace (application/zip) ─────────────────────────────────────────────────────────
    ../../../../../../tmp/aheart-d4-c-independent/dnd-splitter-QG2-中文-Splitt-9d59f-he-document-after-pointerup-mobile-webkit/trace.zip
    Usage:

        pnpm exec playwright show-trace ../../../../../../tmp/aheart-d4-c-independent/dnd-splitter-QG2-中文-Splitt-9d59f-he-document-after-pointerup-mobile-webkit/trace.zip

    ────────────────────────────────────────────────────────────────────────────────────────────────



(node:44799) Warning: The 'NO_COLOR' env is ignored due to the 'FORCE_COLOR' env being set.
(Use `node --trace-warnings ...` to show where the warning was created)

[564/571] [mobile-webkit] › e2e/dnd-splitter.spec.ts:802:7 › QG2 中文 Splitter fixture › cleans up on pointercancel and commits a subsequent pointer drag
  82) [mobile-webkit] › e2e/dnd-splitter.spec.ts:802:7 › QG2 中文 Splitter fixture › cleans up on pointercancel and commits a subsequent pointer drag 

    Error: page.goto: Could not connect to the server.
    Call log:
      - navigating to "http://127.0.0.1:5213/components/splitter", waiting until "domcontentloaded"


      597 |   test.beforeEach(async ({ page }) => {
      598 |     collectRuntimeErrors(page)
    > 599 |     await page.goto('/components/splitter', { waitUntil: 'domcontentloaded' })
          |                ^
      600 |   })
      601 |
      602 |   test.afterEach(async ({ page }) => {
        at /Users/start/.codex/worktrees/091b/aheart-ui/e2e/dnd-splitter.spec.ts:599:16

    Error: expect(received).toEqual(expected) // deep equality

    - Expected  - 1
    + Received  + 3

    - Array []
    + Array [
    +   "error: Failed to load resource: Could not connect to the server.",
    + ]

      16 | }
      17 |
    > 18 | const expectNoRuntimeErrors = (page: Page) => expect(runtimeErrors.get(page) ?? []).toEqual([])
         |                                                                                     ^
      19 |
      20 | const clickAdvancedSidebarLink = async (page: Page, name: 'DnD 拖拽' | 'Splitter 分割面板', href: string) => {
      21 |   const sidebar = page.locator('.VPSidebar')
        at expectNoRuntimeErrors (/Users/start/.codex/worktrees/091b/aheart-ui/e2e/dnd-splitter.spec.ts:18:85)
        at /Users/start/.codex/worktrees/091b/aheart-ui/e2e/dnd-splitter.spec.ts:603:5

    attachment #1: screenshot (image/png) ──────────────────────────────────────────────────────────
    ../../../../../../tmp/aheart-d4-c-independent/dnd-splitter-QG2-中文-Splitt-98236-s-a-subsequent-pointer-drag-mobile-webkit/test-failed-1.png
    ────────────────────────────────────────────────────────────────────────────────────────────────

    attachment #2: video (video/webm) ──────────────────────────────────────────────────────────────
    ../../../../../../tmp/aheart-d4-c-independent/dnd-splitter-QG2-中文-Splitt-98236-s-a-subsequent-pointer-drag-mobile-webkit/video.webm
    ────────────────────────────────────────────────────────────────────────────────────────────────

    Error Context: ../../../../../../tmp/aheart-d4-c-independent/dnd-splitter-QG2-中文-Splitt-98236-s-a-subsequent-pointer-drag-mobile-webkit/error-context.md

    attachment #4: trace (application/zip) ─────────────────────────────────────────────────────────
    ../../../../../../tmp/aheart-d4-c-independent/dnd-splitter-QG2-中文-Splitt-98236-s-a-subsequent-pointer-drag-mobile-webkit/trace.zip
    Usage:

        pnpm exec playwright show-trace ../../../../../../tmp/aheart-d4-c-independent/dnd-splitter-QG2-中文-Splitt-98236-s-a-subsequent-pointer-drag-mobile-webkit/trace.zip

    ────────────────────────────────────────────────────────────────────────────────────────────────



(node:44812) Warning: The 'NO_COLOR' env is ignored due to the 'FORCE_COLOR' env being set.
(Use `node --trace-warnings ...` to show where the warning was created)

[565/571] [mobile-webkit] › e2e/dnd-splitter.spec.ts:836:7 › QG2 中文 Splitter fixture › cancels on window blur and cleans up when unmounted during a resize
  83) [mobile-webkit] › e2e/dnd-splitter.spec.ts:836:7 › QG2 中文 Splitter fixture › cancels on window blur and cleans up when unmounted during a resize 

    Error: page.goto: Could not connect to the server.
    Call log:
      - navigating to "http://127.0.0.1:5213/components/splitter", waiting until "domcontentloaded"


      597 |   test.beforeEach(async ({ page }) => {
      598 |     collectRuntimeErrors(page)
    > 599 |     await page.goto('/components/splitter', { waitUntil: 'domcontentloaded' })
          |                ^
      600 |   })
      601 |
      602 |   test.afterEach(async ({ page }) => {
        at /Users/start/.codex/worktrees/091b/aheart-ui/e2e/dnd-splitter.spec.ts:599:16

    Error: expect(received).toEqual(expected) // deep equality

    - Expected  - 1
    + Received  + 3

    - Array []
    + Array [
    +   "error: Failed to load resource: Could not connect to the server.",
    + ]

      16 | }
      17 |
    > 18 | const expectNoRuntimeErrors = (page: Page) => expect(runtimeErrors.get(page) ?? []).toEqual([])
         |                                                                                     ^
      19 |
      20 | const clickAdvancedSidebarLink = async (page: Page, name: 'DnD 拖拽' | 'Splitter 分割面板', href: string) => {
      21 |   const sidebar = page.locator('.VPSidebar')
        at expectNoRuntimeErrors (/Users/start/.codex/worktrees/091b/aheart-ui/e2e/dnd-splitter.spec.ts:18:85)
        at /Users/start/.codex/worktrees/091b/aheart-ui/e2e/dnd-splitter.spec.ts:603:5

    attachment #1: screenshot (image/png) ──────────────────────────────────────────────────────────
    ../../../../../../tmp/aheart-d4-c-independent/dnd-splitter-QG2-中文-Splitt-8d266-n-unmounted-during-a-resize-mobile-webkit/test-failed-1.png
    ────────────────────────────────────────────────────────────────────────────────────────────────

    attachment #2: video (video/webm) ──────────────────────────────────────────────────────────────
    ../../../../../../tmp/aheart-d4-c-independent/dnd-splitter-QG2-中文-Splitt-8d266-n-unmounted-during-a-resize-mobile-webkit/video.webm
    ────────────────────────────────────────────────────────────────────────────────────────────────

    Error Context: ../../../../../../tmp/aheart-d4-c-independent/dnd-splitter-QG2-中文-Splitt-8d266-n-unmounted-during-a-resize-mobile-webkit/error-context.md

    attachment #4: trace (application/zip) ─────────────────────────────────────────────────────────
    ../../../../../../tmp/aheart-d4-c-independent/dnd-splitter-QG2-中文-Splitt-8d266-n-unmounted-during-a-resize-mobile-webkit/trace.zip
    Usage:

        pnpm exec playwright show-trace ../../../../../../tmp/aheart-d4-c-independent/dnd-splitter-QG2-中文-Splitt-8d266-n-unmounted-during-a-resize-mobile-webkit/trace.zip

    ────────────────────────────────────────────────────────────────────────────────────────────────



(node:44825) Warning: The 'NO_COLOR' env is ignored due to the 'FORCE_COLOR' env being set.
(Use `node --trace-warnings ...` to show where the warning was created)

[566/571] [mobile-webkit] › e2e/dnd-splitter.spec.ts:860:7 › QG2 中文 Splitter fixture › cleans global drag state when navigating between Splitter and DnD
  84) [mobile-webkit] › e2e/dnd-splitter.spec.ts:860:7 › QG2 中文 Splitter fixture › cleans global drag state when navigating between Splitter and DnD 

    Error: page.goto: Could not connect to the server.
    Call log:
      - navigating to "http://127.0.0.1:5213/components/splitter", waiting until "domcontentloaded"


      597 |   test.beforeEach(async ({ page }) => {
      598 |     collectRuntimeErrors(page)
    > 599 |     await page.goto('/components/splitter', { waitUntil: 'domcontentloaded' })
          |                ^
      600 |   })
      601 |
      602 |   test.afterEach(async ({ page }) => {
        at /Users/start/.codex/worktrees/091b/aheart-ui/e2e/dnd-splitter.spec.ts:599:16

    Error: expect(received).toEqual(expected) // deep equality

    - Expected  - 1
    + Received  + 3

    - Array []
    + Array [
    +   "error: Failed to load resource: Could not connect to the server.",
    + ]

      16 | }
      17 |
    > 18 | const expectNoRuntimeErrors = (page: Page) => expect(runtimeErrors.get(page) ?? []).toEqual([])
         |                                                                                     ^
      19 |
      20 | const clickAdvancedSidebarLink = async (page: Page, name: 'DnD 拖拽' | 'Splitter 分割面板', href: string) => {
      21 |   const sidebar = page.locator('.VPSidebar')
        at expectNoRuntimeErrors (/Users/start/.codex/worktrees/091b/aheart-ui/e2e/dnd-splitter.spec.ts:18:85)
        at /Users/start/.codex/worktrees/091b/aheart-ui/e2e/dnd-splitter.spec.ts:603:5

    attachment #1: screenshot (image/png) ──────────────────────────────────────────────────────────
    ../../../../../../tmp/aheart-d4-c-independent/dnd-splitter-QG2-中文-Splitt-f3cfb-ng-between-Splitter-and-DnD-mobile-webkit/test-failed-1.png
    ────────────────────────────────────────────────────────────────────────────────────────────────

    attachment #2: video (video/webm) ──────────────────────────────────────────────────────────────
    ../../../../../../tmp/aheart-d4-c-independent/dnd-splitter-QG2-中文-Splitt-f3cfb-ng-between-Splitter-and-DnD-mobile-webkit/video.webm
    ────────────────────────────────────────────────────────────────────────────────────────────────

    Error Context: ../../../../../../tmp/aheart-d4-c-independent/dnd-splitter-QG2-中文-Splitt-f3cfb-ng-between-Splitter-and-DnD-mobile-webkit/error-context.md

    attachment #4: trace (application/zip) ─────────────────────────────────────────────────────────
    ../../../../../../tmp/aheart-d4-c-independent/dnd-splitter-QG2-中文-Splitt-f3cfb-ng-between-Splitter-and-DnD-mobile-webkit/trace.zip
    Usage:

        pnpm exec playwright show-trace ../../../../../../tmp/aheart-d4-c-independent/dnd-splitter-QG2-中文-Splitt-f3cfb-ng-between-Splitter-and-DnD-mobile-webkit/trace.zip

    ────────────────────────────────────────────────────────────────────────────────────────────────



(node:44838) Warning: The 'NO_COLOR' env is ignored due to the 'FORCE_COLOR' env being set.
(Use `node --trace-warnings ...` to show where the warning was created)

[567/571] [mobile-webkit] › e2e/dnd-splitter.spec.ts:898:7 › QG2 中文 Splitter fixture › navigates between DnD and Splitter through the real sidebar without runtime errors
  85) [mobile-webkit] › e2e/dnd-splitter.spec.ts:898:7 › QG2 中文 Splitter fixture › navigates between DnD and Splitter through the real sidebar without runtime errors 

    Error: page.goto: Could not connect to the server.
    Call log:
      - navigating to "http://127.0.0.1:5213/components/splitter", waiting until "domcontentloaded"


      597 |   test.beforeEach(async ({ page }) => {
      598 |     collectRuntimeErrors(page)
    > 599 |     await page.goto('/components/splitter', { waitUntil: 'domcontentloaded' })
          |                ^
      600 |   })
      601 |
      602 |   test.afterEach(async ({ page }) => {
        at /Users/start/.codex/worktrees/091b/aheart-ui/e2e/dnd-splitter.spec.ts:599:16

    Error: expect(received).toEqual(expected) // deep equality

    - Expected  - 1
    + Received  + 3

    - Array []
    + Array [
    +   "error: Failed to load resource: Could not connect to the server.",
    + ]

      16 | }
      17 |
    > 18 | const expectNoRuntimeErrors = (page: Page) => expect(runtimeErrors.get(page) ?? []).toEqual([])
         |                                                                                     ^
      19 |
      20 | const clickAdvancedSidebarLink = async (page: Page, name: 'DnD 拖拽' | 'Splitter 分割面板', href: string) => {
      21 |   const sidebar = page.locator('.VPSidebar')
        at expectNoRuntimeErrors (/Users/start/.codex/worktrees/091b/aheart-ui/e2e/dnd-splitter.spec.ts:18:85)
        at /Users/start/.codex/worktrees/091b/aheart-ui/e2e/dnd-splitter.spec.ts:603:5

    attachment #1: screenshot (image/png) ──────────────────────────────────────────────────────────
    ../../../../../../tmp/aheart-d4-c-independent/dnd-splitter-QG2-中文-Splitt-14917-ebar-without-runtime-errors-mobile-webkit/test-failed-1.png
    ────────────────────────────────────────────────────────────────────────────────────────────────

    attachment #2: video (video/webm) ──────────────────────────────────────────────────────────────
    ../../../../../../tmp/aheart-d4-c-independent/dnd-splitter-QG2-中文-Splitt-14917-ebar-without-runtime-errors-mobile-webkit/video.webm
    ────────────────────────────────────────────────────────────────────────────────────────────────

    Error Context: ../../../../../../tmp/aheart-d4-c-independent/dnd-splitter-QG2-中文-Splitt-14917-ebar-without-runtime-errors-mobile-webkit/error-context.md

    attachment #4: trace (application/zip) ─────────────────────────────────────────────────────────
    ../../../../../../tmp/aheart-d4-c-independent/dnd-splitter-QG2-中文-Splitt-14917-ebar-without-runtime-errors-mobile-webkit/trace.zip
    Usage:

        pnpm exec playwright show-trace ../../../../../../tmp/aheart-d4-c-independent/dnd-splitter-QG2-中文-Splitt-14917-ebar-without-runtime-errors-mobile-webkit/trace.zip

    ────────────────────────────────────────────────────────────────────────────────────────────────



(node:44851) Warning: The 'NO_COLOR' env is ignored due to the 'FORCE_COLOR' env being set.
(Use `node --trace-warnings ...` to show where the warning was created)

[568/571] [mobile-webkit] › e2e/dnd-splitter.spec.ts:920:7 › QG2 中文 Splitter fixture › updates from external InputNumber and keeps a visible iframe in the splitter
  86) [mobile-webkit] › e2e/dnd-splitter.spec.ts:920:7 › QG2 中文 Splitter fixture › updates from external InputNumber and keeps a visible iframe in the splitter 

    Error: page.goto: Could not connect to the server.
    Call log:
      - navigating to "http://127.0.0.1:5213/components/splitter", waiting until "domcontentloaded"


      597 |   test.beforeEach(async ({ page }) => {
      598 |     collectRuntimeErrors(page)
    > 599 |     await page.goto('/components/splitter', { waitUntil: 'domcontentloaded' })
          |                ^
      600 |   })
      601 |
      602 |   test.afterEach(async ({ page }) => {
        at /Users/start/.codex/worktrees/091b/aheart-ui/e2e/dnd-splitter.spec.ts:599:16

    Error: expect(received).toEqual(expected) // deep equality

    - Expected  - 1
    + Received  + 3

    - Array []
    + Array [
    +   "error: Failed to load resource: Could not connect to the server.",
    + ]

      16 | }
      17 |
    > 18 | const expectNoRuntimeErrors = (page: Page) => expect(runtimeErrors.get(page) ?? []).toEqual([])
         |                                                                                     ^
      19 |
      20 | const clickAdvancedSidebarLink = async (page: Page, name: 'DnD 拖拽' | 'Splitter 分割面板', href: string) => {
      21 |   const sidebar = page.locator('.VPSidebar')
        at expectNoRuntimeErrors (/Users/start/.codex/worktrees/091b/aheart-ui/e2e/dnd-splitter.spec.ts:18:85)
        at /Users/start/.codex/worktrees/091b/aheart-ui/e2e/dnd-splitter.spec.ts:603:5

    attachment #1: screenshot (image/png) ──────────────────────────────────────────────────────────
    ../../../../../../tmp/aheart-d4-c-independent/dnd-splitter-QG2-中文-Splitt-a24b3-ible-iframe-in-the-splitter-mobile-webkit/test-failed-1.png
    ────────────────────────────────────────────────────────────────────────────────────────────────

    attachment #2: video (video/webm) ──────────────────────────────────────────────────────────────
    ../../../../../../tmp/aheart-d4-c-independent/dnd-splitter-QG2-中文-Splitt-a24b3-ible-iframe-in-the-splitter-mobile-webkit/video.webm
    ────────────────────────────────────────────────────────────────────────────────────────────────

    Error Context: ../../../../../../tmp/aheart-d4-c-independent/dnd-splitter-QG2-中文-Splitt-a24b3-ible-iframe-in-the-splitter-mobile-webkit/error-context.md

    attachment #4: trace (application/zip) ─────────────────────────────────────────────────────────
    ../../../../../../tmp/aheart-d4-c-independent/dnd-splitter-QG2-中文-Splitt-a24b3-ible-iframe-in-the-splitter-mobile-webkit/trace.zip
    Usage:

        pnpm exec playwright show-trace ../../../../../../tmp/aheart-d4-c-independent/dnd-splitter-QG2-中文-Splitt-a24b3-ible-iframe-in-the-splitter-mobile-webkit/trace.zip

    ────────────────────────────────────────────────────────────────────────────────────────────────



(node:44864) Warning: The 'NO_COLOR' env is ignored due to the 'FORCE_COLOR' env being set.
(Use `node --trace-warnings ...` to show where the warning was created)

[569/571] [mobile-webkit] › e2e/dnd-splitter.spec.ts:930:7 › QG2 中文 Splitter fixture › clamps mobile external sizes to the measured splitter container
  87) [mobile-webkit] › e2e/dnd-splitter.spec.ts:930:7 › QG2 中文 Splitter fixture › clamps mobile external sizes to the measured splitter container 

    Error: page.goto: Could not connect to the server.
    Call log:
      - navigating to "http://127.0.0.1:5213/components/splitter", waiting until "domcontentloaded"


      597 |   test.beforeEach(async ({ page }) => {
      598 |     collectRuntimeErrors(page)
    > 599 |     await page.goto('/components/splitter', { waitUntil: 'domcontentloaded' })
          |                ^
      600 |   })
      601 |
      602 |   test.afterEach(async ({ page }) => {
        at /Users/start/.codex/worktrees/091b/aheart-ui/e2e/dnd-splitter.spec.ts:599:16

    Error: expect(received).toEqual(expected) // deep equality

    - Expected  - 1
    + Received  + 3

    - Array []
    + Array [
    +   "error: Failed to load resource: Could not connect to the server.",
    + ]

      16 | }
      17 |
    > 18 | const expectNoRuntimeErrors = (page: Page) => expect(runtimeErrors.get(page) ?? []).toEqual([])
         |                                                                                     ^
      19 |
      20 | const clickAdvancedSidebarLink = async (page: Page, name: 'DnD 拖拽' | 'Splitter 分割面板', href: string) => {
      21 |   const sidebar = page.locator('.VPSidebar')
        at expectNoRuntimeErrors (/Users/start/.codex/worktrees/091b/aheart-ui/e2e/dnd-splitter.spec.ts:18:85)
        at /Users/start/.codex/worktrees/091b/aheart-ui/e2e/dnd-splitter.spec.ts:603:5

    attachment #1: screenshot (image/png) ──────────────────────────────────────────────────────────
    ../../../../../../tmp/aheart-d4-c-independent/dnd-splitter-QG2-中文-Splitt-1d9ee-measured-splitter-container-mobile-webkit/test-failed-1.png
    ────────────────────────────────────────────────────────────────────────────────────────────────

    attachment #2: video (video/webm) ──────────────────────────────────────────────────────────────
    ../../../../../../tmp/aheart-d4-c-independent/dnd-splitter-QG2-中文-Splitt-1d9ee-measured-splitter-container-mobile-webkit/video.webm
    ────────────────────────────────────────────────────────────────────────────────────────────────

    Error Context: ../../../../../../tmp/aheart-d4-c-independent/dnd-splitter-QG2-中文-Splitt-1d9ee-measured-splitter-container-mobile-webkit/error-context.md

    attachment #4: trace (application/zip) ─────────────────────────────────────────────────────────
    ../../../../../../tmp/aheart-d4-c-independent/dnd-splitter-QG2-中文-Splitt-1d9ee-measured-splitter-container-mobile-webkit/trace.zip
    Usage:

        pnpm exec playwright show-trace ../../../../../../tmp/aheart-d4-c-independent/dnd-splitter-QG2-中文-Splitt-1d9ee-measured-splitter-container-mobile-webkit/trace.zip

    ────────────────────────────────────────────────────────────────────────────────────────────────



(node:44881) Warning: The 'NO_COLOR' env is ignored due to the 'FORCE_COLOR' env being set.
(Use `node --trace-warnings ...` to show where the warning was created)

[570/571] [mobile-webkit] › e2e/dnd-splitter.spec.ts:963:7 › QG2 中文 Splitter fixture › renders the panel API table and keeps mobile controlled sizes inside the fixture
  88) [mobile-webkit] › e2e/dnd-splitter.spec.ts:963:7 › QG2 中文 Splitter fixture › renders the panel API table and keeps mobile controlled sizes inside the fixture 

    Error: page.goto: Could not connect to the server.
    Call log:
      - navigating to "http://127.0.0.1:5213/components/splitter", waiting until "domcontentloaded"


      597 |   test.beforeEach(async ({ page }) => {
      598 |     collectRuntimeErrors(page)
    > 599 |     await page.goto('/components/splitter', { waitUntil: 'domcontentloaded' })
          |                ^
      600 |   })
      601 |
      602 |   test.afterEach(async ({ page }) => {
        at /Users/start/.codex/worktrees/091b/aheart-ui/e2e/dnd-splitter.spec.ts:599:16

    Error: expect(received).toEqual(expected) // deep equality

    - Expected  - 1
    + Received  + 3

    - Array []
    + Array [
    +   "error: Failed to load resource: Could not connect to the server.",
    + ]

      16 | }
      17 |
    > 18 | const expectNoRuntimeErrors = (page: Page) => expect(runtimeErrors.get(page) ?? []).toEqual([])
         |                                                                                     ^
      19 |
      20 | const clickAdvancedSidebarLink = async (page: Page, name: 'DnD 拖拽' | 'Splitter 分割面板', href: string) => {
      21 |   const sidebar = page.locator('.VPSidebar')
        at expectNoRuntimeErrors (/Users/start/.codex/worktrees/091b/aheart-ui/e2e/dnd-splitter.spec.ts:18:85)
        at /Users/start/.codex/worktrees/091b/aheart-ui/e2e/dnd-splitter.spec.ts:603:5

    attachment #1: screenshot (image/png) ──────────────────────────────────────────────────────────
    ../../../../../../tmp/aheart-d4-c-independent/dnd-splitter-QG2-中文-Splitt-b3eb0-ed-sizes-inside-the-fixture-mobile-webkit/test-failed-1.png
    ────────────────────────────────────────────────────────────────────────────────────────────────

    attachment #2: video (video/webm) ──────────────────────────────────────────────────────────────
    ../../../../../../tmp/aheart-d4-c-independent/dnd-splitter-QG2-中文-Splitt-b3eb0-ed-sizes-inside-the-fixture-mobile-webkit/video.webm
    ────────────────────────────────────────────────────────────────────────────────────────────────

    Error Context: ../../../../../../tmp/aheart-d4-c-independent/dnd-splitter-QG2-中文-Splitt-b3eb0-ed-sizes-inside-the-fixture-mobile-webkit/error-context.md

    attachment #4: trace (application/zip) ─────────────────────────────────────────────────────────
    ../../../../../../tmp/aheart-d4-c-independent/dnd-splitter-QG2-中文-Splitt-b3eb0-ed-sizes-inside-the-fixture-mobile-webkit/trace.zip
    Usage:

        pnpm exec playwright show-trace ../../../../../../tmp/aheart-d4-c-independent/dnd-splitter-QG2-中文-Splitt-b3eb0-ed-sizes-inside-the-fixture-mobile-webkit/trace.zip

    ────────────────────────────────────────────────────────────────────────────────────────────────



(node:44894) Warning: The 'NO_COLOR' env is ignored due to the 'FORCE_COLOR' env being set.
(Use `node --trace-warnings ...` to show where the warning was created)

[571/571] [mobile-webkit] › e2e/dnd-splitter.spec.ts:973:7 › QG2 中文 Splitter fixture › cleans up and remounts the splitter demos
  89) [mobile-webkit] › e2e/dnd-splitter.spec.ts:973:7 › QG2 中文 Splitter fixture › cleans up and remounts the splitter demos 

    Error: page.goto: Could not connect to the server.
    Call log:
      - navigating to "http://127.0.0.1:5213/components/splitter", waiting until "domcontentloaded"


      597 |   test.beforeEach(async ({ page }) => {
      598 |     collectRuntimeErrors(page)
    > 599 |     await page.goto('/components/splitter', { waitUntil: 'domcontentloaded' })
          |                ^
      600 |   })
      601 |
      602 |   test.afterEach(async ({ page }) => {
        at /Users/start/.codex/worktrees/091b/aheart-ui/e2e/dnd-splitter.spec.ts:599:16

    Error: expect(received).toEqual(expected) // deep equality

    - Expected  - 1
    + Received  + 3

    - Array []
    + Array [
    +   "error: Failed to load resource: Could not connect to the server.",
    + ]

      16 | }
      17 |
    > 18 | const expectNoRuntimeErrors = (page: Page) => expect(runtimeErrors.get(page) ?? []).toEqual([])
         |                                                                                     ^
      19 |
      20 | const clickAdvancedSidebarLink = async (page: Page, name: 'DnD 拖拽' | 'Splitter 分割面板', href: string) => {
      21 |   const sidebar = page.locator('.VPSidebar')
        at expectNoRuntimeErrors (/Users/start/.codex/worktrees/091b/aheart-ui/e2e/dnd-splitter.spec.ts:18:85)
        at /Users/start/.codex/worktrees/091b/aheart-ui/e2e/dnd-splitter.spec.ts:603:5

    attachment #1: screenshot (image/png) ──────────────────────────────────────────────────────────
    ../../../../../../tmp/aheart-d4-c-independent/dnd-splitter-QG2-中文-Splitt-5e32a-remounts-the-splitter-demos-mobile-webkit/test-failed-1.png
    ────────────────────────────────────────────────────────────────────────────────────────────────

    attachment #2: video (video/webm) ──────────────────────────────────────────────────────────────
    ../../../../../../tmp/aheart-d4-c-independent/dnd-splitter-QG2-中文-Splitt-5e32a-remounts-the-splitter-demos-mobile-webkit/video.webm
    ────────────────────────────────────────────────────────────────────────────────────────────────

    Error Context: ../../../../../../tmp/aheart-d4-c-independent/dnd-splitter-QG2-中文-Splitt-5e32a-remounts-the-splitter-demos-mobile-webkit/error-context.md

    attachment #4: trace (application/zip) ─────────────────────────────────────────────────────────
    ../../../../../../tmp/aheart-d4-c-independent/dnd-splitter-QG2-中文-Splitt-5e32a-remounts-the-splitter-demos-mobile-webkit/trace.zip
    Usage:

        pnpm exec playwright show-trace ../../../../../../tmp/aheart-d4-c-independent/dnd-splitter-QG2-中文-Splitt-5e32a-remounts-the-splitter-demos-mobile-webkit/trace.zip

    ────────────────────────────────────────────────────────────────────────────────────────────────


  89 failed
    [desktop-firefox] › e2e/dnd-splitter.spec.ts:973:7 › QG2 中文 Splitter fixture › cleans up and remounts the splitter demos 
    [desktop-webkit] › e2e/d4-selection.spec.ts:3:5 › D4 Tree linked checks expose mixed state and lazy failure retry 
    [desktop-webkit] › e2e/d4-selection.spec.ts:25:5 › D4 TreeSelect searching retains the full linked selection model 
    [desktop-webkit] › e2e/dnd-splitter.spec.ts:133:7 › QG2 中文 DnD fixture › exposes same-list keyboard sorting, counts, status, and live region 
    [desktop-webkit] › e2e/dnd-splitter.spec.ts:148:7 › QG2 中文 DnD fixture › sorts from a focused handle with Alt+Arrow and restores focus to that handle 
    [desktop-webkit] › e2e/dnd-splitter.spec.ts:160:7 › QG2 中文 DnD fixture › moves a focused handle across compatible lists with Alt+Arrow and announces the destination 
    [desktop-webkit] › e2e/dnd-splitter.spec.ts:176:7 › QG2 中文 DnD fixture › uses an accessible deep-blue color for DnD status text without changing the handle focus color 
    [desktop-webkit] › e2e/dnd-splitter.spec.ts:183:7 › QG2 中文 DnD fixture › reorders a list once with a real pointer drag 
    [desktop-webkit] › e2e/dnd-splitter.spec.ts:192:7 › QG2 中文 DnD fixture › keeps legacy desktop whole-item native dragging without handleProps 
    [desktop-webkit] › e2e/dnd-splitter.spec.ts:202:7 › QG2 中文 DnD fixture › reorders from a trusted Chromium touch sequence on the handle 
    [desktop-webkit] › e2e/dnd-splitter.spec.ts:238:7 › QG2 中文 DnD fixture › naturally scrolls from trusted Chromium touch input on item content without sorting 
    [desktop-webkit] › e2e/dnd-splitter.spec.ts:268:7 › QG2 中文 DnD fixture › runs the touch handle state machine with scripted PointerEvents in mobile WebKit 
    [desktop-webkit] › e2e/dnd-splitter.spec.ts:301:7 › QG2 中文 DnD fixture › moves across lists and accepts an empty destination with a real pointer drag 
    [desktop-webkit] › e2e/dnd-splitter.spec.ts:323:7 › QG2 中文 DnD fixture › moves a trusted Chromium touch handle across a non-empty list and then into an empty list exactly once per list 
    [desktop-webkit] › e2e/dnd-splitter.spec.ts:364:7 › QG2 中文 DnD fixture › keeps disabled and rejected destinations unchanged 
    [desktop-webkit] › e2e/dnd-splitter.spec.ts:399:7 › QG2 中文 DnD fixture › rejects trusted Chromium touch moves to disabled and different-group lists without leaving drag UI behind 
    [desktop-webkit] › e2e/dnd-splitter.spec.ts:444:7 › QG2 中文 DnD fixture › keeps the mobile workbench readable and its states explicit 
    [desktop-webkit] › e2e/dnd-splitter.spec.ts:462:7 › QG2 中文 DnD fixture › keeps item content scrollable during scripted touch events in mobile WebKit while only the handle disables touch gestures 
    [desktop-webkit] › e2e/dnd-splitter.spec.ts:526:7 › QG2 中文 DnD fixture › auto-scrolls a nested region and cancels without moving 
    [desktop-webkit] › e2e/dnd-splitter.spec.ts:549:7 › QG2 中文 DnD fixture › hands auto-scroll from an exhausted inner region to its outer ancestor 
    [desktop-webkit] › e2e/dnd-splitter.spec.ts:573:7 › QG2 中文 DnD fixture › unmounts and remounts without stale drag state 
    [desktop-webkit] › e2e/dnd-splitter.spec.ts:606:7 › QG2 中文 Splitter fixture › renders horizontal, vertical, and three-panel splitters with state output 
    [desktop-webkit] › e2e/dnd-splitter.spec.ts:664:7 › QG2 中文 Splitter fixture › enforces percentage bounds and recomputes them after container resize 
    [desktop-webkit] › e2e/dnd-splitter.spec.ts:687:7 › QG2 中文 Splitter fixture › keeps lazy values unchanged while dragging and commits on pointerup 
    [desktop-webkit] › e2e/dnd-splitter.spec.ts:712:7 › QG2 中文 Splitter fixture › commits lazy values after a trusted Chromium touch sequence 
    [desktop-webkit] › e2e/dnd-splitter.spec.ts:747:7 › QG2 中文 Splitter fixture › runs the lazy touch state machine with scripted PointerEvents in mobile WebKit 
    [desktop-webkit] › e2e/dnd-splitter.spec.ts:780:7 › QG2 中文 Splitter fixture › drags across the iframe and restores the document after pointerup 
    [desktop-webkit] › e2e/dnd-splitter.spec.ts:802:7 › QG2 中文 Splitter fixture › cleans up on pointercancel and commits a subsequent pointer drag 
    [desktop-webkit] › e2e/dnd-splitter.spec.ts:836:7 › QG2 中文 Splitter fixture › cancels on window blur and cleans up when unmounted during a resize 
    [desktop-webkit] › e2e/dnd-splitter.spec.ts:860:7 › QG2 中文 Splitter fixture › cleans global drag state when navigating between Splitter and DnD 
    [desktop-webkit] › e2e/dnd-splitter.spec.ts:898:7 › QG2 中文 Splitter fixture › navigates between DnD and Splitter through the real sidebar without runtime errors 
    [desktop-webkit] › e2e/dnd-splitter.spec.ts:920:7 › QG2 中文 Splitter fixture › updates from external InputNumber and keeps a visible iframe in the splitter 
    [desktop-webkit] › e2e/dnd-splitter.spec.ts:930:7 › QG2 中文 Splitter fixture › clamps mobile external sizes to the measured splitter container 
    [desktop-webkit] › e2e/dnd-splitter.spec.ts:963:7 › QG2 中文 Splitter fixture › renders the panel API table and keeps mobile controlled sizes inside the fixture 
    [desktop-webkit] › e2e/dnd-splitter.spec.ts:973:7 › QG2 中文 Splitter fixture › cleans up and remounts the splitter demos 
    [desktop-webkit] › e2e/form-engine.spec.ts:3:5 › account form validates dependencies and recovers from server field errors 
    [mobile-webkit] › e2e/cross-browser-production.spec.ts:58:3 › QG5 production cross-browser gates › production assets load and interactive routes hydrate without runtime errors 
    [mobile-webkit] › e2e/cross-browser-production.spec.ts:71:3 › QG5 production cross-browser gates › Floating UI remains visible after scrolling, resizing, and edge adjustment 
    [mobile-webkit] › e2e/cross-browser-production.spec.ts:90:3 › QG5 production cross-browser gates › Teleport overlays close cleanly and restore focus 
    [mobile-webkit] › e2e/cross-browser-production.spec.ts:108:3 › QG5 production cross-browser gates › mobile production surfaces stay within the viewport 
    [mobile-webkit] › e2e/cross-browser-r1.spec.ts:62:7 › QG5 R1 production cross-browser smoke › Form completes async validation, correction, and reset 
    [mobile-webkit] › e2e/cross-browser-r1.spec.ts:80:7 › QG5 R1 production cross-browser smoke › Select selects, clears multiple values, and closes by keyboard 
    [mobile-webkit] › e2e/cross-browser-r1.spec.ts:104:7 › QG5 R1 production cross-browser smoke › DatePicker commits a date-time draft and cancels a later edit 
    [mobile-webkit] › e2e/cross-browser-r1.spec.ts:123:7 › QG5 R1 production cross-browser smoke › Table sorts, selects, expands, and paginates records 
    [mobile-webkit] › e2e/cross-browser-r1.spec.ts:141:7 › QG5 R1 production cross-browser smoke › Upload reports progress, recovers a failure, and enforces disabled state 
    [mobile-webkit] › e2e/cross-browser-r1.spec.ts:164:7 › QG5 R1 production cross-browser smoke › Modal opens, cancels by keyboard, and restores its trigger 
    [mobile-webkit] › e2e/cross-browser-r1.spec.ts:179:7 › QG5 R1 production cross-browser smoke › nested overlays close topmost-first and keep scroll and focus ownership 
    [mobile-webkit] › e2e/cross-browser-r1.spec.ts:230:7 › QG5 R1 production cross-browser smoke › DnD sorts by keyboard and Splitter resizes by keyboard 
    [mobile-webkit] › e2e/cross-browser-r1.spec.ts:251:7 › QG5 R1 production cross-browser smoke › AI Workbench retries a task, completes approval, and previews an artifact 
    [mobile-webkit] › e2e/d4-iframe.spec.ts:80:7 › same-origin iframe Select focus, Escape restore, and SPA unmount cleanup 
    [mobile-webkit] › e2e/d4-iframe.spec.ts:80:7 › same-origin iframe TreeSelect focus, Escape restore, and SPA unmount cleanup 
    [mobile-webkit] › e2e/d4-iframe.spec.ts:80:7 › same-origin iframe Cascader focus, Escape restore, and SPA unmount cleanup 
    [mobile-webkit] › e2e/d4-select-virtual.spec.ts:15:5 › Select virtual tail, disabled navigation, dynamic height and scroll anchoring 
    [mobile-webkit] › e2e/d4-select-virtual.spec.ts:88:5 › Select virtual uses iframe realm and disposes after SPA unmount 
    [mobile-webkit] › e2e/d4-selection.spec.ts:3:5 › D4 Tree linked checks expose mixed state and lazy failure retry 
    [mobile-webkit] › e2e/d4-selection.spec.ts:25:5 › D4 TreeSelect searching retains the full linked selection model 
    [mobile-webkit] › e2e/dnd-splitter.spec.ts:133:7 › QG2 中文 DnD fixture › exposes same-list keyboard sorting, counts, status, and live region 
    [mobile-webkit] › e2e/dnd-splitter.spec.ts:148:7 › QG2 中文 DnD fixture › sorts from a focused handle with Alt+Arrow and restores focus to that handle 
    [mobile-webkit] › e2e/dnd-splitter.spec.ts:160:7 › QG2 中文 DnD fixture › moves a focused handle across compatible lists with Alt+Arrow and announces the destination 
    [mobile-webkit] › e2e/dnd-splitter.spec.ts:176:7 › QG2 中文 DnD fixture › uses an accessible deep-blue color for DnD status text without changing the handle focus color 
    [mobile-webkit] › e2e/dnd-splitter.spec.ts:183:7 › QG2 中文 DnD fixture › reorders a list once with a real pointer drag 
    [mobile-webkit] › e2e/dnd-splitter.spec.ts:192:7 › QG2 中文 DnD fixture › keeps legacy desktop whole-item native dragging without handleProps 
    [mobile-webkit] › e2e/dnd-splitter.spec.ts:202:7 › QG2 中文 DnD fixture › reorders from a trusted Chromium touch sequence on the handle 
    [mobile-webkit] › e2e/dnd-splitter.spec.ts:238:7 › QG2 中文 DnD fixture › naturally scrolls from trusted Chromium touch input on item content without sorting 
    [mobile-webkit] › e2e/dnd-splitter.spec.ts:268:7 › QG2 中文 DnD fixture › runs the touch handle state machine with scripted PointerEvents in mobile WebKit 
    [mobile-webkit] › e2e/dnd-splitter.spec.ts:301:7 › QG2 中文 DnD fixture › moves across lists and accepts an empty destination with a real pointer drag 
    [mobile-webkit] › e2e/dnd-splitter.spec.ts:323:7 › QG2 中文 DnD fixture › moves a trusted Chromium touch handle across a non-empty list and then into an empty list exactly once per list 
    [mobile-webkit] › e2e/dnd-splitter.spec.ts:364:7 › QG2 中文 DnD fixture › keeps disabled and rejected destinations unchanged 
    [mobile-webkit] › e2e/dnd-splitter.spec.ts:399:7 › QG2 中文 DnD fixture › rejects trusted Chromium touch moves to disabled and different-group lists without leaving drag UI behind 
    [mobile-webkit] › e2e/dnd-splitter.spec.ts:444:7 › QG2 中文 DnD fixture › keeps the mobile workbench readable and its states explicit 
    [mobile-webkit] › e2e/dnd-splitter.spec.ts:462:7 › QG2 中文 DnD fixture › keeps item content scrollable during scripted touch events in mobile WebKit while only the handle disables touch gestures 
    [mobile-webkit] › e2e/dnd-splitter.spec.ts:526:7 › QG2 中文 DnD fixture › auto-scrolls a nested region and cancels without moving 
    [mobile-webkit] › e2e/dnd-splitter.spec.ts:549:7 › QG2 中文 DnD fixture › hands auto-scroll from an exhausted inner region to its outer ancestor 
    [mobile-webkit] › e2e/dnd-splitter.spec.ts:573:7 › QG2 中文 DnD fixture › unmounts and remounts without stale drag state 
    [mobile-webkit] › e2e/dnd-splitter.spec.ts:606:7 › QG2 中文 Splitter fixture › renders horizontal, vertical, and three-panel splitters with state output 
    [mobile-webkit] › e2e/dnd-splitter.spec.ts:664:7 › QG2 中文 Splitter fixture › enforces percentage bounds and recomputes them after container resize 
    [mobile-webkit] › e2e/dnd-splitter.spec.ts:687:7 › QG2 中文 Splitter fixture › keeps lazy values unchanged while dragging and commits on pointerup 
    [mobile-webkit] › e2e/dnd-splitter.spec.ts:712:7 › QG2 中文 Splitter fixture › commits lazy values after a trusted Chromium touch sequence 
    [mobile-webkit] › e2e/dnd-splitter.spec.ts:747:7 › QG2 中文 Splitter fixture › runs the lazy touch state machine with scripted PointerEvents in mobile WebKit 
    [mobile-webkit] › e2e/dnd-splitter.spec.ts:780:7 › QG2 中文 Splitter fixture › drags across the iframe and restores the document after pointerup 
    [mobile-webkit] › e2e/dnd-splitter.spec.ts:802:7 › QG2 中文 Splitter fixture › cleans up on pointercancel and commits a subsequent pointer drag 
    [mobile-webkit] › e2e/dnd-splitter.spec.ts:836:7 › QG2 中文 Splitter fixture › cancels on window blur and cleans up when unmounted during a resize 
    [mobile-webkit] › e2e/dnd-splitter.spec.ts:860:7 › QG2 中文 Splitter fixture › cleans global drag state when navigating between Splitter and DnD 
    [mobile-webkit] › e2e/dnd-splitter.spec.ts:898:7 › QG2 中文 Splitter fixture › navigates between DnD and Splitter through the real sidebar without runtime errors 
    [mobile-webkit] › e2e/dnd-splitter.spec.ts:920:7 › QG2 中文 Splitter fixture › updates from external InputNumber and keeps a visible iframe in the splitter 
    [mobile-webkit] › e2e/dnd-splitter.spec.ts:930:7 › QG2 中文 Splitter fixture › clamps mobile external sizes to the measured splitter container 
    [mobile-webkit] › e2e/dnd-splitter.spec.ts:963:7 › QG2 中文 Splitter fixture › renders the panel API table and keeps mobile controlled sizes inside the fixture 
    [mobile-webkit] › e2e/dnd-splitter.spec.ts:973:7 › QG2 中文 Splitter fixture › cleans up and remounts the splitter demos 
    [mobile-webkit] › e2e/form-engine.spec.ts:3:5 › account form validates dependencies and recovers from server field errors 
  106 skipped
  376 passed (7.1m)
